position,variable,label,definition,literal_question,documented_codes,observed_value_counts,special_missing_codes_present,raw_inferred_type,observed_unique_count,valid_count,missing_count,missing_pct,missingness_band,primary_category,tags,variable_origin,model1_status,model1_available_pre_outcome,model1_leakage_risk,model1_leakage_basis,model1_reason,model2_status,model2_available_pre_outcome,model2_leakage_risk,model2_leakage_basis,model2_reason,codebook_variable,codebook_pages,source_url
1,year,Survey year,Survey data-collection year represented by this extract; the observed value is 2024.,,[],"{""2024"": 1051}",,integer,1,1051,0,0.0,NONE,METADATA,METADATA;LOW_VARIANCE;EXCLUDED,FILE_METADATA,EXCLUDE_METADATA,NO,NONE,Not a substantive predictor.,"Survey/economy metadata or weight, not an individual predictor.",EXCLUDE_METADATA,NO,NONE,Not a substantive predictor.,"Survey/economy metadata or weight, not an individual predictor.",,,https://microdata.worldbank.org/catalog/7900/variable/F1/V1?name=year
2,economy,Economy,Name of the economy,,[],"{""Eswatini"": 1051}",,string,1,1051,0,0.0,NONE,METADATA,METADATA;LOW_VARIANCE;EXCLUDED,FILE_METADATA,EXCLUDE_METADATA,NO,NONE,Not a substantive predictor.,"Survey/economy metadata or weight, not an individual predictor.",EXCLUDE_METADATA,NO,NONE,Not a substantive predictor.,"Survey/economy metadata or weight, not an individual predictor.",economy,2,https://microdata.worldbank.org/catalog/7900/variable/F1/V2?name=economy
3,economycode,Economy code,International Standards Organization (ISO) 3-digit alphabetic code for each economy,,[],"{""SWZ"": 1051}",,string,1,1051,0,0.0,NONE,METADATA,METADATA;LOW_VARIANCE;EXCLUDED,FILE_METADATA,EXCLUDE_METADATA,NO,NONE,Not a substantive predictor.,"Survey/economy metadata or weight, not an individual predictor.",EXCLUDE_METADATA,NO,NONE,Not a substantive predictor.,"Survey/economy metadata or weight, not an individual predictor.",economycode,2,https://microdata.worldbank.org/catalog/7900/variable/F1/V3?name=economycode
4,regionwb,Regional code,World Bank regional classifications (2024)East Asia & Pacific (excluding high income) Europe & Central Asia (excluding high income) High income Latin America & Caribbean (excluding high income) Middle East & North Africa (excluding high income) South Asia Sub-Saharan Africa (excluding high income) Note: High income based on GNI per capita data from 2024. See more here,,[],"{""Sub-Saharan Africa (excluding high income)"": 1051}",,string,1,1051,0,0.0,NONE,METADATA,METADATA;LOW_VARIANCE;EXCLUDED,FILE_METADATA,EXCLUDE_METADATA,NO,NONE,Not a substantive predictor.,"Survey/economy metadata or weight, not an individual predictor.",EXCLUDE_METADATA,NO,NONE,Not a substantive predictor.,"Survey/economy metadata or weight, not an individual predictor.",regionwb,2,https://microdata.worldbank.org/catalog/7900/variable/F1/V4?name=regionwb
5,pop_adult,"Population 15+, 2023, WDI",Adult (15+) population using 2023 World Development Indicators (WDI),,[],"{""816208"": 1051}",,integer,1,1051,0,0.0,NONE,METADATA,METADATA;LOW_VARIANCE;EXCLUDED,FILE_METADATA,EXCLUDE_METADATA,NO,NONE,Not a substantive predictor.,"Survey/economy metadata or weight, not an individual predictor.",EXCLUDE_METADATA,NO,NONE,Not a substantive predictor.,"Survey/economy metadata or weight, not an individual predictor.",pop_adult,2,https://microdata.worldbank.org/catalog/7900/variable/F1/V5?name=pop_adult
6,wpid_random,Gallup World Poll identifier,Individual-level identifier to merge with Gallup World Poll data,,[],"{""111280854"": 1, ""111423402"": 1, ""111475462"": 1, ""111543232"": 1, ""111543245"": 1, ""111561811"": 1, ""111583667"": 1, ""111763308"": 1, ""111883264"": 1, ""111924001"": 1, ""112011172"": 1, ""112022288"": 1, ""112085801"": 1, ""112238294"": 1, ""112251306"": 1, ""112423344"": 1, ""112629902"": 1, ""112715084"": 1, ""112741994"": 1, ""112954170"": 1, ""112960068"": 1, ""113051944"": 1, ""113179686"": 1, ""113366877"": 1, ""113514590"": 1, ""113636198"": 1, ""113711821"": 1, ""113756021"": 1, ""113795778"": 1, ""113883718"": 1, ""114181535"": 1, ""114245867"": 1, ""114255194"": 1, ""114322448"": 1, ""114364217"": 1, ""114430835"": 1, ""114546550"": 1, ""114743681"": 1, ""114784795"": 1, ""114799122"": 1, ""115094389"": 1, ""115189212"": 1, ""115275910"": 1, ""115302114"": 1, ""115536084"": 1, ""115537800"": 1, ""115679745"": 1, ""115766437"": 1, ""115900396"": 1, ""115909063"": 1, ""115922317"": 1, ""116041800"": 1, ""116121071"": 1, ""116567176"": 1, ""116582247"": 1, ""116587231"": 1, ""116872167"": 1, ""116926947"": 1, ""116962704"": 1, ""116980850"": 1, ""116992725"": 1, ""117065493"": 1, ""117195356"": 1, ""117241539"": 1, ""117252477"": 1, ""117272849"": 1, ""117420116"": 1, ""117554519"": 1, ""117592948"": 1, ""117597935"": 1, ""117733561"": 1, ""117796455"": 1, ""117801722"": 1, ""118196580"": 1, ""118222841"": 1, ""118481176"": 1, ""118662599"": 1, ""118714492"": 1, ""118778725"": 1, ""118827218"": 1, ""119021796"": 1, ""119092461"": 1, ""119306840"": 1, ""119486157"": 1, ""119495712"": 1, ""119621966"": 1, ""119655183"": 1, ""119838274"": 1, ""119843623"": 1, ""119885760"": 1, ""120111356"": 1, ""120250088"": 1, ""120587765"": 1, ""120614397"": 1, ""120687736"": 1, ""120853052"": 1, ""121116502"": 1, ""121418831"": 1, ""121444909"": 1, ""121484030"": 1, ""121538098"": 1, ""121863441"": 1, ""121881963"": 1, ""121901579"": 1, ""121913569"": 1, ""122009434"": 1, ""122040673"": 1, ""122173379"": 1, ""122180695"": 1, ""122572714"": 1, ""122667102"": 1, ""122924817"": 1, ""123017428"": 1, ""123093216"": 1, ""123132991"": 1, ""123138308"": 1, ""123263754"": 1, ""123337217"": 1, ""123641893"": 1, ""123714221"": 1, ""123774875"": 1, ""124058298"": 1, ""124076006"": 1, ""124103876"": 1, ""124138125"": 1, ""124158050"": 1, ""124159050"": 1, ""124470516"": 1, ""124589502"": 1, ""124904342"": 1, ""125016401"": 1, ""125142182"": 1, ""125251906"": 1, ""125344901"": 1, ""125401857"": 1, ""125456610"": 1, ""125625494"": 1, ""125717712"": 1, ""125732961"": 1, ""125742092"": 1, ""125743721"": 1, ""125745833"": 1, ""125759567"": 1, ""125771800"": 1, ""125782804"": 1, ""125826340"": 1, ""126011427"": 1, ""126198947"": 1, ""126259318"": 1, ""126403997"": 1, ""126420145"": 1, ""126431641"": 1, ""126530867"": 1, ""127072063"": 1, ""127196596"": 1, ""127495866"": 1, ""127510764"": 1, ""127575716"": 1, ""127630230"": 1, ""127662266"": 1, ""127664468"": 1, ""127672746"": 1, ""127776792"": 1, ""127792098"": 1, ""127810179"": 1, ""127828477"": 1, ""127858325"": 1, ""127930686"": 1, ""128074677"": 1, ""128117315"": 1, ""128150220"": 1, ""128344383"": 1, ""128598823"": 1, ""128663601"": 1, ""128748679"": 1, ""128800974"": 1, ""128972224"": 1, ""129043418"": 1, ""129046328"": 1, ""129069142"": 1, ""129311228"": 1, ""129363423"": 1, ""129379973"": 1, ""129532458"": 1, ""129581015"": 1, ""129729204"": 1, ""129820434"": 1, ""129920090"": 1, ""129926695"": 1, ""130015688"": 1, ""130072468"": 1, ""130361169"": 1, ""130370879"": 1, ""130380101"": 1, ""130443909"": 1, ""130532365"": 1, ""130679623"": 1, ""130755747"": 1, ""130902443"": 1, ""131059041"": 1, ""131262908"": 1, ""131305904"": 1, ""131373573"": 1, ""131398480"": 1, ""131449332"": 1, ""131605380"": 1, ""131607517"": 1, ""131620287"": 1, ""131621082"": 1, ""131647747"": 1, ""131679978"": 1, ""131757355"": 1, ""131924716"": 1, ""131952994"": 1, ""132033830"": 1, ""132259488"": 1, ""132319750"": 1, ""132354600"": 1, ""132377310"": 1, ""132504810"": 1, ""132507788"": 1, ""132521281"": 1, ""132677477"": 1, ""132722259"": 1, ""132764648"": 1, ""132819318"": 1, ""132858421"": 1, ""132935424"": 1, ""133105689"": 1, ""133127264"": 1, ""133192886"": 1, ""133292710"": 1, ""133473559"": 1, ""133493436"": 1, ""133553136"": 1, ""133824037"": 1, ""134003444"": 1, ""134131888"": 1, ""134244111"": 1, ""134268458"": 1, ""134276178"": 1, ""134280770"": 1, ""134313915"": 1, ""134343873"": 1, ""134436526"": 1, ""134667024"": 1, ""134782366"": 1, ""135013249"": 1, ""135363289"": 1, ""135407449"": 1, ""135467198"": 1, ""135508098"": 1, ""135590389"": 1, ""135624331"": 1, ""135722960"": 1, ""135810332"": 1, ""135865576"": 1, ""136087471"": 1, ""136093649"": 1, ""136106607"": 1, ""136228306"": 1, ""136266314"": 1, ""136290895"": 1, ""136299503"": 1, ""136323141"": 1, ""136421958"": 1, ""136465217"": 1, ""136552374"": 1, ""136574777"": 1, ""136632671"": 1, ""136708257"": 1, ""136727066"": 1, ""136851895"": 1, ""136856156"": 1, ""137016444"": 1, ""137025073"": 1, ""137090812"": 1, ""137317006"": 1, ""137341401"": 1, ""137389673"": 1, ""137668317"": 1, ""137782928"": 1, ""137827244"": 1, ""137880659"": 1, ""138111395"": 1, ""138150792"": 1, ""138255133"": 1, ""138711497"": 1, ""138751194"": 1, ""138789070"": 1, ""138850315"": 1, ""139037085"": 1, ""139293861"": 1, ""139424114"": 1, ""139459898"": 1, ""139494193"": 1, ""139549295"": 1, ""139583967"": 1, ""139619669"": 1, ""139673219"": 1, ""139673557"": 1, ""139779861"": 1, ""139782691"": 1, ""139860067"": 1, ""139882070"": 1, ""140038340"": 1, ""140132499"": 1, ""140220458"": 1, ""140221179"": 1, ""140274598"": 1, ""140488006"": 1, ""140661197"": 1, ""140880502"": 1, ""141081237"": 1, ""141126839"": 1, ""141129175"": 1, ""141132167"": 1, ""141146725"": 1, ""141573358"": 1, ""141615468"": 1, ""141631644"": 1, ""141675087"": 1, ""141729861"": 1, ""141967691"": 1, ""142110056"": 1, ""142308953"": 1, ""142383882"": 1, ""142409261"": 1, ""142502833"": 1, ""142585484"": 1, ""142594392"": 1, ""142655965"": 1, ""142775836"": 1, ""142818091"": 1, ""142911532"": 1, ""142920749"": 1, ""143097411"": 1, ""143156248"": 1, ""143240319"": 1, ""143450449"": 1, ""143727340"": 1, ""143773899"": 1, ""143882034"": 1, ""143959553"": 1, ""144031967"": 1, ""144491994"": 1, ""144669799"": 1, ""144903235"": 1, ""144975934"": 1, ""145334779"": 1, ""145355161"": 1, ""145383006"": 1, ""145548882"": 1, ""145586322"": 1, ""146228667"": 1, ""146276404"": 1, ""146869972"": 1, ""147347079"": 1, ""147473854"": 1, ""147565828"": 1, ""147707444"": 1, ""147783148"": 1, ""147958450"": 1, ""148207765"": 1, ""148411435"": 1, ""148432853"": 1, ""148476879"": 1, ""148634077"": 1, ""148813263"": 1, ""148858635"": 1, ""148900970"": 1, ""148905416"": 1, ""148938383"": 1, ""148947051"": 1, ""149027657"": 1, ""149057583"": 1, ""149073104"": 1, ""149117175"": 1, ""149118320"": 1, ""149269219"": 1, ""149271969"": 1, ""149291560"": 1, ""149357540"": 1, ""149389450"": 1, ""149439330"": 1, ""149542553"": 1, ""149570273"": 1, ""149809929"": 1, ""149985775"": 1, ""150067809"": 1, ""150128160"": 1, ""150231343"": 1, ""150251620"": 1, ""150288179"": 1, ""150299916"": 1, ""150386671"": 1, ""150445533"": 1, ""150513589"": 1, ""150669166"": 1, ""150707364"": 1, ""150823555"": 1, ""150847868"": 1, ""150884368"": 1, ""151165197"": 1, ""151203992"": 1, ""151241911"": 1, ""151321925"": 1, ""151380852"": 1, ""151381049"": 1, ""151426423"": 1, ""151466887"": 1, ""151512749"": 1, ""151540158"": 1, ""151730519"": 1, ""151873510"": 1, ""151952433"": 1, ""151958053"": 1, ""152014488"": 1, ""152058173"": 1, ""152189319"": 1, ""152230891"": 1, ""152240703"": 1, ""152256196"": 1, ""152294765"": 1, ""152731537"": 1, ""152833089"": 1, ""152902615"": 1, ""152945524"": 1, ""152955815"": 1, ""152965845"": 1, ""153003397"": 1, ""153198647"": 1, ""153259983"": 1, ""153466144"": 1, ""153516137"": 1, ""153524401"": 1, ""153544802"": 1, ""153709839"": 1, ""153819448"": 1, ""153826014"": 1, ""153887161"": 1, ""153931613"": 1, ""153968610"": 1, ""154310217"": 1, ""154345747"": 1, ""154606084"": 1, ""154610714"": 1, ""154677095"": 1, ""154807079"": 1, ""154886498"": 1, ""154928417"": 1, ""154980823"": 1, ""154998385"": 1, ""155127808"": 1, ""155251133"": 1, ""155460764"": 1, ""155820651"": 1, ""156032093"": 1, ""156074343"": 1, ""156225062"": 1, ""156306582"": 1, ""156306904"": 1, ""156396179"": 1, ""156505634"": 1, ""156591760"": 1, ""156883399"": 1, ""157045510"": 1, ""157062118"": 1, ""157085304"": 1, ""157349897"": 1, ""157383234"": 1, ""157467045"": 1, ""157524461"": 1, ""157645558"": 1, ""157831705"": 1, ""157854662"": 1, ""157959827"": 1, ""157999282"": 1, ""158094501"": 1, ""158223321"": 1, ""158228436"": 1, ""158241364"": 1, ""158254583"": 1, ""158589246"": 1, ""158649500"": 1, ""158661825"": 1, ""158684407"": 1, ""158804032"": 1, ""158823176"": 1, ""159085794"": 1, ""159158888"": 1, ""159504971"": 1, ""159706700"": 1, ""159724003"": 1, ""159764467"": 1, ""159810644"": 1, ""159952633"": 1, ""160052653"": 1, ""160238086"": 1, ""160433431"": 1, ""160488986"": 1, ""160558927"": 1, ""160684798"": 1, ""160688336"": 1, ""160786881"": 1, ""160830992"": 1, ""160910223"": 1, ""160922743"": 1, ""160944093"": 1, ""161019905"": 1, ""161053601"": 1, ""161125833"": 1, ""161205871"": 1, ""161237759"": 1, ""161389083"": 1, ""161420376"": 1, ""161470621"": 1, ""161506538"": 1, ""161543851"": 1, ""161566869"": 1, ""161609999"": 1, ""161686246"": 1, ""161762100"": 1, ""161797751"": 1, ""162084431"": 1, ""162145372"": 1, ""162227003"": 1, ""162239762"": 1, ""162335942"": 1, ""162368812"": 1, ""162538584"": 1, ""162551316"": 1, ""162620306"": 1, ""162742785"": 1, ""162933240"": 1, ""163254013"": 1, ""163297888"": 1, ""163587662"": 1, ""163772946"": 1, ""163812545"": 1, ""163838488"": 1, ""163939726"": 1, ""163960938"": 1, ""163990536"": 1, ""164000077"": 1, ""164095677"": 1, ""164148521"": 1, ""164157708"": 1, ""164177562"": 1, ""164376124"": 1, ""164380099"": 1, ""164478648"": 1, ""164573347"": 1, ""164887581"": 1, ""164905372"": 1, ""165044934"": 1, ""165078026"": 1, ""165094902"": 1, ""165139560"": 1, ""165184348"": 1, ""165271382"": 1, ""165502480"": 1, ""165509318"": 1, ""165587966"": 1, ""165633762"": 1, ""165736725"": 1, ""165806870"": 1, ""165814070"": 1, ""165823631"": 1, ""165906993"": 1, ""165913324"": 1, ""166037545"": 1, ""166173308"": 1, ""166361675"": 1, ""166507156"": 1, ""166717902"": 1, ""166905031"": 1, ""166938984"": 1, ""167241091"": 1, ""167368280"": 1, ""167410912"": 1, ""167440207"": 1, ""167766389"": 1, ""168080736"": 1, ""168092215"": 1, ""168303463"": 1, ""168344350"": 1, ""168402056"": 1, ""168404034"": 1, ""168477560"": 1, ""168671221"": 1, ""168699319"": 1, ""168774209"": 1, ""168868297"": 1, ""168886987"": 1, ""168935873"": 1, ""169124398"": 1, ""169297364"": 1, ""169353183"": 1, ""169404570"": 1, ""169447062"": 1, ""169464968"": 1, ""169477846"": 1, ""169485697"": 1, ""169534488"": 1, ""169576215"": 1, ""169706037"": 1, ""169738294"": 1, ""169752614"": 1, ""169815020"": 1, ""170106259"": 1, ""170254228"": 1, ""170261012"": 1, ""170316902"": 1, ""170317642"": 1, ""170651863"": 1, ""170669082"": 1, ""170956681"": 1, ""170969779"": 1, ""170999944"": 1, ""171298013"": 1, ""171624162"": 1, ""171719907"": 1, ""172183829"": 1, ""172341197"": 1, ""172381164"": 1, ""172518459"": 1, ""172619770"": 1, ""172710495"": 1, ""172732355"": 1, ""172827424"": 1, ""172880235"": 1, ""172895698"": 1, ""172978643"": 1, ""173147336"": 1, ""173285886"": 1, ""173452731"": 1, ""173723736"": 1, ""173751916"": 1, ""173842428"": 1, ""173878656"": 1, ""173917367"": 1, ""173992999"": 1, ""174003213"": 1, ""174028924"": 1, ""174069607"": 1, ""174080116"": 1, ""174081160"": 1, ""174117640"": 1, ""174139670"": 1, ""174174160"": 1, ""174179749"": 1, ""174521747"": 1, ""174685613"": 1, ""174710663"": 1, ""174792848"": 1, ""174870213"": 1, ""175219828"": 1, ""175293831"": 1, ""175307413"": 1, ""175332883"": 1, ""175338208"": 1, ""175476600"": 1, ""175558950"": 1, ""175677392"": 1, ""175692938"": 1, ""175727022"": 1, ""175744765"": 1, ""175813952"": 1, ""175852522"": 1, ""176044875"": 1, ""176383149"": 1, ""176412348"": 1, ""176556602"": 1, ""176658322"": 1, ""176761754"": 1, ""176811673"": 1, ""176942023"": 1, ""176943485"": 1, ""177057060"": 1, ""177115690"": 1, ""177152908"": 1, ""177260563"": 1, ""177421623"": 1, ""177723258"": 1, ""177750877"": 1, ""177829906"": 1, ""177881405"": 1, ""177888839"": 1, ""177930654"": 1, ""177935411"": 1, ""177942953"": 1, ""178027283"": 1, ""178080476"": 1, ""178781236"": 1, ""178786827"": 1, ""178863813"": 1, ""178902087"": 1, ""178911980"": 1, ""179259305"": 1, ""179259994"": 1, ""179295324"": 1, ""179300759"": 1, ""179442172"": 1, ""179536126"": 1, ""179626756"": 1, ""179690894"": 1, ""179730547"": 1, ""179733413"": 1, ""179782332"": 1, ""179903557"": 1, ""179922217"": 1, ""180055913"": 1, ""180166289"": 1, ""180332415"": 1, ""180379396"": 1, ""180465175"": 1, ""180585706"": 1, ""180622973"": 1, ""180800165"": 1, ""180829743"": 1, ""181084539"": 1, ""181093293"": 1, ""181203292"": 1, ""181217487"": 1, ""181264580"": 1, ""181323435"": 1, ""181460748"": 1, ""181462603"": 1, ""181544309"": 1, ""181598035"": 1, ""181726211"": 1, ""181775486"": 1, ""181820555"": 1, ""181848662"": 1, ""182004293"": 1, ""182182242"": 1, ""182250288"": 1, ""182483101"": 1, ""182552474"": 1, ""182563203"": 1, ""182604133"": 1, ""182672386"": 1, ""182687141"": 1, ""182807587"": 1, ""182986126"": 1, ""183100341"": 1, ""183130866"": 1, ""183140550"": 1, ""183262270"": 1, ""183347675"": 1, ""183412198"": 1, ""183466481"": 1, ""183525092"": 1, ""183632979"": 1, ""183637163"": 1, ""183748119"": 1, ""183835873"": 1, ""183917543"": 1, ""183989898"": 1, ""184155238"": 1, ""184221615"": 1, ""184290445"": 1, ""184572143"": 1, ""184602093"": 1, ""184623287"": 1, ""184687140"": 1, ""184692757"": 1, ""184732048"": 1, ""184912287"": 1, ""184931632"": 1, ""184946255"": 1, ""184951511"": 1, ""185084288"": 1, ""185176592"": 1, ""185214154"": 1, ""185413959"": 1, ""185419081"": 1, ""185548991"": 1, ""185706499"": 1, ""185796482"": 1, ""185825393"": 1, ""185833818"": 1, ""185884848"": 1, ""185891160"": 1, ""185921148"": 1, ""186072503"": 1, ""186096361"": 1, ""186097063"": 1, ""186157697"": 1, ""186189375"": 1, ""186241984"": 1, ""186373794"": 1, ""186374089"": 1, ""186431561"": 1, ""186547703"": 1, ""186557747"": 1, ""186704328"": 1, ""186843233"": 1, ""186859130"": 1, ""187653393"": 1, ""187811489"": 1, ""187922827"": 1, ""187950105"": 1, ""188079289"": 1, ""188086627"": 1, ""188169630"": 1, ""188330887"": 1, ""188346994"": 1, ""188463819"": 1, ""188497634"": 1, ""188543541"": 1, ""188684893"": 1, ""188775741"": 1, ""188862147"": 1, ""188955942"": 1, ""188957937"": 1, ""189161610"": 1, ""189171510"": 1, ""189360098"": 1, ""189537176"": 1, ""189539958"": 1, ""189592105"": 1, ""189640299"": 1, ""189663162"": 1, ""189708319"": 1, ""189761269"": 1, ""189768219"": 1, ""190095905"": 1, ""190214323"": 1, ""190345337"": 1, ""190459897"": 1, ""190547108"": 1, ""190644480"": 1, ""190832198"": 1, ""190899567"": 1, ""190906445"": 1, ""190910050"": 1, ""191019756"": 1, ""191151414"": 1, ""191257097"": 1, ""191275720"": 1, ""191495928"": 1, ""191526830"": 1, ""191556081"": 1, ""191556171"": 1, ""191812734"": 1, ""191887339"": 1, ""191951929"": 1, ""191958032"": 1, ""192097171"": 1, ""192107265"": 1, ""192110750"": 1, ""192120660"": 1, ""192189471"": 1, ""192323364"": 1, ""192464389"": 1, ""192497719"": 1, ""192551268"": 1, ""192632986"": 1, ""192645141"": 1, ""192813878"": 1, ""192829333"": 1, ""192892735"": 1, ""193033656"": 1, ""193303248"": 1, ""193308292"": 1, ""193380260"": 1, ""193424050"": 1, ""193626142"": 1, ""193693982"": 1, ""193697318"": 1, ""193737978"": 1, ""193852887"": 1, ""193890009"": 1, ""193950414"": 1, ""194152488"": 1, ""194230547"": 1, ""194346892"": 1, ""194379528"": 1, ""194401764"": 1, ""194481819"": 1, ""194844385"": 1, ""195063999"": 1, ""195131922"": 1, ""195213840"": 1, ""195227062"": 1, ""195248924"": 1, ""195492070"": 1, ""195978392"": 1, ""196050300"": 1, ""196071548"": 1, ""196073687"": 1, ""196132600"": 1, ""196164129"": 1, ""196225118"": 1, ""196330011"": 1, ""196490166"": 1, ""196663020"": 1, ""196717891"": 1, ""196788137"": 1, ""196791039"": 1, ""196845891"": 1, ""196870687"": 1, ""196970117"": 1, ""196978194"": 1, ""196981701"": 1, ""197140975"": 1, ""197290725"": 1, ""197458402"": 1, ""197540195"": 1, ""197802547"": 1, ""197997913"": 1, ""198003268"": 1, ""198014779"": 1, ""198100787"": 1, ""198108758"": 1, ""198170479"": 1, ""198175624"": 1, ""198303336"": 1, ""198356504"": 1, ""198384845"": 1, ""198442815"": 1, ""198465591"": 1, ""198482732"": 1, ""198512792"": 1, ""198523624"": 1, ""198538432"": 1, ""198783086"": 1, ""198986624"": 1, ""199061263"": 1, ""199261885"": 1, ""199402210"": 1, ""199774725"": 1, ""200017608"": 1, ""200029928"": 1, ""200205331"": 1, ""200329446"": 1, ""200475328"": 1, ""200497898"": 1, ""200559256"": 1, ""200634993"": 1, ""200836241"": 1, ""200856357"": 1, ""200883655"": 1, ""200971352"": 1, ""201008168"": 1, ""201082980"": 1, ""201157798"": 1, ""201194715"": 1, ""201255847"": 1, ""201398981"": 1, ""201551933"": 1, ""201636193"": 1, ""201735604"": 1, ""201789078"": 1, ""201937805"": 1, ""201986408"": 1, ""202211714"": 1, ""202362997"": 1, ""202530171"": 1, ""202546062"": 1, ""202596673"": 1, ""202655355"": 1, ""202664085"": 1, ""203094185"": 1, ""203134096"": 1, ""203162693"": 1, ""203250057"": 1, ""203306355"": 1, ""203426151"": 1, ""203428974"": 1, ""203462322"": 1, ""203570299"": 1, ""203619602"": 1, ""203691580"": 1, ""203973599"": 1, ""203984008"": 1, ""204128920"": 1, ""204447386"": 1, ""204482678"": 1, ""204630310"": 1, ""204710473"": 1, ""204756643"": 1, ""204881169"": 1, ""204954269"": 1, ""205146728"": 1, ""205153394"": 1, ""205313526"": 1, ""205490466"": 1, ""205583344"": 1, ""205602137"": 1, ""205708849"": 1, ""205921736"": 1, ""205929322"": 1, ""206065526"": 1, ""206079128"": 1, ""206152724"": 1, ""206196484"": 1, ""206209267"": 1, ""206215217"": 1, ""206358902"": 1, ""206383185"": 1, ""206392614"": 1, ""206508444"": 1, ""206830776"": 1, ""207142146"": 1, ""207255158"": 1, ""207401288"": 1, ""207406800"": 1, ""207534900"": 1, ""207536807"": 1, ""207582062"": 1, ""207734260"": 1, ""208214739"": 1, ""208264952"": 1, ""208269590"": 1, ""208271433"": 1, ""208409361"": 1, ""208657899"": 1, ""208720248"": 1, ""208751988"": 1, ""208802211"": 1, ""208823619"": 1, ""208868390"": 1, ""208903672"": 1, ""208944536"": 1, ""208986814"": 1, ""209032239"": 1, ""209056555"": 1, ""209338963"": 1, ""209378371"": 1, ""209474324"": 1, ""209548240"": 1, ""209569017"": 1, ""209577997"": 1, ""209601002"": 1, ""209625704"": 1, ""209904907"": 1, ""209976137"": 1, ""210171450"": 1, ""210523264"": 1, ""210745465"": 1, ""210827804"": 1, ""210847104"": 1, ""210853769"": 1, ""210862602"": 1, ""210926395"": 1, ""210931256"": 1, ""211025865"": 1, ""211101680"": 1}",,integer,1051,1051,0,0.0,NONE,IDENTIFIER,IDENTIFIER;EXCLUDED,FILE_METADATA,EXCLUDE_IDENTIFIER,NO,NONE,Not a substantive predictor.,Unique respondent identifier with no legitimate predictive meaning.,EXCLUDE_IDENTIFIER,NO,NONE,Not a substantive predictor.,Unique respondent identifier with no legitimate predictive meaning.,wpid_random,2,https://microdata.worldbank.org/catalog/7900/variable/F1/V6?name=wpid_random
7,wgt,Weight,Weight assigned to each observation,,[],"{""0.171572469766396"": 53, ""0.171732746009769"": 1, ""0.171854694022326"": 3, ""0.172665289326216"": 1, ""0.173114790984654"": 1, ""0.177070227659289"": 1, ""0.178210074813658"": 1, ""0.180596939739007"": 4, ""0.181816421102707"": 1, ""0.182281931768792"": 1, ""0.182951846080196"": 1, ""0.184375457732788"": 2, ""0.184564935368096"": 1, ""0.18859579418931"": 2, ""0.188906020610746"": 3, ""0.19042627008312"": 2, ""0.190636077485127"": 1, ""0.192976753187971"": 1, ""0.200754368999235"": 1, ""0.201179588072597"": 1, ""0.201523924381864"": 1, ""0.201855416641081"": 3, ""0.203021428904906"": 1, ""0.206289865944068"": 2, ""0.212312858302986"": 1, ""0.213646034405582"": 1, ""0.218393277705452"": 1, ""0.228906832206227"": 2, ""0.22928336736547"": 1, ""0.230300800063429"": 1, ""0.231201161443447"": 3, ""0.234432899966068"": 3, ""0.23501063784614"": 2, ""0.236968337380557"": 2, ""0.237136609410522"": 9, ""0.238778264073571"": 1, ""0.240312709617595"": 2, ""0.242382740431105"": 1, ""0.243042575691722"": 2, ""0.243174792452727"": 2, ""0.243574797373146"": 2, ""0.244356745712909"": 2, ""0.244758694860832"": 2, ""0.244815903466356"": 1, ""0.250956446934335"": 2, ""0.25136925211275"": 1, ""0.252105518933414"": 1, ""0.253212376810693"": 1, ""0.255744657926997"": 2, ""0.25721762706622"": 1, ""0.257876189962675"": 1, ""0.258300377617174"": 2, ""0.259999485736331"": 1, ""0.260665171118613"": 3, ""0.263485121567247"": 1, ""0.264156402211208"": 3, ""0.264737698264985"": 2, ""0.266621014474215"": 1, ""0.267492271698"": 9, ""0.26793227711046"": 6, ""0.267932277110461"": 2, ""0.269505396941406"": 1, ""0.271799875096404"": 1, ""0.273885280468335"": 1, ""0.274306413946229"": 1, ""0.274335801917177"": 1, ""0.274501199872558"": 1, ""0.275553450326449"": 5, ""0.276006715793882"": 2, ""0.27760106099833"": 1, ""0.278533614491762"": 2, ""0.278704019301494"": 1, ""0.281319123719697"": 1, ""0.28904676561784"": 2, ""0.292918126916354"": 2, ""0.294262329474631"": 1, ""0.298488870034405"": 2, ""0.30056150987648"": 1, ""0.301273808515169"": 2, ""0.301737055340852"": 1, ""0.301769382108895"": 3, ""0.303803219614653"": 2, ""0.305001333191731"": 1, ""0.31298868809979"": 2, ""0.320469051608373"": 1, ""0.323406476329687"": 1, ""0.327589916558178"": 1, ""0.328358072252741"": 1, ""0.328979777561758"": 1, ""0.335228104968705"": 1, ""0.335299313454328"": 1, ""0.336100808392344"": 1, ""0.337734429386619"": 6, ""0.340186267892676"": 2, ""0.340638245812937"": 1, ""0.342257891174224"": 1, ""0.343144939473229"": 4, ""0.343709388044652"": 3, ""0.346229581969308"": 1, ""0.346856118741408"": 6, ""0.348398746084015"": 1, ""0.34897183678678"": 1, ""0.351501752299624"": 3, ""0.352227787659783"": 3, ""0.355494685965621"": 1, ""0.355509925670125"": 2, ""0.356420149627316"": 1, ""0.357416902505903"": 1, ""0.358004827422795"": 1, ""0.361877755317934"": 4, ""0.365781069222903"": 1, ""0.365903692160392"": 2, ""0.366231250247173"": 1, ""0.367138042291248"": 1, ""0.369710889231579"": 17, ""0.374662629221303"": 2, ""0.375047659799104"": 2, ""0.376228318427266"": 2, ""0.376847186760837"": 1, ""0.37719158837862"": 1, ""0.377812041221492"": 1, ""0.378546901361359"": 1, ""0.379863636517675"": 1, ""0.380852540166239"": 1, ""0.381272154970254"": 1, ""0.381899320049613"": 1, ""0.383238620692417"": 2, ""0.38582644059933"": 2, ""0.385953506375941"": 1, ""0.386461097148682"": 2, ""0.386814284944012"": 2, ""0.387450566425761"": 3, ""0.391256885156314"": 3, ""0.396022388474796"": 1, ""0.403047848763728"": 2, ""0.403710833282163"": 4, ""0.406042857809812"": 1, ""0.407656138176433"": 1, ""0.40794561619977"": 4, ""0.409509401567589"": 2, ""0.410183014872375"": 2, ""0.412552425779015"": 1, ""0.414010073690822"": 2, ""0.421978685579545"": 3, ""0.424966186681606"": 1, ""0.425665225278369"": 1, ""0.42887723512643"": 1, ""0.429793649937791"": 1, ""0.434142298315584"": 1, ""0.436595139000282"": 1, ""0.441393494211947"": 1, ""0.451341156612055"": 1, ""0.451449721185716"": 1, ""0.464625470930716"": 1, ""0.468595529904245"": 1, ""0.468865206199494"": 1, ""0.470183930207034"": 4, ""0.473936674761114"": 2, ""0.474273218821044"": 6, ""0.480284367656742"": 1, ""0.48062541923519"": 1, ""0.480926991217514"": 1, ""0.481193726574468"": 2, ""0.481534697822268"": 4, ""0.486349584905454"": 1, ""0.488713491425818"": 1, ""0.489517389721664"": 6, ""0.491609550269826"": 2, ""0.493999022899029"": 2, ""0.496475272273261"": 2, ""0.497195314612372"": 2, ""0.497246550010292"": 1, ""0.498299771010073"": 1, ""0.501912893868669"": 1, ""0.50265968999353"": 1, ""0.5027385042255"": 2, ""0.502948970181491"": 2, ""0.509959424017927"": 3, ""0.514717409209843"": 1, ""0.515198238029307"": 1, ""0.515564082066978"": 1, ""0.516600755234348"": 1, ""0.519998971472663"": 1, ""0.521330342237226"": 3, ""0.526970243134493"": 1, ""0.528312804422416"": 1, ""0.529688167604494"": 3, ""0.529688167604495"": 1, ""0.534115086013955"": 1, ""0.534143789381141"": 1, ""0.534630224440975"": 2, ""0.534984543396"": 1, ""0.535022417226603"": 1, ""0.53586455422092"": 2, ""0.535864554220921"": 1, ""0.536125353758854"": 1, ""0.540770505296808"": 11, ""0.543014990473132"": 2, ""0.543781984331738"": 4, ""0.546012535423452"": 2, ""0.5469106864965"": 4, ""0.548013340210075"": 1, ""0.551106900652898"": 1, ""0.551917767203177"": 1, ""0.552013431587763"": 1, ""0.557067228983525"": 1, ""0.55768099318741"": 1, ""0.560557312747359"": 2, ""0.56578738256793"": 1, ""0.565997978338516"": 1, ""0.566718061832237"": 4, ""0.571836313501908"": 1, ""0.57284898007442"": 1, ""0.574000839149275"": 1, ""0.575752000158572"": 1, ""0.578930259563912"": 3, ""0.587046312766304"": 1, ""0.591302179334509"": 1, ""0.592841523526305"": 1, ""0.596977740068811"": 3, ""0.597959725212087"": 2, ""0.598983185130874"": 2, ""0.60112301975296"": 1, ""0.601989799130024"": 1, ""0.603255484044197"": 1, ""0.603474110681705"": 1, ""0.604571773145593"": 1, ""0.605566249923244"": 1, ""0.609064286714718"": 2, ""0.61189673715208"": 1, ""0.618257463487877"": 2, ""0.621591590076003"": 1, ""0.629463360968165"": 1, ""0.630014463950137"": 2, ""0.630911502268932"": 1, ""0.635373681668786"": 1, ""0.636012874175173"": 2, ""0.643971809376582"": 1, ""0.645750944042935"": 5, ""0.646353908996084"": 1, ""0.64803663568603"": 2, ""0.657959555123517"": 4, ""0.662995400013723"": 1, ""0.672201616784688"": 1, ""0.673714968360321"": 1, ""0.675468858773238"": 1, ""0.679600623100906"": 1, ""0.679909360332951"": 1, ""0.680372535785351"": 1, ""0.681491699327292"": 1, ""0.686252999681394"": 1, ""0.687418776089304"": 1, ""0.688883625816123"": 1, ""0.690016789484704"": 1, ""0.693603484330339"": 1, ""0.693712237482815"": 2, ""0.694002652495825"": 1, ""0.696797492168031"": 2, ""0.697683274773157"": 1, ""0.697943673573559"": 1, ""0.698116791849683"": 1, ""0.698514684191946"": 1, ""0.700125756285066"": 1, ""0.704333492585297"": 1, ""0.704833642216592"": 6, ""0.710905012141672"": 1, ""0.711019851340251"": 1, ""0.712546317079336"": 2, ""0.714833805011805"": 2, ""0.716009654845591"": 1, ""0.716334792220714"": 2, ""0.717027577573456"": 1, ""0.720938128852785"": 1, ""0.72238775895603"": 2, ""0.723755510635868"": 2, ""0.723969664622628"": 1, ""0.726186844029938"": 2, ""0.728436296218939"": 1, ""0.733070237138728"": 2, ""0.734276084582496"": 3, ""0.735655823686579"": 2, ""0.739421778463157"": 2, ""0.745909908091203"": 2, ""0.752869340803004"": 1, ""0.754342638352131"": 1, ""0.754383176757241"": 1, ""0.755624082442983"": 2, ""0.756288997587394"": 1, ""0.763808111189633"": 1, ""0.764519815721667"": 1, ""0.766477241384834"": 1, ""0.767738040930915"": 1, ""0.774766841843826"": 1, ""0.776366987081083"": 1, ""0.778117519780489"": 1, ""0.779998457208994"": 1, ""0.781995513355839"": 1, ""0.782513770312629"": 2, ""0.783148491351769"": 2, ""0.783800948787269"": 2, ""0.792469206633624"": 1, ""0.793809343636876"": 1, ""0.795058816917224"": 8, ""0.796366631084891"": 9, ""0.799957958781364"": 1, ""0.803796831331381"": 1, ""0.807421666564326"": 2, ""0.812085715619624"": 1, ""0.819018803135178"": 4, ""0.82036602974475"": 3, ""0.824860524955567"": 1, ""0.82510485155803"": 1, ""0.835600843475287"": 1, ""0.839582313825537"": 1, ""0.844773583510393"": 1, ""0.851330450556738"": 1, ""0.857754470252861"": 1, ""0.85927347011163"": 2, ""0.874626612762646"": 2, ""0.880533934275909"": 2, ""0.891050374068291"": 5, ""0.893349467393364"": 1, ""0.895466610103217"": 2, ""0.896843503988152"": 1, ""0.896939587818131"": 1, ""0.896939587818132"": 1, ""0.904694388294835"": 2, ""0.917524621095824"": 1, ""0.919723263694929"": 1, ""0.920706502543305"": 1, ""0.929250941861432"": 3, ""0.93719105980849"": 1, ""0.942978970946551"": 1, ""0.944530103053729"": 1, ""0.952131350415598"": 2, ""0.955113056294284"": 1, ""0.960568735313484"": 1, ""0.961250838470381"": 1, ""0.962387453148936"": 3, ""0.964883765939854"": 1, ""0.964892848170361"": 1, ""0.970769780157632"": 1, ""0.978371038084343"": 1, ""0.982769749674534"": 2, ""0.985965902165241"": 1, ""0.986939332685274"": 2, ""0.987998045798059"": 3, ""0.992950544546523"": 2, ""0.99490943363988"": 1, ""1.00382578773734"": 1, ""1.0038373600696"": 2, ""1.005477008451"": 3, ""1.00761962190932"": 1, ""1.00830242517703"": 1, ""1.00927708320541"": 1, ""1.01320328815986"": 1, ""1.01510714452453"": 2, ""1.01991884803585"": 3, ""1.02087161622841"": 2, ""1.02159654066808"": 3, ""1.02159654066809"": 1, ""1.03094946876966"": 3, ""1.04056835622422"": 1, ""1.04266068447445"": 2, ""1.04519623825205"": 1, ""1.04777202628792"": 1, ""1.0495300989865"": 2, ""1.05355328184889"": 1, ""1.05450525689887"": 1, ""1.0613821329874"": 2, ""1.06233895225724"": 1, ""1.07401448226839"": 2, ""1.08154101059362"": 1, ""1.0856332659538"": 2, ""1.08602998094626"": 1, ""1.09123278850814"": 1, ""1.09602668042015"": 1, ""1.0988799800756"": 5, ""1.10913266769474"": 2, ""1.11413445796705"": 2, ""1.11868094965193"": 1, ""1.12295877785125"": 1, ""1.12323731707317"": 2, ""1.12398788766391"": 1, ""1.12514297939731"": 1, ""1.13199595667703"": 5, ""1.14367262700382"": 1, ""1.1467797235825"": 1, ""1.14971586207725"": 4, ""1.15160706139637"": 5, ""1.16292046214441"": 1, ""1.16483338207424"": 2, ""1.17377065546894"": 1, ""1.1757014231809"": 1, ""1.18568304705261"": 1, ""1.19138967501968"": 1, ""1.19591945042417"": 3, ""1.19796637026175"": 1, ""1.19993693817205"": 3, ""1.20625918439311"": 1, ""1.20686834090083"": 1, ""1.22383684859931"": 2, ""1.22852820470277"": 2, ""1.22861952759036"": 2, ""1.23054904461712"": 2, ""1.23274686567917"": 1, ""1.23499755724757"": 2, ""1.23651492697575"": 3, ""1.23765727733704"": 1, ""1.24568291721635"": 1, ""1.24574942752518"": 1, ""1.26716037526559"": 1, ""1.27202574835035"": 1, ""1.27988078505775"": 1, ""1.28171383714974"": 1, ""1.29270781799217"": 3, ""1.29483422872185"": 1, ""1.31193991914397"": 1, ""1.3119831259727"": 2, ""1.3141412431879"": 3, ""1.32078201105604"": 1, ""1.34526525598223"": 1, ""1.35899937548202"": 2, ""1.37438379598979"": 1, ""1.38454262096775"": 1, ""1.39266807245881"": 1, ""1.39352009650747"": 1, ""1.39387641279215"": 1, ""1.40866698517059"": 2, ""1.40966728443318"": 4, ""1.40988522086471"": 2, ""1.43201930969118"": 1, ""1.44215735767888"": 3, ""1.4446040934668"": 1, ""1.44751102127174"": 1, ""1.45237368805988"": 1, ""1.45258764987117"": 1, ""1.46829766785858"": 1, ""1.47482865080948"": 1, ""1.48199706869709"": 1, ""1.48753039683888"": 1, ""1.48942581681978"": 1, ""1.49181981618241"": 2, ""1.49427375172742"": 3, ""1.49489931303022"": 1, ""1.50184626536255"": 1, ""1.50782398049139"": 1, ""1.52761622237927"": 1, ""1.52879267112916"": 1, ""1.52987827205378"": 1, ""1.53239481100213"": 2, ""1.53287210615822"": 1, ""1.53547608186183"": 4, ""1.5358569420693"": 2, ""1.57633166408995"": 1, ""1.58761868727375"": 1, ""1.58793929769574"": 2, ""1.59273326216978"": 2, ""1.59612963433263"": 1, ""1.60731506535045"": 3, ""1.63178246479908"": 3, ""1.63794958279089"": 1, ""1.68443816677688"": 4, ""1.69799393501555"": 1, ""1.70266090111348"": 1, ""1.70608453540203"": 2, ""1.73428059370704"": 2, ""1.79002413711398"": 1, ""1.79008758003705"": 1, ""1.79694955539262"": 1, ""1.79708313199398"": 1, ""1.79990540725807"": 2, ""1.80938877658967"": 4, ""1.81334004560633"": 1, ""1.84292929138554"": 1, ""1.85477239046363"": 2, ""1.85850188372286"": 2, ""1.8685511002149"": 1, ""1.87331314610651"": 1, ""1.90143272874569"": 1, ""1.90952027797408"": 1, ""1.91619310346208"": 2, ""1.91934510232729"": 3, ""1.92217444713932"": 1, ""1.92780454412638"": 2, ""1.92978569634072"": 1, ""1.94491692349606"": 1, ""1.97193180433048"": 1, ""1.98778775627874"": 2, ""1.99325863037002"": 1, ""2.00767472013919"": 1, ""2.02773048875921"": 1, ""2.03983769607171"": 1, ""2.04224966740576"": 1, ""2.04319308133617"": 3, ""2.04546421307932"": 1, ""2.04629478172202"": 1, ""2.05091507436188"": 1, ""2.06189893753933"": 2, ""2.06276212889507"": 2, ""2.10710656369777"": 1, ""2.11057260137719"": 1, ""2.11300047775589"": 2, ""2.11450092664978"": 1, ""2.11725239692766"": 1, ""2.12276426597479"": 2, ""2.12817284577684"": 1, ""2.18170352394917"": 1, ""2.18246557701628"": 1, ""2.18656653190661"": 3, ""2.18656653190662"": 2, ""2.19430607436514"": 1, ""2.19775996015119"": 1, ""2.24023795420992"": 1, ""2.24141062759113"": 1, ""2.24222925098944"": 1, ""2.2459175557025"": 2, ""2.29099881948814"": 1, ""2.30567639562094"": 1, ""2.30757497324518"": 1, ""2.32312735465358"": 2, ""2.32430052553148"": 2, ""2.32584092428883"": 1, ""2.32966676414847"": 1, ""2.34944547405531"": 1, ""2.37469423428198"": 1, ""2.38494057453087"": 1, ""2.3867834400494"": 1, ""2.39987387634409"": 1, ""2.42097941645195"": 1, ""2.46549373135834"": 1, ""2.47770849349366"": 1, ""2.48237636136631"": 2, ""2.49201890811742"": 1, ""2.55217904057102"": 1, ""2.55399135167021"": 2, ""2.64844083802247"": 1, ""2.66047787388325"": 1, ""2.69562469799097"": 1, ""2.71294741922877"": 1, ""2.71840249240362"": 1, ""2.71988132125339"": 1, ""2.74288259295642"": 1, ""2.80739694462813"": 1, ""2.82711118459047"": 3, ""2.8331079112107"": 1, ""2.88431471535775"": 1, ""2.88431471535776"": 2, ""2.9123093404729"": 1, ""2.95789770649572"": 1, ""2.96276323398219"": 1, ""2.98363963236481"": 1, ""2.98854750345484"": 1, ""2.99186945337872"": 2, ""2.99694540020617"": 1, ""2.99984234543012"": 1, ""3.01717085225206"": 2, ""3.0717138841386"": 1, ""3.07676663099358"": 1, ""3.08710250456657"": 2, ""3.09906736737531"": 1, ""3.10493506729839"": 1, ""3.1485902969595"": 1, ""3.16065984554666"": 4, ""3.16585890206578"": 1, ""3.18546652433956"": 1, ""3.18546652438591"": 52}",,float,567,1051,0,0.0,NONE,METADATA,METADATA;EXCLUDED,FILE_METADATA,EXCLUDE_METADATA,NO,NONE,Not a substantive predictor.,"Survey/economy metadata or weight, not an individual predictor.",EXCLUDE_METADATA,NO,NONE,Not a substantive predictor.,"Survey/economy metadata or weight, not an individual predictor.",wgt,2,https://microdata.worldbank.org/catalog/7900/variable/F1/V7?name=wgt
8,female,Respondent is female,= 1 if the respondent is female = 2 if the respondent is male,,"[{""value"": ""1"", ""label"": ""Female""}, {""value"": ""2"", ""label"": ""Male""}]","{""1"": 664, ""2"": 387}",,integer,2,1051,0,0.0,NONE,DEMOGRAPHIC,DEMOGRAPHIC;CANDIDATE_MODEL_1;CANDIDATE_MODEL_2,RESPONDENT_PROFILE,CANDIDATE_CORE,YES,LOW,Plausibly available as a profile characteristic before prediction.,Interpretable pre-outcome profile characteristic with usable coverage.,CANDIDATE_CORE,YES,LOW,Plausibly available as a profile characteristic before prediction.,Interpretable pre-outcome profile characteristic with usable coverage.,female,2,https://microdata.worldbank.org/catalog/7900/variable/F1/V8?name=female
9,age,Respondent age,Respondent's age (in years),,[],"{""100"": 3, ""15"": 18, ""16"": 18, ""17"": 22, ""18"": 35, ""19"": 30, ""20"": 38, ""21"": 29, ""22"": 21, ""23"": 35, ""24"": 25, ""25"": 31, ""26"": 31, ""27"": 28, ""28"": 30, ""29"": 26, ""30"": 36, ""31"": 22, ""32"": 30, ""33"": 21, ""34"": 23, ""35"": 25, ""36"": 20, ""37"": 16, ""38"": 32, ""39"": 23, ""40"": 32, ""41"": 16, ""42"": 26, ""43"": 19, ""44"": 11, ""45"": 16, ""46"": 10, ""47"": 8, ""48"": 13, ""49"": 10, ""50"": 14, ""51"": 6, ""52"": 12, ""53"": 8, ""54"": 7, ""55"": 15, ""56"": 16, ""57"": 6, ""58"": 8, ""59"": 6, ""60"": 14, ""61"": 11, ""62"": 6, ""63"": 9, ""64"": 6, ""65"": 13, ""66"": 8, ""67"": 5, ""68"": 5, ""69"": 3, ""70"": 2, ""71"": 4, ""72"": 3, ""73"": 4, ""74"": 3, ""75"": 6, ""76"": 2, ""78"": 4, ""79"": 1, ""80"": 2, ""81"": 2, ""82"": 1, ""83"": 2, ""85"": 2, ""87"": 2, ""88"": 1, ""92"": 1, ""97"": 1, ""99"": 1}",,integer,75,1051,0,0.0,NONE,DEMOGRAPHIC,DEMOGRAPHIC;CANDIDATE_MODEL_1;CANDIDATE_MODEL_2,RESPONDENT_PROFILE,CANDIDATE_CORE,YES,LOW,Plausibly available as a profile characteristic before prediction.,Interpretable pre-outcome profile characteristic with usable coverage.,CANDIDATE_CORE,YES,LOW,Plausibly available as a profile characteristic before prediction.,Interpretable pre-outcome profile characteristic with usable coverage.,age,2,https://microdata.worldbank.org/catalog/7900/variable/F1/V9?name=age
10,educ,Respondent education level,= 1 if the respondent has completed primary school or less = 2 if the respondent has completed secondary school = 3 if the respondent has completed tertiary education or more,,"[{""value"": ""1"", ""label"": ""Primary education or less""}, {""value"": ""2"", ""label"": ""Secondary education""}, {""value"": ""3"", ""label"": ""Tertiary education or more""}, {""value"": ""Sysmiss"", ""label"": """"}]","{""1"": 286, ""2"": 668, ""3"": 87, ""<BLANK>"": 10}",,integer,3,1041,10,0.9515,LOW_UNDER_25,SOCIOECONOMIC,SOCIOECONOMIC;CANDIDATE_MODEL_1;CANDIDATE_MODEL_2,RESPONDENT_PROFILE,CANDIDATE_CORE,YES,LOW,Plausibly available as a profile characteristic before prediction.,Interpretable pre-outcome profile characteristic with usable coverage.,CANDIDATE_CORE,YES,LOW,Plausibly available as a profile characteristic before prediction.,Interpretable pre-outcome profile characteristic with usable coverage.,educ,2,https://microdata.worldbank.org/catalog/7900/variable/F1/V10?name=educ
11,inc_q,Within-economy household income quintile,Respondent's within-economy household income quintile (1 to 5),,[],"{""1"": 183, ""2"": 167, ""3"": 167, ""4"": 223, ""5"": 311}",,integer,5,1051,0,0.0,NONE,SOCIOECONOMIC,SOCIOECONOMIC;CANDIDATE_MODEL_1;CANDIDATE_MODEL_2,RESPONDENT_PROFILE,CANDIDATE_CORE,YES,LOW,Plausibly available as a profile characteristic before prediction.,Interpretable pre-outcome profile characteristic with usable coverage.,CANDIDATE_CORE,YES,LOW,Plausibly available as a profile characteristic before prediction.,Interpretable pre-outcome profile characteristic with usable coverage.,inc_q,2,https://microdata.worldbank.org/catalog/7900/variable/F1/V11?name=inc_q
12,emp_in,Respondent is in workforce,= 1 if the respondent is in the workforce = 2 if the respondent is out of the workforce,,"[{""value"": ""1"", ""label"": ""In the workforce""}, {""value"": ""2"", ""label"": ""Out of the workforce""}]","{""1"": 578, ""2"": 473}",,integer,2,1051,0,0.0,NONE,SOCIOECONOMIC,SOCIOECONOMIC;CANDIDATE_MODEL_1;CANDIDATE_MODEL_2,RESPONDENT_PROFILE,CANDIDATE_CORE,YES,LOW,Plausibly available as a profile characteristic before prediction.,Interpretable pre-outcome profile characteristic with usable coverage.,CANDIDATE_CORE,YES,LOW,Plausibly available as a profile characteristic before prediction.,Interpretable pre-outcome profile characteristic with usable coverage.,emp_in,3,https://microdata.worldbank.org/catalog/7900/variable/F1/V12?name=emp_in
13,urbanicity,Respondent lives in rural area,= 1 if the respondent lives in a rural area = 2 if and the respondent lives in an urban area Note: Rural and urban classifications rely on a joint OECD-EU effort to classify these two groups based on population grids (not administrative units) that directly capture the spatial concentration of people. See more here.,,"[{""value"": ""1"", ""label"": ""Rural""}, {""value"": ""2"", ""label"": ""Urban""}]","{""1"": 1051}",,integer,1,1051,0,0.0,NONE,DEMOGRAPHIC,DEMOGRAPHIC;LOW_VARIANCE;EXCLUDED,RESPONDENT_PROFILE,EXCLUDE_NO_VARIANCE,NO,LOW,Plausibly available as a profile characteristic before prediction.,Constant in the Eswatini extract and cannot support prediction.,EXCLUDE_NO_VARIANCE,NO,LOW,Plausibly available as a profile characteristic before prediction.,Constant in the Eswatini extract and cannot support prediction.,urbanicity,3,https://microdata.worldbank.org/catalog/7900/variable/F1/V13?name=urbanicity
14,account_fin,Has an account at a financial institution,"= 1 if the respondent had an account at a bank or at another type of financial institution, such as a credit union, a microfinance institution, a cooperative, or the post office (if applicable), or has a debit card = 0 if the respondent did not have an account Note: The data also includes an additional 2 percent of respondents in 2024 who reported receiving wages, government transfers, a public sector pension, or payments for agricultural products into an account (excluding mobile money) in the past year; or paying utility bills from a financial institution account in the past year; or receiving wages, government transfers, or agricultural payments to a card in the past year. The definition does not include non-bank financial institutions such as pension funds, retirement accounts, insurance companies, or equity holdings such as stocks. Questions screened for account ownership in the questionnaire do not include these additional 2 percent of respondents.",,"[{""value"": ""0"", ""label"": ""No/DK/Ref""}, {""value"": ""1"", ""label"": ""Yes""}]","{""0"": 514, ""1"": 537}",0,integer,2,1051,0,0.0,NONE,TARGET,TARGET;CONSTRUCTED;POSSIBLE_LEAKAGE,CONSTRUCTED,TARGET,NOT_APPLICABLE,TARGET,This is the prediction target.,Prediction target; never included in its own feature matrix.,EXCLUDE_PARALLEL_OUTCOME,NO,HIGH,Parallel financial-access outcome; conceptually intertwined with the target.,Parallel financial-access outcome; conceptually intertwined with the target.,account_fin,3,https://microdata.worldbank.org/catalog/7900/variable/F1/V14?name=account_fin
15,account_mob,Has a mobile money account,"= 1 if the respondent used mobile money services to pay bills or to send or receive money in the past year = 0 if the respondent did not use them Note: Mobile money service providers are those included in the GSM Association's Mobile Money for the Unbanked (GSMA MMU) database. The data also includes an additional 2 percent of respondents in 2024 who received wages, government transfers, a public sector pension, or payments for agricultural products through a mobile phone in the past year. Unlike the definition of account at a financial institution, the definition of mobile money account does not include the payment of utility bills through a mobile phone. The reason is that the phrasing of the possible answers leaves it open as to whether those payments were made using a mobile money account or an over-the-counter service. Questions screened for account ownership in the questionnaire do not include these additional 2 percent of respondents.",,"[{""value"": ""0"", ""label"": ""No/DK/Ref""}, {""value"": ""1"", ""label"": ""Yes""}]","{""0"": 440, ""1"": 611}",0,integer,2,1051,0,0.0,NONE,TARGET,TARGET;CONSTRUCTED;POSSIBLE_LEAKAGE,CONSTRUCTED,EXCLUDE_PARALLEL_OUTCOME,NO,HIGH,Parallel financial-access outcome; conceptually intertwined with the target.,Parallel financial-access outcome; conceptually intertwined with the target.,TARGET,NOT_APPLICABLE,TARGET,This is the prediction target.,Prediction target; never included in its own feature matrix.,account_mob,3,https://microdata.worldbank.org/catalog/7900/variable/F1/V15?name=account_mob
16,account,Has an account,"= 1 if the respondent has an account at a financial institution, a mobile money account, or both = 0 if the respondent does not have an account",,"[{""value"": ""0"", ""label"": ""No/DK/Ref""}, {""value"": ""1"", ""label"": ""Yes""}]","{""0"": 282, ""1"": 769}",0,integer,2,1051,0,0.0,NONE,FINANCIAL,FINANCIAL;CONSTRUCTED;POSSIBLE_LEAKAGE;EXCLUDED,CONSTRUCTED,EXCLUDE_DIRECT_LEAKAGE,NO,DIRECT,"Target component, target-screened item, or close reconstruction of the outcome.","Target component, target-screened item, or close reconstruction of the outcome.",EXCLUDE_DIRECT_LEAKAGE,NO,DIRECT,"Target component, target-screened item, or close reconstruction of the outcome.","Target component, target-screened item, or close reconstruction of the outcome.",account,3,https://microdata.worldbank.org/catalog/7900/variable/F1/V16?name=account
17,dig_account,Has a digitally enabled account,=1 if the respondent has a mobile money account or an account at a bank or similar financial institution that they make digital payments from using a card or phone =0 if the respondent does not have a mobile money account or an account at a bank or similar financial institution that they make digital payments from using a card or phone,,"[{""value"": ""0"", ""label"": ""No/DK/Ref""}, {""value"": ""1"", ""label"": ""Yes""}]","{""0"": 364, ""1"": 687}",0,integer,2,1051,0,0.0,NONE,FINANCIAL,FINANCIAL;CONSTRUCTED;POSSIBLE_LEAKAGE;EXCLUDED,CONSTRUCTED,EXCLUDE_DIRECT_LEAKAGE,NO,DIRECT,"Target component, target-screened item, or close reconstruction of the outcome.","Target component, target-screened item, or close reconstruction of the outcome.",EXCLUDE_DIRECT_LEAKAGE,NO,DIRECT,"Target component, target-screened item, or close reconstruction of the outcome.","Target component, target-screened item, or close reconstruction of the outcome.",dig_account,4,https://microdata.worldbank.org/catalog/7900/variable/F1/V17?name=dig_account
18,borrowed,Borrowed,"= 1 if the respondent, personally or together with someone else, borrowed money in the past year, including from a bank or similar financial institution, via a mobile money account, from family or friends, or from an informal savings group, or for any other reason = 0 if the respondent did not borrow",,"[{""value"": ""0"", ""label"": ""No/DK/Ref""}, {""value"": ""1"", ""label"": ""Yes""}]","{""0"": 284, ""1"": 767}",0,integer,2,1051,0,0.0,NONE,FINANCIAL,FINANCIAL;CONSTRUCTED;POSSIBLE_LEAKAGE;EXCLUDED,CONSTRUCTED,EXCLUDE_POST_OUTCOME,NO,HIGH,Financial behaviour or transaction measured during/after the outcome period.,Financial behaviour or transaction measured during/after the outcome period.,EXCLUDE_POST_OUTCOME,NO,HIGH,Financial behaviour or transaction measured during/after the outcome period.,Financial behaviour or transaction measured during/after the outcome period.,borrowed,4,https://microdata.worldbank.org/catalog/7900/variable/F1/V18?name=borrowed
19,saved,Saved,"= 1 if the respondent personally saved or set aside money in the past year, including using an account at a financial institution, via a mobile money account, a savings club or person outside the family, for any reason = 0 if the respondent did not save",,"[{""value"": ""0"", ""label"": ""No/DK/Ref""}, {""value"": ""1"", ""label"": ""Yes""}]","{""0"": 371, ""1"": 680}",0,integer,2,1051,0,0.0,NONE,FINANCIAL,FINANCIAL;CONSTRUCTED;POSSIBLE_LEAKAGE;EXCLUDED,CONSTRUCTED,EXCLUDE_POST_OUTCOME,NO,HIGH,Financial behaviour or transaction measured during/after the outcome period.,Financial behaviour or transaction measured during/after the outcome period.,EXCLUDE_POST_OUTCOME,NO,HIGH,Financial behaviour or transaction measured during/after the outcome period.,Financial behaviour or transaction measured during/after the outcome period.,saved,4,https://microdata.worldbank.org/catalog/7900/variable/F1/V19?name=saved
20,receive_wages,Received a wage payment,= 1 if the respondent received a wage payment into an account in the past year = 2 if the respondent received a wage payment in cash only in the past year = 3 if the respondent received a wage payment via some other method in the past year = 4 if the respondent did not receive a wage payment in the past year = 5 if the respondent does not know/refuses to answer,,"[{""value"": ""1"", ""label"": ""Into an account""}, {""value"": ""2"", ""label"": ""In cash only""}, {""value"": ""3"", ""label"": ""In some other way""}, {""value"": ""4"", ""label"": ""Did not receive""}, {""value"": ""5"", ""label"": ""DK/ref""}]","{""1"": 282, ""2"": 72, ""3"": 18, ""4"": 675, ""5"": 4}",,integer,5,1051,0,0.0,NONE,FINANCIAL,FINANCIAL;CONSTRUCTED;POSSIBLE_LEAKAGE;EXCLUDED,CONSTRUCTED,EXCLUDE_DIRECT_LEAKAGE,NO,DIRECT,"Target component, target-screened item, or close reconstruction of the outcome.","Target component, target-screened item, or close reconstruction of the outcome.",EXCLUDE_DIRECT_LEAKAGE,NO,DIRECT,"Target component, target-screened item, or close reconstruction of the outcome.","Target component, target-screened item, or close reconstruction of the outcome.",receive_wages,4,https://microdata.worldbank.org/catalog/7900/variable/F1/V20?name=receive_wages
21,receive_transfers,Received a government transfer payment,= 1 if the respondent received government transfers into an account in the past year = 2 if the respondent received government transfers in cash only in the past year = 3 if the respondent received government transfers via some other method in the past year = 4 if the respondent did not receive government transfers in the past year = 5 if the respondent does not know/refuses to answer,,"[{""value"": ""1"", ""label"": ""Into an account""}, {""value"": ""2"", ""label"": ""In cash only""}, {""value"": ""3"", ""label"": ""In some other way""}, {""value"": ""4"", ""label"": ""Did not receive""}, {""value"": ""5"", ""label"": ""DK/ref""}]","{""1"": 110, ""2"": 8, ""3"": 74, ""4"": 852, ""5"": 7}",,integer,5,1051,0,0.0,NONE,FINANCIAL,FINANCIAL;CONSTRUCTED;POSSIBLE_LEAKAGE;EXCLUDED,CONSTRUCTED,EXCLUDE_DIRECT_LEAKAGE,NO,DIRECT,"Target component, target-screened item, or close reconstruction of the outcome.","Target component, target-screened item, or close reconstruction of the outcome.",EXCLUDE_DIRECT_LEAKAGE,NO,DIRECT,"Target component, target-screened item, or close reconstruction of the outcome.","Target component, target-screened item, or close reconstruction of the outcome.",receive_transfers,4,https://microdata.worldbank.org/catalog/7900/variable/F1/V21?name=receive_transfers
22,receive_pensions,Received a government pension payment,= 1 if the respondent received pension from the government into an account in the past year = 2 if the respondent received pension from the government in cash only in the past year = 3 if the respondent received pension from the government via some other method in the past year = 4 if the respondent did not receive pension from the government in the past year = 5 if the respondent does not know/refuses to answer,,"[{""value"": ""1"", ""label"": ""Into an account""}, {""value"": ""2"", ""label"": ""In cash only""}, {""value"": ""3"", ""label"": ""In some other way""}, {""value"": ""4"", ""label"": ""Did not receive""}, {""value"": ""5"", ""label"": ""DK/ref""}]","{""1"": 71, ""2"": 7, ""3"": 16, ""4"": 950, ""5"": 7}",,integer,5,1051,0,0.0,NONE,FINANCIAL,FINANCIAL;CONSTRUCTED;POSSIBLE_LEAKAGE;EXCLUDED,CONSTRUCTED,EXCLUDE_DIRECT_LEAKAGE,NO,DIRECT,"Target component, target-screened item, or close reconstruction of the outcome.","Target component, target-screened item, or close reconstruction of the outcome.",EXCLUDE_DIRECT_LEAKAGE,NO,DIRECT,"Target component, target-screened item, or close reconstruction of the outcome.","Target component, target-screened item, or close reconstruction of the outcome.",receive_pensions,4,https://microdata.worldbank.org/catalog/7900/variable/F1/V22?name=receive_pensions
23,receive_agriculture,Received a payment for the sale of agricultural goods,= 1 if the respondent received payment from the sale of agricultural products into an account in the past year = 2 if the respondent received payment from the sale of agricultural products in cash only in the past year = 3 if the respondent received payment from the sale of agricultural products via some other method in the past year = 4 if the respondent did not receive payment from the sale of agricultural products in the past year = 5 if the respondent does not know/refuses to answer,,"[{""value"": ""1"", ""label"": ""Into an account""}, {""value"": ""2"", ""label"": ""In cash only""}, {""value"": ""3"", ""label"": ""In some other way""}, {""value"": ""4"", ""label"": ""Did not receive""}, {""value"": ""5"", ""label"": ""DK/ref""}]","{""1"": 82, ""2"": 37, ""3"": 31, ""4"": 893, ""5"": 8}",,integer,5,1051,0,0.0,NONE,FINANCIAL,FINANCIAL;CONSTRUCTED;POSSIBLE_LEAKAGE;EXCLUDED,CONSTRUCTED,EXCLUDE_DIRECT_LEAKAGE,NO,DIRECT,"Target component, target-screened item, or close reconstruction of the outcome.","Target component, target-screened item, or close reconstruction of the outcome.",EXCLUDE_DIRECT_LEAKAGE,NO,DIRECT,"Target component, target-screened item, or close reconstruction of the outcome.","Target component, target-screened item, or close reconstruction of the outcome.",receive_agriculture,4;5,https://microdata.worldbank.org/catalog/7900/variable/F1/V23?name=receive_agriculture
24,merchantpay_dig,Made a digital merchant payment,"=1 if respondent used a card, or a mobile phone, to make a purchase in- store or to pay online for an internet purchase in the past year =0 if respondent did not make a digital merchant payment",,"[{""value"": ""0"", ""label"": ""No/DK/Ref""}, {""value"": ""1"", ""label"": ""Yes""}]","{""0"": 812, ""1"": 239}",0,integer,2,1051,0,0.0,NONE,FINANCIAL,FINANCIAL;CONSTRUCTED;POSSIBLE_LEAKAGE;EXCLUDED,CONSTRUCTED,EXCLUDE_POST_OUTCOME,NO,HIGH,Financial behaviour or transaction measured during/after the outcome period.,Financial behaviour or transaction measured during/after the outcome period.,EXCLUDE_DIRECT_LEAKAGE,NO,DIRECT,"Target component, target-screened item, or close reconstruction of the outcome.","Target component, target-screened item, or close reconstruction of the outcome.",merchantpay_dig,5,https://microdata.worldbank.org/catalog/7900/variable/F1/V24?name=merchantpay_dig
25,pay_utilities,Paid a utility bill,= 1 if the respondent made a utility payment from an account in the past year = 2 if the respondent made a utility payment in cash only in the past year = 3 if the respondent made a utility payment via some other method in the past year = 4 if the respondent did not make a utility payment in the past year = 5 if the respondent does not know/refuses to answer,,"[{""value"": ""1"", ""label"": ""From an account""}, {""value"": ""2"", ""label"": ""In cash only""}, {""value"": ""3"", ""label"": ""In some other way""}, {""value"": ""4"", ""label"": ""Did not""}, {""value"": ""5"", ""label"": ""DK/ref""}]","{""1"": 439, ""2"": 70, ""3"": 18, ""4"": 520, ""5"": 4}",,integer,5,1051,0,0.0,NONE,FINANCIAL,FINANCIAL;CONSTRUCTED;POSSIBLE_LEAKAGE;EXCLUDED,CONSTRUCTED,EXCLUDE_DIRECT_LEAKAGE,NO,DIRECT,"Target component, target-screened item, or close reconstruction of the outcome.","Target component, target-screened item, or close reconstruction of the outcome.",EXCLUDE_DIRECT_LEAKAGE,NO,DIRECT,"Target component, target-screened item, or close reconstruction of the outcome.","Target component, target-screened item, or close reconstruction of the outcome.",pay_utilities,5,https://microdata.worldbank.org/catalog/7900/variable/F1/V25?name=pay_utilities
26,domestic_remittances,Made or received a domestic remittance payment,= 1 if the respondent sent or received domestic remittances via an account in the past year = 2 if the respondent sent or received domestic remittances via other methods in the past year = 3 if the respondent did not send or receive domestic remittances in the past year = 4 if the respondent does not know/refuses to answer,,"[{""value"": ""1"", ""label"": ""Using an account""}, {""value"": ""2"", ""label"": ""Not using an account""}, {""value"": ""3"", ""label"": ""Did not make or receive""}, {""value"": ""4"", ""label"": ""DK/ref""}, {""value"": ""Sysmiss"", ""label"": """"}]","{""1"": 515, ""2"": 154, ""3"": 371, ""4"": 5, ""<BLANK>"": 6}",,integer,4,1045,6,0.5709,LOW_UNDER_25,FINANCIAL,FINANCIAL;CONSTRUCTED;POSSIBLE_LEAKAGE;EXCLUDED,CONSTRUCTED,EXCLUDE_POST_OUTCOME,NO,HIGH,Financial behaviour or transaction measured during/after the outcome period.,Financial behaviour or transaction measured during/after the outcome period.,EXCLUDE_DIRECT_LEAKAGE,NO,DIRECT,"Target component, target-screened item, or close reconstruction of the outcome.","Target component, target-screened item, or close reconstruction of the outcome.",domestic_remittances,5,https://microdata.worldbank.org/catalog/7900/variable/F1/V26?name=domestic_remittances
27,anydigpayment,Made or received a digital payment,"= 1 if respondent used mobile money, a card, or a mobile phone to make a payment from an account, or used the internet to pay bills or to buy something online or in a store, or paid bills or sent or received remittances directly from or into a financial institution account or through a mobile money account in the past year. It also includes respondents who received payments for agricultural products, government transfers, wages, or a public sector pension into a financial institution account or through a mobile money account in the past year. = 0 if the respondent did not make or receive a digital payment",,"[{""value"": ""0"", ""label"": ""No/DK/Ref""}, {""value"": ""1"", ""label"": ""Yes""}]","{""0"": 320, ""1"": 731}",0,integer,2,1051,0,0.0,NONE,FINANCIAL,FINANCIAL;CONSTRUCTED;POSSIBLE_LEAKAGE;EXCLUDED,CONSTRUCTED,EXCLUDE_POST_OUTCOME,NO,HIGH,Financial behaviour or transaction measured during/after the outcome period.,Financial behaviour or transaction measured during/after the outcome period.,EXCLUDE_DIRECT_LEAKAGE,NO,DIRECT,"Target component, target-screened item, or close reconstruction of the outcome.","Target component, target-screened item, or close reconstruction of the outcome.",anydigpayment,5,https://microdata.worldbank.org/catalog/7900/variable/F1/V27?name=anydigpayment
28,fin2,Has a debit card,=1 if the respondent has an ATM/debit card =2 if no =3 if don't know =4 if refused to answer,"[Insert local terminology for a/an ATM/debit card] is a card connected to an account that allows you to withdraw money or buy things, and the money is taken out of that account right away. Do you, personally, have [insert local terminology for a/an ATM/debit card]? Yes or no?","[{""value"": ""1"", ""label"": ""Yes""}, {""value"": ""2"", ""label"": ""No""}, {""value"": ""3"", ""label"": ""Don't know""}, {""value"": ""4"", ""label"": ""Refused""}]","{""1"": 418, ""2"": 623, ""3"": 6, ""4"": 4}",3;4,integer,4,1051,0,0.0,NONE,FINANCIAL,FINANCIAL;POSSIBLE_LEAKAGE;EXCLUDED,QUESTIONNAIRE,EXCLUDE_DIRECT_LEAKAGE,NO,DIRECT,"Target component, target-screened item, or close reconstruction of the outcome.","Target component, target-screened item, or close reconstruction of the outcome.",EXCLUDE_POST_OUTCOME,NO,HIGH,Financial behaviour or transaction measured during/after the outcome period.,Financial behaviour or transaction measured during/after the outcome period.,fin2,5,https://microdata.worldbank.org/catalog/7900/variable/F1/V28?name=fin2
29,fin3,Used a card or mobile phone to access account,"= 1 if the respondent has used a card or mobile phone to make payments, buy things, or to send or receive money from or to their financial institution account (excluding mobile money) in the past year =2 if no =3 if don't know =4 if refused to answer Note: Asked only of account owners (excluding mobile money accounts).","Thinking ONLY about your account at a bank or similar financial institution, in the past 12 months, did you use a card or a mobile phone to make payments, buy things, or to send or receive money using your account? Yes or no?","[{""value"": ""1"", ""label"": ""Yes""}, {""value"": ""2"", ""label"": ""No""}, {""value"": ""3"", ""label"": ""Don't know""}, {""value"": ""4"", ""label"": ""Refused""}, {""value"": ""Sysmiss"", ""label"": """"}]","{""1"": 319, ""2"": 156, ""3"": 5, ""<BLANK>"": 571}",3;4,integer,3,480,571,54.3292,HIGH_50_TO_74,FINANCIAL,FINANCIAL;HIGH_MISSING;POSSIBLE_LEAKAGE;EXCLUDED,QUESTIONNAIRE,EXCLUDE_HIGH_MISSING,CONDITIONAL,DIRECT,"Target component, target-screened item, or close reconstruction of the outcome.",54.33% structurally missing; insufficient standalone coverage.,EXCLUDE_HIGH_MISSING,CONDITIONAL,HIGH,Financial behaviour or transaction measured during/after the outcome period.,54.33% structurally missing; insufficient standalone coverage.,fin3,5,https://microdata.worldbank.org/catalog/7900/variable/F1/V29?name=fin3
30,fin4,Opened first account to receive a wage or salary payment or money from the gover,= 1 if the respondent opened their first account at a financial institution (excluding mobile money) to receive a wage or salary payment or money from the government =2 if no =3 if don't know =4 if refused to answer Note: Asked only of account owners (excluding mobile money),"Thinking about the first account you opened, did you open it to receive a wage or salary payment or money from the government? Yes or no?","[{""value"": ""1"", ""label"": ""Yes""}, {""value"": ""2"", ""label"": ""No""}, {""value"": ""3"", ""label"": ""Don't know""}, {""value"": ""4"", ""label"": ""Refused""}, {""value"": ""Sysmiss"", ""label"": """"}]","{""1"": 338, ""2"": 137, ""3"": 4, ""4"": 1, ""<BLANK>"": 571}",3;4,integer,4,480,571,54.3292,HIGH_50_TO_74,FINANCIAL,FINANCIAL;HIGH_MISSING;POSSIBLE_LEAKAGE;EXCLUDED,QUESTIONNAIRE,EXCLUDE_HIGH_MISSING,CONDITIONAL,DIRECT,"Target component, target-screened item, or close reconstruction of the outcome.",54.33% structurally missing; insufficient standalone coverage.,EXCLUDE_HIGH_MISSING,CONDITIONAL,HIGH,Financial behaviour or transaction measured during/after the outcome period.,54.33% structurally missing; insufficient standalone coverage.,fin4,6,https://microdata.worldbank.org/catalog/7900/variable/F1/V30?name=fin4
31,fin5,Frequency of money deposited into accounts,= 1 if money is deposited into the respondent's account(s) weekly =2 if money is deposited into the respondent's account(s) monthly =3 if money is deposited into the respondent's account less than once a month =4 if money is never deposited into the respondent's account =5 if don't know =6 if refused to answer Note: Asked only of account owners (excluding mobile money accounts).,"In a typical month, how often is money deposited into your personal account(s)? This includes cash or electronic deposits, or any time money is put into your account. Weekly, monthly, or less than once a month?","[{""value"": ""1"", ""label"": ""Weekly""}, {""value"": ""2"", ""label"": ""Monthly""}, {""value"": ""3"", ""label"": ""Less than once a month""}, {""value"": ""4"", ""label"": ""Never""}, {""value"": ""5"", ""label"": ""Don't know""}, {""value"": ""6"", ""label"": ""Refused""}, {""value"": ""Sysmiss"", ""label"": """"}]","{""1"": 40, ""2"": 300, ""3"": 80, ""4"": 47, ""5"": 13, ""<BLANK>"": 571}",5;6,integer,5,480,571,54.3292,HIGH_50_TO_74,FINANCIAL,FINANCIAL;HIGH_MISSING;POSSIBLE_LEAKAGE;EXCLUDED,QUESTIONNAIRE,EXCLUDE_HIGH_MISSING,CONDITIONAL,DIRECT,"Target component, target-screened item, or close reconstruction of the outcome.",54.33% structurally missing; insufficient standalone coverage.,EXCLUDE_HIGH_MISSING,CONDITIONAL,HIGH,Financial behaviour or transaction measured during/after the outcome period.,54.33% structurally missing; insufficient standalone coverage.,fin5,6,https://microdata.worldbank.org/catalog/7900/variable/F1/V31?name=fin5
32,fin6,Frequency of money sent or taken out of accounts,= 1 if money is deposited into the respondent's account weekly =2 if money is deposited into the respondent's account monthly =3 if money is deposited into the respondent's account less than once a month =4 if money is never deposited into the respondent's account =5 if don't know =6 if refused to answer Note: Asked only of account owners (excluding mobile money accounts).,"In a typical month, how often is money sent from or taken out of your personal account(s)? This includes cash withdrawals or electronic payments. Weekly, monthly, or less than once a month?","[{""value"": ""1"", ""label"": ""Weekly""}, {""value"": ""2"", ""label"": ""Monthly""}, {""value"": ""3"", ""label"": ""Less than once a month""}, {""value"": ""4"", ""label"": ""Never""}, {""value"": ""5"", ""label"": ""Don't know""}, {""value"": ""6"", ""label"": ""Refused""}, {""value"": ""Sysmiss"", ""label"": """"}]","{""1"": 58, ""2"": 262, ""3"": 86, ""4"": 57, ""5"": 17, ""<BLANK>"": 571}",5;6,integer,5,480,571,54.3292,HIGH_50_TO_74,FINANCIAL,FINANCIAL;HIGH_MISSING;POSSIBLE_LEAKAGE;EXCLUDED,QUESTIONNAIRE,EXCLUDE_HIGH_MISSING,CONDITIONAL,DIRECT,"Target component, target-screened item, or close reconstruction of the outcome.",54.33% structurally missing; insufficient standalone coverage.,EXCLUDE_HIGH_MISSING,CONDITIONAL,HIGH,Financial behaviour or transaction measured during/after the outcome period.,54.33% structurally missing; insufficient standalone coverage.,fin6,6,https://microdata.worldbank.org/catalog/7900/variable/F1/V32?name=fin6
33,fin7,Any deposits or withdrawals,=1 if any money was put into or taken out of respondent's account(s) =2 if no =3 if don't know =4 if refused to answer Note: Asked only of account owners (excluding mobile money accounts) who report deposits and withdrawals less than once a month or more infrequently.,"In the past 12 months, has money been put into or taken out of your personal account(s)?","[{""value"": ""1"", ""label"": ""Yes""}, {""value"": ""2"", ""label"": ""No""}, {""value"": ""3"", ""label"": ""Don't know""}, {""value"": ""4"", ""label"": ""Refused""}, {""value"": ""Sysmiss"", ""label"": """"}]","{""1"": 57, ""2"": 55, ""3"": 5, ""<BLANK>"": 934}",3;4,integer,3,117,934,88.8677,HIGH_75_PLUS,FINANCIAL,FINANCIAL;HIGH_MISSING;POSSIBLE_LEAKAGE;EXCLUDED,QUESTIONNAIRE,EXCLUDE_HIGH_MISSING,CONDITIONAL,DIRECT,"Target component, target-screened item, or close reconstruction of the outcome.",88.87% structurally missing; insufficient standalone coverage.,EXCLUDE_HIGH_MISSING,CONDITIONAL,HIGH,Financial behaviour or transaction measured during/after the outcome period.,88.87% structurally missing; insufficient standalone coverage.,fin7,6,https://microdata.worldbank.org/catalog/7900/variable/F1/V33?name=fin7
34,fin8,Store money in account,=1 if any money is kept in respondent's account(s) =2 if no =3 if don't know =4 if refused to answer Note: Asked only of account owners (excluding mobile money accounts).,Is there typically any money kept in your personal account(s)?,"[{""value"": ""1"", ""label"": ""Yes""}, {""value"": ""2"", ""label"": ""No""}, {""value"": ""3"", ""label"": ""Don't know""}, {""value"": ""4"", ""label"": ""Refused""}, {""value"": ""Sysmiss"", ""label"": """"}]","{""1"": 193, ""2"": 280, ""3"": 6, ""4"": 1, ""<BLANK>"": 571}",3;4,integer,4,480,571,54.3292,HIGH_50_TO_74,FINANCIAL,FINANCIAL;HIGH_MISSING;POSSIBLE_LEAKAGE;EXCLUDED,QUESTIONNAIRE,EXCLUDE_HIGH_MISSING,CONDITIONAL,DIRECT,"Target component, target-screened item, or close reconstruction of the outcome.",54.33% structurally missing; insufficient standalone coverage.,EXCLUDE_HIGH_MISSING,CONDITIONAL,HIGH,Financial behaviour or transaction measured during/after the outcome period.,54.33% structurally missing; insufficient standalone coverage.,fin8,6,https://microdata.worldbank.org/catalog/7900/variable/F1/V34?name=fin8
35,fin9a,Receive account balance information using a mobile phone or the internet,"=1 if respondent received any information about account balance through email, SMS, or a text message on a mobile phone =2 if no =3 if don't know =4 if refused to answer Note: Asked only of account owners (excluding mobile money accounts).","In the past 12 months, have you received any information about your account balance from your bank, such as through email, SMS, or a text message on your mobile phone?","[{""value"": ""1"", ""label"": ""Yes""}, {""value"": ""2"", ""label"": ""No""}, {""value"": ""3"", ""label"": ""Don't know""}, {""value"": ""4"", ""label"": ""Refused""}, {""value"": ""Sysmiss"", ""label"": """"}]","{""1"": 303, ""2"": 167, ""3"": 10, ""<BLANK>"": 571}",3;4,integer,3,480,571,54.3292,HIGH_50_TO_74,FINANCIAL,FINANCIAL;HIGH_MISSING;POSSIBLE_LEAKAGE;EXCLUDED,QUESTIONNAIRE,EXCLUDE_HIGH_MISSING,CONDITIONAL,DIRECT,"Target component, target-screened item, or close reconstruction of the outcome.",54.33% structurally missing; insufficient standalone coverage.,EXCLUDE_HIGH_MISSING,CONDITIONAL,HIGH,Financial behaviour or transaction measured during/after the outcome period.,54.33% structurally missing; insufficient standalone coverage.,fin9a,6,https://microdata.worldbank.org/catalog/7900/variable/F1/V35?name=fin9a
36,fin9b,Check account balance using a mobile phone or the internet,=1 if respondent checked their account balance using a mobile phone or a computer =2 if no =3 if don't know =4 if refused to answer Note: Asked only of account owners (excluding mobile money accounts).,"In the past 12 months, have you personally checked the balance of the account(s) you have at a bank or similar financial institution using a mobile phone or computer? Yes or no?","[{""value"": ""1"", ""label"": ""Yes""}, {""value"": ""2"", ""label"": ""No""}, {""value"": ""3"", ""label"": ""Don't know""}, {""value"": ""4"", ""label"": ""Refused""}, {""value"": ""Sysmiss"", ""label"": """"}]","{""1"": 296, ""2"": 182, ""3"": 2, ""<BLANK>"": 571}",3;4,integer,3,480,571,54.3292,HIGH_50_TO_74,FINANCIAL,FINANCIAL;HIGH_MISSING;POSSIBLE_LEAKAGE;EXCLUDED,QUESTIONNAIRE,EXCLUDE_HIGH_MISSING,CONDITIONAL,DIRECT,"Target component, target-screened item, or close reconstruction of the outcome.",54.33% structurally missing; insufficient standalone coverage.,EXCLUDE_HIGH_MISSING,CONDITIONAL,HIGH,Financial behaviour or transaction measured during/after the outcome period.,54.33% structurally missing; insufficient standalone coverage.,fin9b,7,https://microdata.worldbank.org/catalog/7900/variable/F1/V36?name=fin9b
37,fin10,Has a credit card,= 1 if the respondent has a credit card =2 if no =3 if don't know =4 if refused to answer Note: Asked only of account owners (excluding mobile money accounts).,"A credit card is a card that allows you to borrow money in order to make payments or buy things, and you can pay the balance off later. Do you, personally, have a credit card?","[{""value"": ""1"", ""label"": ""Yes""}, {""value"": ""2"", ""label"": ""No""}, {""value"": ""3"", ""label"": ""Don't know""}, {""value"": ""4"", ""label"": ""Refused""}, {""value"": ""Sysmiss"", ""label"": """"}]","{""1"": 68, ""2"": 407, ""3"": 4, ""4"": 1, ""<BLANK>"": 571}",3;4,integer,4,480,571,54.3292,HIGH_50_TO_74,FINANCIAL,FINANCIAL;HIGH_MISSING;POSSIBLE_LEAKAGE;EXCLUDED,QUESTIONNAIRE,EXCLUDE_HIGH_MISSING,CONDITIONAL,DIRECT,"Target component, target-screened item, or close reconstruction of the outcome.",54.33% structurally missing; insufficient standalone coverage.,EXCLUDE_HIGH_MISSING,CONDITIONAL,HIGH,Financial behaviour or transaction measured during/after the outcome period.,54.33% structurally missing; insufficient standalone coverage.,fin10,7,https://microdata.worldbank.org/catalog/7900/variable/F1/V37?name=fin10
38,fin11_0,Has a card that you can add money to and use to send and receive money or make p,= 1 if the respondent has a card that you can add money to and use to send and receive money or make purchases =2 if no =3 if don't know =4 if refused to answer Note: Asked only of respondents without an account at a bank or similar financial institution.,Do you have a card that you can add money to and use to send and receive money or make purchases at a variety of places?,"[{""value"": ""1"", ""label"": ""Yes""}, {""value"": ""2"", ""label"": ""No""}, {""value"": ""3"", ""label"": ""Don't know""}, {""value"": ""4"", ""label"": ""Refused""}, {""value"": ""Sysmiss"", ""label"": """"}]","{""<BLANK>"": 1051}",3;4,empty,0,0,1051,100.0,ALL_MISSING,FINANCIAL,FINANCIAL;HIGH_MISSING;ALL_MISSING;LOW_VARIANCE;POSSIBLE_LEAKAGE;EXCLUDED,QUESTIONNAIRE,EXCLUDE_ALL_MISSING,NO,DIRECT,"Target component, target-screened item, or close reconstruction of the outcome.",No observed values in Eswatini; conceptual leakage risk is DIRECT.,EXCLUDE_ALL_MISSING,NO,HIGH,Financial behaviour or transaction measured during/after the outcome period.,No observed values in Eswatini; conceptual leakage risk is HIGH.,fin11_0,7,https://microdata.worldbank.org/catalog/7900/variable/F1/V38?name=fin11_0
39,fin11_1,Ever had an account at a bank or similar financial institution,=1 if respondent has ever had an account at a bank or similar financial institution =0 if no =3 if don't know =4 if refused to answer Note: Asked only of respondents without an account at a bank or similar financial institution.,Have you ever had an account at a bank or similar financial institution?,"[{""value"": ""1"", ""label"": ""Yes""}, {""value"": ""2"", ""label"": ""No""}, {""value"": ""3"", ""label"": ""Don't know""}, {""value"": ""4"", ""label"": ""Refused""}, {""value"": ""Sysmiss"", ""label"": """"}]","{""<BLANK>"": 1051}",3;4,empty,0,0,1051,100.0,ALL_MISSING,FINANCIAL,FINANCIAL;HIGH_MISSING;ALL_MISSING;LOW_VARIANCE;POSSIBLE_LEAKAGE;EXCLUDED,QUESTIONNAIRE,EXCLUDE_ALL_MISSING,NO,DIRECT,"Target component, target-screened item, or close reconstruction of the outcome.",No observed values in Eswatini; conceptual leakage risk is DIRECT.,EXCLUDE_ALL_MISSING,NO,HIGH,Financial behaviour or transaction measured during/after the outcome period.,No observed values in Eswatini; conceptual leakage risk is HIGH.,fin11_1,7,https://microdata.worldbank.org/catalog/7900/variable/F1/V39?name=fin11_1
40,fin11_2,Could use account without help,=1 if respondent could use a bank or similar financial institution account by themselves =2 if respondent would need the help of another person to open an account =3 if don't know =4 if refused to answer Note: Asked only of respondents without an account at a bank or similar financial institution.,"If you were to open an account at a bank or a similar financial institution, do you think you could use it by yourself, or would you need the help of another person?","[{""value"": ""1"", ""label"": ""Yes""}, {""value"": ""2"", ""label"": ""No""}, {""value"": ""3"", ""label"": ""Don't know""}, {""value"": ""4"", ""label"": ""Refused""}, {""value"": ""Sysmiss"", ""label"": """"}]","{""<BLANK>"": 1051}",3;4,empty,0,0,1051,100.0,ALL_MISSING,FINANCIAL,FINANCIAL;HIGH_MISSING;ALL_MISSING;LOW_VARIANCE;POSSIBLE_LEAKAGE;EXCLUDED,QUESTIONNAIRE,EXCLUDE_ALL_MISSING,NO,DIRECT,"Target component, target-screened item, or close reconstruction of the outcome.",No observed values in Eswatini; conceptual leakage risk is DIRECT.,EXCLUDE_ALL_MISSING,NO,HIGH,Financial behaviour or transaction measured during/after the outcome period.,No observed values in Eswatini; conceptual leakage risk is HIGH.,fin11_2,8,https://microdata.worldbank.org/catalog/7900/variable/F1/V40?name=fin11_2
41,fin11a,Reason for no account: too far,= 1 if the respondent does not have an account (excluding mobile money accounts) because financial institutions are too far away =2 if no =3 if don't know =4 if refused to answer Note: Asked only of respondents without a bank account. The country-level averages in the report and the databank displayed as a share of adults without an account are calculated excluding mobile money accounts.,Are any of the following statements reasons why you do not have an account at a bank or similar financial institution? Please answer yes or no to each of the following: Financial institutions are too far away,"[{""value"": ""1"", ""label"": ""Yes""}, {""value"": ""2"", ""label"": ""No""}, {""value"": ""3"", ""label"": ""Don't know""}, {""value"": ""4"", ""label"": ""Refused""}, {""value"": ""Sysmiss"", ""label"": """"}]","{""<BLANK>"": 1051}",3;4,empty,0,0,1051,100.0,ALL_MISSING,FINANCIAL,FINANCIAL;HIGH_MISSING;ALL_MISSING;LOW_VARIANCE;POSSIBLE_LEAKAGE;EXCLUDED,QUESTIONNAIRE,EXCLUDE_ALL_MISSING,NO,DIRECT,"Target component, target-screened item, or close reconstruction of the outcome.",No observed values in Eswatini; conceptual leakage risk is DIRECT.,EXCLUDE_ALL_MISSING,NO,HIGH,Financial behaviour or transaction measured during/after the outcome period.,No observed values in Eswatini; conceptual leakage risk is HIGH.,fin11a,7,https://microdata.worldbank.org/catalog/7900/variable/F1/V41?name=fin11a
42,fin11b,Reason for no account: fees too expensive,= 1 if the respondent does not have an account (excluding mobile money accounts) because financial service fees are too expensive =2 if no =3 if don't know =4 if refused to answer Note: Asked only of respondents without a bank account. The country-level averages in the report and the databank displayed as a share of adults without an account are calculated excluding mobile money accounts.,Are any of the following statements reasons why you do not have an account at a bank or similar financial institution? Please answer yes or no to each of the following: Financial service fees are too expensive,"[{""value"": ""1"", ""label"": ""Yes""}, {""value"": ""2"", ""label"": ""No""}, {""value"": ""3"", ""label"": ""Don't know""}, {""value"": ""4"", ""label"": ""Refused""}, {""value"": ""Sysmiss"", ""label"": """"}]","{""<BLANK>"": 1051}",3;4,empty,0,0,1051,100.0,ALL_MISSING,FINANCIAL,FINANCIAL;HIGH_MISSING;ALL_MISSING;LOW_VARIANCE;POSSIBLE_LEAKAGE;EXCLUDED,QUESTIONNAIRE,EXCLUDE_ALL_MISSING,NO,DIRECT,"Target component, target-screened item, or close reconstruction of the outcome.",No observed values in Eswatini; conceptual leakage risk is DIRECT.,EXCLUDE_ALL_MISSING,NO,HIGH,Financial behaviour or transaction measured during/after the outcome period.,No observed values in Eswatini; conceptual leakage risk is HIGH.,fin11b,7,https://microdata.worldbank.org/catalog/7900/variable/F1/V42?name=fin11b
43,fin11c,Reason for no account: lack documentation,= 1 if the respondent does not have an account (excluding mobile money accounts) because they don't have the necessary documentation =2 if no =3 if don't know =4 if refused to answer Note: Asked only of respondents without a bank account. The country-level averages in the report and the databank displayed as a share of adults without an account are calculated excluding mobile money accounts.,Are any of the following statements reasons why you do not have an account at a bank or similar financial institution? Please answer yes or no to each of the following: You don't have the necessary documentation,"[{""value"": ""1"", ""label"": ""Yes""}, {""value"": ""2"", ""label"": ""No""}, {""value"": ""3"", ""label"": ""Don't know""}, {""value"": ""4"", ""label"": ""Refused""}, {""value"": ""Sysmiss"", ""label"": """"}]","{""<BLANK>"": 1051}",3;4,empty,0,0,1051,100.0,ALL_MISSING,FINANCIAL,FINANCIAL;HIGH_MISSING;ALL_MISSING;LOW_VARIANCE;POSSIBLE_LEAKAGE;EXCLUDED,QUESTIONNAIRE,EXCLUDE_ALL_MISSING,NO,DIRECT,"Target component, target-screened item, or close reconstruction of the outcome.",No observed values in Eswatini; conceptual leakage risk is DIRECT.,EXCLUDE_ALL_MISSING,NO,HIGH,Financial behaviour or transaction measured during/after the outcome period.,No observed values in Eswatini; conceptual leakage risk is HIGH.,fin11c,8,https://microdata.worldbank.org/catalog/7900/variable/F1/V43?name=fin11c
44,fin11d,Reason for no account: lack money,= 1 if the respondent does not have an account (excluding mobile money accounts) because they don't have enough money to use one =2 if no =3 if don't know =4 if refused to answer Note: Asked only of respondents without a bank account. The country-level averages in the report and the databank displayed as a share of adults without an account are calculated excluding mobile money accounts.,Are any of the following statements reasons why you do not have an account at a bank or similar financial institution? Please answer yes or no to each of the following: You don't have enough money to open an account,"[{""value"": ""1"", ""label"": ""Yes""}, {""value"": ""2"", ""label"": ""No""}, {""value"": ""3"", ""label"": ""Don't know""}, {""value"": ""4"", ""label"": ""Refused""}, {""value"": ""Sysmiss"", ""label"": """"}]","{""<BLANK>"": 1051}",3;4,empty,0,0,1051,100.0,ALL_MISSING,FINANCIAL,FINANCIAL;HIGH_MISSING;ALL_MISSING;LOW_VARIANCE;POSSIBLE_LEAKAGE;EXCLUDED,QUESTIONNAIRE,EXCLUDE_ALL_MISSING,NO,DIRECT,"Target component, target-screened item, or close reconstruction of the outcome.",No observed values in Eswatini; conceptual leakage risk is DIRECT.,EXCLUDE_ALL_MISSING,NO,HIGH,Financial behaviour or transaction measured during/after the outcome period.,No observed values in Eswatini; conceptual leakage risk is HIGH.,fin11d,8,https://microdata.worldbank.org/catalog/7900/variable/F1/V44?name=fin11d
45,fin11e,Reason for no account: family member already has one,= 1 if the respondent does not have an account (excluding mobile money accounts) because someone else in the family already has an account =2 if no =3 if don't know =4 if refused to answer Note: Asked only of respondents without a bank account. The country-level averages in the report and the databank displayed as a share of adults without an account are calculated excluding mobile money accounts.,Are any of the following statements reasons why you do not have an account at a bank or similar financial institution? Please answer yes or no to each of the following: Someone else in the family already has an account,"[{""value"": ""1"", ""label"": ""Yes""}, {""value"": ""2"", ""label"": ""No""}, {""value"": ""3"", ""label"": ""Don't know""}, {""value"": ""4"", ""label"": ""Refused""}, {""value"": ""Sysmiss"", ""label"": """"}]","{""<BLANK>"": 1051}",3;4,empty,0,0,1051,100.0,ALL_MISSING,FINANCIAL,FINANCIAL;HIGH_MISSING;ALL_MISSING;LOW_VARIANCE;POSSIBLE_LEAKAGE;EXCLUDED,QUESTIONNAIRE,EXCLUDE_ALL_MISSING,NO,DIRECT,"Target component, target-screened item, or close reconstruction of the outcome.",No observed values in Eswatini; conceptual leakage risk is DIRECT.,EXCLUDE_ALL_MISSING,NO,HIGH,Financial behaviour or transaction measured during/after the outcome period.,No observed values in Eswatini; conceptual leakage risk is HIGH.,fin11e,8,https://microdata.worldbank.org/catalog/7900/variable/F1/V45?name=fin11e
46,fin11f,Reason for no account: lack trust,= 1 if the respondent does not have an account (excluding mobile money accounts) because they don't trust financial institutions =2 if no =3 if don't know =4 if refused to answer Note: Asked only of respondents without a bank account. The country-level averages in the report and the databank displayed as a share of adults without an account are calculated excluding mobile money accounts.,Are any of the following statements reasons why you do not have an account at a bank or similar financial institution? Please answer yes or no to each of the following: You don't trust financial institutions,"[{""value"": ""1"", ""label"": ""Yes""}, {""value"": ""2"", ""label"": ""No""}, {""value"": ""3"", ""label"": ""Don't know""}, {""value"": ""4"", ""label"": ""Refused""}, {""value"": ""Sysmiss"", ""label"": """"}]","{""<BLANK>"": 1051}",3;4,empty,0,0,1051,100.0,ALL_MISSING,FINANCIAL,FINANCIAL;HIGH_MISSING;ALL_MISSING;LOW_VARIANCE;POSSIBLE_LEAKAGE;EXCLUDED,QUESTIONNAIRE,EXCLUDE_ALL_MISSING,NO,DIRECT,"Target component, target-screened item, or close reconstruction of the outcome.",No observed values in Eswatini; conceptual leakage risk is DIRECT.,EXCLUDE_ALL_MISSING,NO,HIGH,Financial behaviour or transaction measured during/after the outcome period.,No observed values in Eswatini; conceptual leakage risk is HIGH.,fin11f,8,https://microdata.worldbank.org/catalog/7900/variable/F1/V46?name=fin11f
47,fin13_1,Mobile money meets financial needs,"=1 if yes, mobile money meets all financial needs =2 if would like to open a bank account =3 if don't know =4 if refused to answer Note: Asked only of respondents with a mobile money account but not a bank account.","Does your mobile money account meet all your financial needs, or would you also like to open an account at a bank?","[{""value"": ""1"", ""label"": ""Mobile money meets all financial needs""}, {""value"": ""2"", ""label"": ""Would like to open a bank account""}, {""value"": ""3"", ""label"": ""Don't know""}, {""value"": ""4"", ""label"": ""Refused""}, {""value"": ""Sysmiss"", ""label"": """"}]","{""1"": 128, ""2"": 97, ""3"": 17, ""4"": 1, ""<BLANK>"": 808}",3;4,integer,4,243,808,76.8792,HIGH_75_PLUS,FINANCIAL,FINANCIAL;HIGH_MISSING;POSSIBLE_LEAKAGE;EXCLUDED,QUESTIONNAIRE,EXCLUDE_HIGH_MISSING,CONDITIONAL,HIGH,Financial behaviour or transaction measured during/after the outcome period.,76.88% structurally missing; insufficient standalone coverage.,EXCLUDE_HIGH_MISSING,CONDITIONAL,DIRECT,"Target component, target-screened item, or close reconstruction of the outcome.",76.88% structurally missing; insufficient standalone coverage.,fin13_1,8;9,https://microdata.worldbank.org/catalog/7900/variable/F1/V47?name=fin13_1
48,fin13a,Frequency of money deposited into mobile money accounts,= 1 if money is deposited into the respondent's account(s) weekly =2 if money is deposited into the respondent's account (s) monthly =3 if money is deposited into the respondent's account less than once a month =4 if money is never deposited into the respondent's account =5 if don't know =6 if refused to answer Note: Asked only of mobile money account owners.,"In a typical month, how often is money deposited into your mobile money account(s)? This includes cash or electronic deposits, or any time money is put into your account. Weekly, monthly, or less than once a month?","[{""value"": ""1"", ""label"": ""Weekly""}, {""value"": ""2"", ""label"": ""Monthly""}, {""value"": ""3"", ""label"": ""Less than once a month""}, {""value"": ""4"", ""label"": ""Never""}, {""value"": ""5"", ""label"": ""Don't know""}, {""value"": ""6"", ""label"": ""Refused""}, {""value"": ""Sysmiss"", ""label"": """"}]","{""1"": 98, ""2"": 270, ""3"": 120, ""4"": 39, ""5"": 26, ""6"": 2, ""<BLANK>"": 496}",5;6,integer,6,555,496,47.1931,MODERATE_25_TO_49,FINANCIAL,FINANCIAL;POSSIBLE_LEAKAGE;EXCLUDED,QUESTIONNAIRE,EXCLUDE_POST_OUTCOME,NO,HIGH,Financial behaviour or transaction measured during/after the outcome period.,Financial behaviour or transaction measured during/after the outcome period.,EXCLUDE_DIRECT_LEAKAGE,NO,DIRECT,"Target component, target-screened item, or close reconstruction of the outcome.","Target component, target-screened item, or close reconstruction of the outcome.",fin13a,9,https://microdata.worldbank.org/catalog/7900/variable/F1/V48?name=fin13a
49,fin13b,Frequency of money sent from mobile money accounts,= 1 if money is sent from the respondent's account(s) weekly =2 if money is sent from the respondent's account (s) monthly =3 if money is sent from the respondent's account less than once a month =4 if money is never sent from the respondent's account =5 if don't know =6 if refused to answer Note: Asked only of mobile money account owners.,"In a typical month, how often is money sent from your mobile money account(s)? Weekly, monthly, or less than once a month?","[{""value"": ""1"", ""label"": ""Weekly""}, {""value"": ""2"", ""label"": ""Monthly""}, {""value"": ""3"", ""label"": ""Less than once a month""}, {""value"": ""4"", ""label"": ""Never""}, {""value"": ""5"", ""label"": ""Don't know""}, {""value"": ""6"", ""label"": ""Refused""}, {""value"": ""Sysmiss"", ""label"": """"}]","{""1"": 94, ""2"": 237, ""3"": 132, ""4"": 62, ""5"": 28, ""6"": 2, ""<BLANK>"": 496}",5;6,integer,6,555,496,47.1931,MODERATE_25_TO_49,FINANCIAL,FINANCIAL;POSSIBLE_LEAKAGE;EXCLUDED,QUESTIONNAIRE,EXCLUDE_POST_OUTCOME,NO,HIGH,Financial behaviour or transaction measured during/after the outcome period.,Financial behaviour or transaction measured during/after the outcome period.,EXCLUDE_DIRECT_LEAKAGE,NO,DIRECT,"Target component, target-screened item, or close reconstruction of the outcome.","Target component, target-screened item, or close reconstruction of the outcome.",fin13b,9,https://microdata.worldbank.org/catalog/7900/variable/F1/V49?name=fin13b
50,fin13c,Frequency of money taken out of mobile money accounts,= 1 if money is taken out of the respondent's account(s) weekly =2 if money is taken out of the respondent's account (s) monthly =3 if money is taken out of the respondent's account less than once a month =4 if money is never taken out of the respondent's account =5 if don't know =6 if refused to answer Note: Asked only of mobile money account owners.,"In a typical month, how many times is money taken out of your mobile money account(s)? Weekly, monthly, or less than once a month?","[{""value"": ""1"", ""label"": ""Weekly""}, {""value"": ""2"", ""label"": ""Monthly""}, {""value"": ""3"", ""label"": ""Less than once a month""}, {""value"": ""4"", ""label"": ""Never""}, {""value"": ""5"", ""label"": ""Don't know""}, {""value"": ""6"", ""label"": ""Refused""}, {""value"": ""Sysmiss"", ""label"": """"}]","{""1"": 123, ""2"": 237, ""3"": 120, ""4"": 38, ""5"": 34, ""6"": 3, ""<BLANK>"": 496}",5;6,integer,6,555,496,47.1931,MODERATE_25_TO_49,FINANCIAL,FINANCIAL;POSSIBLE_LEAKAGE;EXCLUDED,QUESTIONNAIRE,EXCLUDE_POST_OUTCOME,NO,HIGH,Financial behaviour or transaction measured during/after the outcome period.,Financial behaviour or transaction measured during/after the outcome period.,EXCLUDE_DIRECT_LEAKAGE,NO,DIRECT,"Target component, target-screened item, or close reconstruction of the outcome.","Target component, target-screened item, or close reconstruction of the outcome.",fin13c,9,https://microdata.worldbank.org/catalog/7900/variable/F1/V50?name=fin13c
51,fin13d,Store money in mobile money account,=1 if any money is kept in respondent's mobile money account(s) =2 if no =3 if don't know =4 if refused to answer Note: Asked only of mobile money account owners.,Do you typically keep any money in your mobile money account?,"[{""value"": ""1"", ""label"": ""Yes""}, {""value"": ""2"", ""label"": ""No""}, {""value"": ""3"", ""label"": ""Don't know""}, {""value"": ""4"", ""label"": ""Refused""}, {""value"": ""Sysmiss"", ""label"": """"}]","{""1"": 316, ""2"": 236, ""3"": 2, ""4"": 1, ""<BLANK>"": 496}",3;4,integer,4,555,496,47.1931,MODERATE_25_TO_49,FINANCIAL,FINANCIAL;POSSIBLE_LEAKAGE;EXCLUDED,QUESTIONNAIRE,EXCLUDE_POST_OUTCOME,NO,HIGH,Financial behaviour or transaction measured during/after the outcome period.,Financial behaviour or transaction measured during/after the outcome period.,EXCLUDE_DIRECT_LEAKAGE,NO,DIRECT,"Target component, target-screened item, or close reconstruction of the outcome.","Target component, target-screened item, or close reconstruction of the outcome.",fin13d,9,https://microdata.worldbank.org/catalog/7900/variable/F1/V51?name=fin13d
52,fin13e,Asked for mobile money PIN or password,=1 if respondent received a message from someone they didn't know asking for their mobile money PIN or password =2 if no =3 if don't know =4 if refused to answer Note: Asked only of mobile money account owners.,Has anyone you don't know ever sent you a message on your phone or called you asking for the PIN or password to your mobile money account?,"[{""value"": ""1"", ""label"": ""Yes""}, {""value"": ""2"", ""label"": ""No""}, {""value"": ""3"", ""label"": ""Don't know""}, {""value"": ""4"", ""label"": ""Refused""}, {""value"": ""Sysmiss"", ""label"": """"}]","{""1"": 202, ""2"": 351, ""3"": 1, ""4"": 1, ""<BLANK>"": 496}",3;4,integer,4,555,496,47.1931,MODERATE_25_TO_49,FINANCIAL,FINANCIAL;POSSIBLE_LEAKAGE;EXCLUDED,QUESTIONNAIRE,EXCLUDE_POST_OUTCOME,NO,HIGH,Financial behaviour or transaction measured during/after the outcome period.,Financial behaviour or transaction measured during/after the outcome period.,EXCLUDE_DIRECT_LEAKAGE,NO,DIRECT,"Target component, target-screened item, or close reconstruction of the outcome.","Target component, target-screened item, or close reconstruction of the outcome.",fin13e,9,https://microdata.worldbank.org/catalog/7900/variable/F1/V52?name=fin13e
53,fin13f,Sent money to the wrong number,=1 if respondent sent money to the wrong number =2 if no =3 if don't know =4 if refused to answer Note: Asked only of mobile money account owners.,Have you ever sent money from your mobile money account to the wrong number?,"[{""value"": ""1"", ""label"": ""Yes""}, {""value"": ""2"", ""label"": ""No""}, {""value"": ""3"", ""label"": ""Don't know""}, {""value"": ""4"", ""label"": ""Refused""}, {""value"": ""Sysmiss"", ""label"": """"}]","{""1"": 93, ""2"": 459, ""3"": 2, ""4"": 1, ""<BLANK>"": 496}",3;4,integer,4,555,496,47.1931,MODERATE_25_TO_49,FINANCIAL,FINANCIAL;POSSIBLE_LEAKAGE;EXCLUDED,QUESTIONNAIRE,EXCLUDE_POST_OUTCOME,NO,HIGH,Financial behaviour or transaction measured during/after the outcome period.,Financial behaviour or transaction measured during/after the outcome period.,EXCLUDE_DIRECT_LEAKAGE,NO,DIRECT,"Target component, target-screened item, or close reconstruction of the outcome.","Target component, target-screened item, or close reconstruction of the outcome.",fin13f,9;10,https://microdata.worldbank.org/catalog/7900/variable/F1/V53?name=fin13f
54,fin13f_1,Received money back after sending to the wrong number,=1 if respondent received money back after sending to the wrong number =2 if no =3 if don't know =4 if refused to answer Note: Asked only of mobile money account owners who answered yes to sending money to the wrong number.,Were you able to get back the money you sent to the wrong number?,"[{""value"": ""1"", ""label"": ""Yes""}, {""value"": ""2"", ""label"": ""No""}, {""value"": ""3"", ""label"": ""Don't know""}, {""value"": ""4"", ""label"": ""Refused""}, {""value"": ""Sysmiss"", ""label"": """"}]","{""1"": 54, ""2"": 39, ""<BLANK>"": 958}",3;4,integer,2,93,958,91.1513,HIGH_75_PLUS,FINANCIAL,FINANCIAL;HIGH_MISSING;POSSIBLE_LEAKAGE;EXCLUDED,QUESTIONNAIRE,EXCLUDE_HIGH_MISSING,CONDITIONAL,HIGH,Financial behaviour or transaction measured during/after the outcome period.,91.15% structurally missing; insufficient standalone coverage.,EXCLUDE_HIGH_MISSING,CONDITIONAL,DIRECT,"Target component, target-screened item, or close reconstruction of the outcome.",91.15% structurally missing; insufficient standalone coverage.,Fin13f_1,10,https://microdata.worldbank.org/catalog/7900/variable/F1/V54?name=fin13f_1
55,fin14a,Reason for no mobile money account: too far,= 1 if the respondent does not have a mobile money account because mobile money agents are too far away =2 if no =3 if don't know =4 if refused to answer Note: Asked only of respondents without a mobile money account in Sub- Saharan Africa. The country-level averages in the report and the databank displayed as a share of adults without an account are calculated excluding financial institution accounts.,Are any of the following statements reasons why you do not have a mobile money account? Please answer yes or no to each of the following: Mobile money agents are too far away,"[{""value"": ""1"", ""label"": ""Yes""}, {""value"": ""2"", ""label"": ""No""}, {""value"": ""3"", ""label"": ""Don't know""}, {""value"": ""4"", ""label"": ""Refused""}, {""value"": ""Sysmiss"", ""label"": """"}]","{""1"": 66, ""2"": 233, ""3"": 15, ""4"": 4, ""<BLANK>"": 733}",3;4,integer,4,318,733,69.7431,HIGH_50_TO_74,FINANCIAL,FINANCIAL;HIGH_MISSING;POSSIBLE_LEAKAGE;EXCLUDED,QUESTIONNAIRE,EXCLUDE_HIGH_MISSING,CONDITIONAL,HIGH,Financial behaviour or transaction measured during/after the outcome period.,69.74% structurally missing; insufficient standalone coverage.,EXCLUDE_HIGH_MISSING,CONDITIONAL,DIRECT,"Target component, target-screened item, or close reconstruction of the outcome.",69.74% structurally missing; insufficient standalone coverage.,fin14a,10,https://microdata.worldbank.org/catalog/7900/variable/F1/V55?name=fin14a
56,fin14b,Reason for no mobile money account: too expensive,= 1 if the respondent does not have a mobile money account because available mobile money products are too expensive =2 if no =3 if don't know =4 if refused to answer Note: Asked only of respondents without a mobile money account in Sub- Saharan Africa. The country-level averages in the report and the databank displayed as a share of adults without an account are calculated excluding financial institution accounts.,,"[{""value"": ""1"", ""label"": ""Yes""}, {""value"": ""2"", ""label"": ""No""}, {""value"": ""3"", ""label"": ""Don't know""}, {""value"": ""4"", ""label"": ""Refused""}, {""value"": ""Sysmiss"", ""label"": """"}]","{""1"": 68, ""2"": 219, ""3"": 28, ""4"": 3, ""<BLANK>"": 733}",3;4,integer,4,318,733,69.7431,HIGH_50_TO_74,FINANCIAL,FINANCIAL;HIGH_MISSING;POSSIBLE_LEAKAGE;EXCLUDED,QUESTIONNAIRE,EXCLUDE_HIGH_MISSING,CONDITIONAL,HIGH,Financial behaviour or transaction measured during/after the outcome period.,69.74% structurally missing; insufficient standalone coverage.,EXCLUDE_HIGH_MISSING,CONDITIONAL,DIRECT,"Target component, target-screened item, or close reconstruction of the outcome.",69.74% structurally missing; insufficient standalone coverage.,fin14b,10,https://microdata.worldbank.org/catalog/7900/variable/F1/V56?name=fin14b
57,fin14c,Reason for no mobile money account: lack documentation,= 1 if the respondent does not have a mobile money account because they don't have the necessary documentation =2 if no =3 if don't know =4 if refused to answer Note: Asked only of respondents without a mobile money account in Sub- Saharan Africa. The country-level averages in the report and the databank displayed as a share of adults without an account are calculated excluding financial institution accounts.,,"[{""value"": ""1"", ""label"": ""Yes""}, {""value"": ""2"", ""label"": ""No""}, {""value"": ""3"", ""label"": ""Don't know""}, {""value"": ""4"", ""label"": ""Refused""}, {""value"": ""Sysmiss"", ""label"": """"}]","{""1"": 113, ""2"": 189, ""3"": 14, ""4"": 2, ""<BLANK>"": 733}",3;4,integer,4,318,733,69.7431,HIGH_50_TO_74,FINANCIAL,FINANCIAL;HIGH_MISSING;POSSIBLE_LEAKAGE;EXCLUDED,QUESTIONNAIRE,EXCLUDE_HIGH_MISSING,CONDITIONAL,HIGH,Financial behaviour or transaction measured during/after the outcome period.,69.74% structurally missing; insufficient standalone coverage.,EXCLUDE_HIGH_MISSING,CONDITIONAL,DIRECT,"Target component, target-screened item, or close reconstruction of the outcome.",69.74% structurally missing; insufficient standalone coverage.,fin14c,10,https://microdata.worldbank.org/catalog/7900/variable/F1/V57?name=fin14c
58,fin14d,Reason for no mobile money account: lack of money,= 1 if the respondent does not have a mobile money account because they don't have enough money to use a mobile money account =2 if no =3 if don't know =4 if refused to answer Note: Asked only of respondents without a mobile money account in Sub- Saharan Africa. The country-level averages in the report and the databank displayed as a share of adults without an account are calculated excluding financial institution accounts.,,"[{""value"": ""1"", ""label"": ""Yes""}, {""value"": ""2"", ""label"": ""No""}, {""value"": ""3"", ""label"": ""Don't know""}, {""value"": ""4"", ""label"": ""Refused""}, {""value"": ""Sysmiss"", ""label"": """"}]","{""1"": 170, ""2"": 140, ""3"": 6, ""4"": 2, ""<BLANK>"": 733}",3;4,integer,4,318,733,69.7431,HIGH_50_TO_74,FINANCIAL,FINANCIAL;HIGH_MISSING;POSSIBLE_LEAKAGE;EXCLUDED,QUESTIONNAIRE,EXCLUDE_HIGH_MISSING,CONDITIONAL,HIGH,Financial behaviour or transaction measured during/after the outcome period.,69.74% structurally missing; insufficient standalone coverage.,EXCLUDE_HIGH_MISSING,CONDITIONAL,DIRECT,"Target component, target-screened item, or close reconstruction of the outcome.",69.74% structurally missing; insufficient standalone coverage.,fin14d,10;11,https://microdata.worldbank.org/catalog/7900/variable/F1/V58?name=fin14d
59,fin14e,Reason for no mobile money account: worried about security,= 1 if the respondent does not have a mobile money account because they are worried about the safety of money in their account =2 if no =3 if don't know =4 if refused to answer Note: Asked only of respondents without a mobile money account in Sub- Saharan Africa. The country-level averages in the report and the databank displayed as a share of adults without an account are calculated excluding financial institution accounts.,,"[{""value"": ""1"", ""label"": ""Yes""}, {""value"": ""2"", ""label"": ""No""}, {""value"": ""3"", ""label"": ""Don't know""}, {""value"": ""4"", ""label"": ""Refused""}, {""value"": ""Sysmiss"", ""label"": """"}]","{""1"": 84, ""2"": 215, ""3"": 18, ""4"": 1, ""<BLANK>"": 733}",3;4,integer,4,318,733,69.7431,HIGH_50_TO_74,FINANCIAL,FINANCIAL;HIGH_MISSING;POSSIBLE_LEAKAGE;EXCLUDED,QUESTIONNAIRE,EXCLUDE_HIGH_MISSING,CONDITIONAL,HIGH,Financial behaviour or transaction measured during/after the outcome period.,69.74% structurally missing; insufficient standalone coverage.,EXCLUDE_HIGH_MISSING,CONDITIONAL,DIRECT,"Target component, target-screened item, or close reconstruction of the outcome.",69.74% structurally missing; insufficient standalone coverage.,fin14e,11,https://microdata.worldbank.org/catalog/7900/variable/F1/V59?name=fin14e
60,fin15,Used an agent or someone else to make a mobile money payment,=1 if respondent ever used an agent or someone else to make a mobile money payment for them =2 if no =3 if don't know =4 if refused to answer Note: Asked only of respondents without a mobile money account.,Do you ever use an agent or ask someone else to make a mobile money payment for you?,"[{""value"": ""1"", ""label"": ""Yes""}, {""value"": ""2"", ""label"": ""No""}, {""value"": ""3"", ""label"": ""Don't know""}, {""value"": ""4"", ""label"": ""Refused""}, {""value"": ""Sysmiss"", ""label"": """"}]","{""1"": 63, ""2"": 248, ""3"": 6, ""4"": 1, ""<BLANK>"": 733}",3;4,integer,4,318,733,69.7431,HIGH_50_TO_74,FINANCIAL,FINANCIAL;HIGH_MISSING;POSSIBLE_LEAKAGE;EXCLUDED,QUESTIONNAIRE,EXCLUDE_HIGH_MISSING,CONDITIONAL,HIGH,Financial behaviour or transaction measured during/after the outcome period.,69.74% structurally missing; insufficient standalone coverage.,EXCLUDE_HIGH_MISSING,CONDITIONAL,DIRECT,"Target component, target-screened item, or close reconstruction of the outcome.",69.74% structurally missing; insufficient standalone coverage.,fin15,11,https://microdata.worldbank.org/catalog/7900/variable/F1/V60?name=fin15
61,fin16,Ever had a mobile money account,=1 if respondent ever had a mobile money account =2 if no =3 if don't know =4 if refused to answer Note: Asked only of respondents without a mobile money account in.,Have you ever had a mobile money account such as [insert local terminology for mobile money products]?,"[{""value"": ""1"", ""label"": ""Yes""}, {""value"": ""2"", ""label"": ""No""}, {""value"": ""3"", ""label"": ""Don't know""}, {""value"": ""4"", ""label"": ""Refused""}, {""value"": ""Sysmiss"", ""label"": """"}]","{""1"": 78, ""2"": 235, ""3"": 4, ""4"": 1, ""<BLANK>"": 733}",3;4,integer,4,318,733,69.7431,HIGH_50_TO_74,FINANCIAL,FINANCIAL;HIGH_MISSING;POSSIBLE_LEAKAGE;EXCLUDED,QUESTIONNAIRE,EXCLUDE_HIGH_MISSING,CONDITIONAL,HIGH,Financial behaviour or transaction measured during/after the outcome period.,69.74% structurally missing; insufficient standalone coverage.,EXCLUDE_HIGH_MISSING,CONDITIONAL,DIRECT,"Target component, target-screened item, or close reconstruction of the outcome.",69.74% structurally missing; insufficient standalone coverage.,fin16,11,https://microdata.worldbank.org/catalog/7900/variable/F1/V61?name=fin16
62,fin17a,Saved at a bank or similar financial institution,=1 if respondent saved at a bank or similar financial institution =2 if no =3 if don't know =4 if refused,"In the past 12 months, have you saved or set aside any money by: using an account at a bank or similar financial institution?","[{""value"": ""1"", ""label"": ""Yes""}, {""value"": ""2"", ""label"": ""No""}, {""value"": ""3"", ""label"": ""Don't know""}, {""value"": ""4"", ""label"": ""Refused""}]","{""1"": 212, ""2"": 830, ""3"": 8, ""4"": 1}",3;4,integer,4,1051,0,0.0,NONE,FINANCIAL,FINANCIAL;POSSIBLE_LEAKAGE;EXCLUDED,QUESTIONNAIRE,EXCLUDE_POST_OUTCOME,NO,HIGH,Financial behaviour or transaction measured during/after the outcome period.,Financial behaviour or transaction measured during/after the outcome period.,EXCLUDE_POST_OUTCOME,NO,HIGH,Financial behaviour or transaction measured during/after the outcome period.,Financial behaviour or transaction measured during/after the outcome period.,fin17a,11,https://microdata.worldbank.org/catalog/7900/variable/F1/V62?name=fin17a
63,fin17b,Saved using a mobile money account,=1 if respondent saved using a mobile money account =2 if no =3 if don't know =4 if refused to answer Note: Asked only of respondents with a mobile money account.,"In the past 12 months, have you saved or set aside any money by: using a mobile money account?","[{""value"": ""1"", ""label"": ""Yes""}, {""value"": ""2"", ""label"": ""No""}, {""value"": ""3"", ""label"": ""Don't know""}, {""value"": ""4"", ""label"": ""Refused""}, {""value"": ""Sysmiss"", ""label"": """"}]","{""1"": 295, ""2"": 379, ""3"": 3, ""<BLANK>"": 374}",3;4,integer,3,677,374,35.5852,MODERATE_25_TO_49,FINANCIAL,FINANCIAL;POSSIBLE_LEAKAGE;EXCLUDED,QUESTIONNAIRE,EXCLUDE_POST_OUTCOME,NO,HIGH,Financial behaviour or transaction measured during/after the outcome period.,Financial behaviour or transaction measured during/after the outcome period.,EXCLUDE_POST_OUTCOME,NO,HIGH,Financial behaviour or transaction measured during/after the outcome period.,Financial behaviour or transaction measured during/after the outcome period.,fin17b,11,https://microdata.worldbank.org/catalog/7900/variable/F1/V63?name=fin17b
64,fin17c,Saved using a savings club or a person outside the family,=1 if respondent saved using a savings club or person outside of the family =2 if no =3 if don't know =4 if refused to answer,"In the past 12 months, have you saved or set aside any money by: using an informal savings group/club such as [insert local terminology for savings group/club] or a person outside the family?","[{""value"": ""1"", ""label"": ""Yes""}, {""value"": ""2"", ""label"": ""No""}, {""value"": ""3"", ""label"": ""Don't know""}, {""value"": ""4"", ""label"": ""Refused""}]","{""1"": 271, ""2"": 772, ""3"": 6, ""4"": 2}",3;4,integer,4,1051,0,0.0,NONE,FINANCIAL,FINANCIAL;POSSIBLE_LEAKAGE;EXCLUDED,QUESTIONNAIRE,EXCLUDE_POST_OUTCOME,NO,HIGH,Financial behaviour or transaction measured during/after the outcome period.,Financial behaviour or transaction measured during/after the outcome period.,EXCLUDE_POST_OUTCOME,NO,HIGH,Financial behaviour or transaction measured during/after the outcome period.,Financial behaviour or transaction measured during/after the outcome period.,fin17c,11,https://microdata.worldbank.org/catalog/7900/variable/F1/V64?name=fin17c
65,fin17d,Formal saving frequency,=1 if respondent saved using an account (bank or mobile money) weekly =2 if respondent saved using an account (bank or mobile money) monthly =3 if respondent saved using an account (bank or mobile money) less than once a month =4 if don't know =5 if refused Note: Asked only of respondents who report saving using an account (bank or mobile money).,"In a typical month, how often do you save or set aside money into an account? Weekly, monthly, or less than once a month?","[{""value"": ""1"", ""label"": ""Weekly""}, {""value"": ""2"", ""label"": ""Monthly""}, {""value"": ""3"", ""label"": ""Less than once a month""}, {""value"": ""4"", ""label"": ""Don't know""}, {""value"": ""5"", ""label"": ""Refused""}, {""value"": ""Sysmiss"", ""label"": """"}]","{""1"": 66, ""2"": 201, ""3"": 103, ""4"": 34, ""5"": 2, ""<BLANK>"": 645}",4;5,integer,5,406,645,61.3701,HIGH_50_TO_74,FINANCIAL,FINANCIAL;HIGH_MISSING;POSSIBLE_LEAKAGE;EXCLUDED,QUESTIONNAIRE,EXCLUDE_HIGH_MISSING,CONDITIONAL,HIGH,Financial behaviour or transaction measured during/after the outcome period.,61.37% structurally missing; insufficient standalone coverage.,EXCLUDE_HIGH_MISSING,CONDITIONAL,HIGH,Financial behaviour or transaction measured during/after the outcome period.,61.37% structurally missing; insufficient standalone coverage.,fin17d,11;12,https://microdata.worldbank.org/catalog/7900/variable/F1/V65?name=fin17d
66,fin17e,Received interest,=1 if respondent received additional money for the savings in their account =2 if no =3 if don't know =4 if refused Note: Asked only of respondents who report saving using an account (bank or mobile money),"In the past 12 months, did you receive interest or additional money for the savings in your account?","[{""value"": ""1"", ""label"": ""Yes""}, {""value"": ""2"", ""label"": ""No""}, {""value"": ""3"", ""label"": ""Don't know""}, {""value"": ""4"", ""label"": ""Refused""}, {""value"": ""Sysmiss"", ""label"": """"}]","{""1"": 112, ""2"": 283, ""3"": 10, ""4"": 1, ""<BLANK>"": 645}",3;4,integer,4,406,645,61.3701,HIGH_50_TO_74,FINANCIAL,FINANCIAL;HIGH_MISSING;POSSIBLE_LEAKAGE;EXCLUDED,QUESTIONNAIRE,EXCLUDE_HIGH_MISSING,CONDITIONAL,HIGH,Financial behaviour or transaction measured during/after the outcome period.,61.37% structurally missing; insufficient standalone coverage.,EXCLUDE_HIGH_MISSING,CONDITIONAL,HIGH,Financial behaviour or transaction measured during/after the outcome period.,61.37% structurally missing; insufficient standalone coverage.,fin17e,12,https://microdata.worldbank.org/catalog/7900/variable/F1/V66?name=fin17e
67,fin17f,Saved formally for old age,=1 if respondent saved or set aside money for old age =2 if no =3 if don't know =4 if refused Note: Asked only of respondents who report saving using an account (bank or mobile money),"In the past 12 months, have you saved or set aside any money for your old age?","[{""value"": ""1"", ""label"": ""Yes""}, {""value"": ""2"", ""label"": ""No""}, {""value"": ""3"", ""label"": ""Don't know""}, {""value"": ""4"", ""label"": ""Refused""}, {""value"": ""Sysmiss"", ""label"": """"}]","{""1"": 100, ""2"": 304, ""3"": 2, ""<BLANK>"": 645}",3;4,integer,3,406,645,61.3701,HIGH_50_TO_74,FINANCIAL,FINANCIAL;HIGH_MISSING;POSSIBLE_LEAKAGE;EXCLUDED,QUESTIONNAIRE,EXCLUDE_HIGH_MISSING,CONDITIONAL,HIGH,Financial behaviour or transaction measured during/after the outcome period.,61.37% structurally missing; insufficient standalone coverage.,EXCLUDE_HIGH_MISSING,CONDITIONAL,HIGH,Financial behaviour or transaction measured during/after the outcome period.,61.37% structurally missing; insufficient standalone coverage.,fin17f,12,https://microdata.worldbank.org/catalog/7900/variable/F1/V67?name=fin17f
68,fin18,Saved for any reason,"=1 if respondent saved or set aside money for any reason =2 if no =3 if don't know =4 if refused Note: Asked only of respondents who do not save using an account (bank or mobile money), using a savings group or club, or for old age.","In the past 12 months, have you saved or set aside any money for any reason?","[{""value"": ""1"", ""label"": ""Yes""}, {""value"": ""2"", ""label"": ""No""}, {""value"": ""3"", ""label"": ""Don't know""}, {""value"": ""4"", ""label"": ""Refused""}, {""value"": ""Sysmiss"", ""label"": """"}]","{""1"": 141, ""2"": 368, ""3"": 3, ""<BLANK>"": 539}",3;4,integer,3,512,539,51.2845,HIGH_50_TO_74,FINANCIAL,FINANCIAL;HIGH_MISSING;POSSIBLE_LEAKAGE;EXCLUDED,QUESTIONNAIRE,EXCLUDE_HIGH_MISSING,CONDITIONAL,HIGH,Financial behaviour or transaction measured during/after the outcome period.,51.28% structurally missing; insufficient standalone coverage.,EXCLUDE_HIGH_MISSING,CONDITIONAL,HIGH,Financial behaviour or transaction measured during/after the outcome period.,51.28% structurally missing; insufficient standalone coverage.,fin18,12,https://microdata.worldbank.org/catalog/7900/variable/F1/V68?name=fin18
69,fin19,Made regular payments to insurance agent or company,=1 if respondent made regular payments to an insurance agent or company =2 if no =3 if don't know =4 if refused,"In the past 12 months, have you made any regular payments to an insurance agent or company?","[{""value"": ""1"", ""label"": ""Yes""}, {""value"": ""2"", ""label"": ""No""}, {""value"": ""3"", ""label"": ""Don't know""}, {""value"": ""4"", ""label"": ""Refused""}]","{""1"": 233, ""2"": 804, ""3"": 11, ""4"": 3}",3;4,integer,4,1051,0,0.0,NONE,FINANCIAL,FINANCIAL;POSSIBLE_LEAKAGE;EXCLUDED,QUESTIONNAIRE,EXCLUDE_POST_OUTCOME,NO,HIGH,Financial behaviour or transaction measured during/after the outcome period.,Financial behaviour or transaction measured during/after the outcome period.,EXCLUDE_POST_OUTCOME,NO,HIGH,Financial behaviour or transaction measured during/after the outcome period.,Financial behaviour or transaction measured during/after the outcome period.,fin19,12,https://microdata.worldbank.org/catalog/7900/variable/F1/V69?name=fin19
70,fin20,Applied for a loan using a mobile phone,=1 if respondent applied for a loan using a mobile phone =2 if no =3 if don't know =4 if refused,"In the past 12 months, have you applied for a loan using a mobile phone?","[{""value"": ""1"", ""label"": ""Yes""}, {""value"": ""2"", ""label"": ""No""}, {""value"": ""3"", ""label"": ""Don't know""}, {""value"": ""4"", ""label"": ""Refused""}]","{""1"": 358, ""2"": 689, ""3"": 3, ""4"": 1}",3;4,integer,4,1051,0,0.0,NONE,FINANCIAL,FINANCIAL;POSSIBLE_LEAKAGE;EXCLUDED,QUESTIONNAIRE,EXCLUDE_POST_OUTCOME,NO,HIGH,Financial behaviour or transaction measured during/after the outcome period.,Financial behaviour or transaction measured during/after the outcome period.,EXCLUDE_POST_OUTCOME,NO,HIGH,Financial behaviour or transaction measured during/after the outcome period.,Financial behaviour or transaction measured during/after the outcome period.,fin20,12,https://microdata.worldbank.org/catalog/7900/variable/F1/V70?name=fin20
71,fin21,Received loan applied for using a mobile phone,=1 if respondent received a loan that they applied for using a mobile phone =2 if no =3 if don't know =4 if refused Note: Asked only of respondents who report applying for a loan using a mobile phone,Did you receive this loan?,"[{""value"": ""1"", ""label"": ""Yes""}, {""value"": ""2"", ""label"": ""No""}, {""value"": ""3"", ""label"": ""Don't know""}, {""value"": ""4"", ""label"": ""Refused""}, {""value"": ""Sysmiss"", ""label"": """"}]","{""1"": 279, ""2"": 79, ""<BLANK>"": 693}",3;4,integer,2,358,693,65.9372,HIGH_50_TO_74,FINANCIAL,FINANCIAL;HIGH_MISSING;POSSIBLE_LEAKAGE;EXCLUDED,QUESTIONNAIRE,EXCLUDE_HIGH_MISSING,CONDITIONAL,HIGH,Financial behaviour or transaction measured during/after the outcome period.,65.94% structurally missing; insufficient standalone coverage.,EXCLUDE_HIGH_MISSING,CONDITIONAL,HIGH,Financial behaviour or transaction measured during/after the outcome period.,65.94% structurally missing; insufficient standalone coverage.,fin21,12,https://microdata.worldbank.org/catalog/7900/variable/F1/V71?name=fin21
72,fin22a,Borrowed from a formal bank or similar financial institution,=1 if respondent borrowed from a bank or a similar financial institution =2 if no =3 if don't know =4 if refused,"In the past 12 months, have you borrowed any money from a bank or a similar financial institution?","[{""value"": ""1"", ""label"": ""Yes""}, {""value"": ""2"", ""label"": ""No""}, {""value"": ""3"", ""label"": ""Don't know""}, {""value"": ""4"", ""label"": ""Refused""}]","{""1"": 108, ""2"": 938, ""3"": 5}",3;4,integer,3,1051,0,0.0,NONE,FINANCIAL,FINANCIAL;POSSIBLE_LEAKAGE;EXCLUDED,QUESTIONNAIRE,EXCLUDE_POST_OUTCOME,NO,HIGH,Financial behaviour or transaction measured during/after the outcome period.,Financial behaviour or transaction measured during/after the outcome period.,EXCLUDE_POST_OUTCOME,NO,HIGH,Financial behaviour or transaction measured during/after the outcome period.,Financial behaviour or transaction measured during/after the outcome period.,fin22a,12,https://microdata.worldbank.org/catalog/7900/variable/F1/V72?name=fin22a
73,fin22a_1,Borrowed from a mobile money provider,= 1 if respondent borrowed from a bank or a similar financial institution =2 if no =3 if don't know =4 if refused Note: Asked only of respondents who have a mobile money account.,"In the past 12 months, have you borrowed any money from your mobile money provider?","[{""value"": ""1"", ""label"": ""Yes""}, {""value"": ""2"", ""label"": ""No""}, {""value"": ""3"", ""label"": ""Don't know""}, {""value"": ""4"", ""label"": ""Refused""}, {""value"": ""Sysmiss"", ""label"": """"}]","{""1"": 228, ""2"": 438, ""3"": 11, ""<BLANK>"": 374}",3;4,integer,3,677,374,35.5852,MODERATE_25_TO_49,FINANCIAL,FINANCIAL;POSSIBLE_LEAKAGE;EXCLUDED,QUESTIONNAIRE,EXCLUDE_POST_OUTCOME,NO,HIGH,Financial behaviour or transaction measured during/after the outcome period.,Financial behaviour or transaction measured during/after the outcome period.,EXCLUDE_POST_OUTCOME,NO,HIGH,Financial behaviour or transaction measured during/after the outcome period.,Financial behaviour or transaction measured during/after the outcome period.,fin22a_1,13,https://microdata.worldbank.org/catalog/7900/variable/F1/V73?name=fin22a_1
74,fin22b,Borrowed from friends or family,= 1 if respondent borrowed from friends or family =2 if no =3 if don't know =4 if refused,"In the past 12 months, have you borrowed any money from family, relatives, or friends?","[{""value"": ""1"", ""label"": ""Yes""}, {""value"": ""2"", ""label"": ""No""}, {""value"": ""3"", ""label"": ""Don't know""}, {""value"": ""4"", ""label"": ""Refused""}]","{""1"": 499, ""2"": 547, ""3"": 4, ""4"": 1}",3;4,integer,4,1051,0,0.0,NONE,FINANCIAL,FINANCIAL;POSSIBLE_LEAKAGE;EXCLUDED,QUESTIONNAIRE,EXCLUDE_POST_OUTCOME,NO,HIGH,Financial behaviour or transaction measured during/after the outcome period.,Financial behaviour or transaction measured during/after the outcome period.,EXCLUDE_POST_OUTCOME,NO,HIGH,Financial behaviour or transaction measured during/after the outcome period.,Financial behaviour or transaction measured during/after the outcome period.,fin22b,13,https://microdata.worldbank.org/catalog/7900/variable/F1/V74?name=fin22b
75,fin22c,Borrowed from an informal savings club,=1 if respondent borrowed from an informal savings group or club =2 if no =3 if don't know =4 if refused Note: Asked only of respondents who saved using an informal savings group or club,"In the past 12 months, have you borrowed any money from informal savings group/club such as [insert local terminology for savings group/club]?","[{""value"": ""1"", ""label"": ""Yes""}, {""value"": ""2"", ""label"": ""No""}, {""value"": ""3"", ""label"": ""Don't know""}, {""value"": ""4"", ""label"": ""Refused""}, {""value"": ""Sysmiss"", ""label"": """"}]","{""1"": 155, ""2"": 115, ""4"": 1, ""<BLANK>"": 780}",3;4,integer,3,271,780,74.215,HIGH_50_TO_74,FINANCIAL,FINANCIAL;HIGH_MISSING;POSSIBLE_LEAKAGE;EXCLUDED,QUESTIONNAIRE,EXCLUDE_HIGH_MISSING,CONDITIONAL,HIGH,Financial behaviour or transaction measured during/after the outcome period.,74.22% structurally missing; insufficient standalone coverage.,EXCLUDE_HIGH_MISSING,CONDITIONAL,HIGH,Financial behaviour or transaction measured during/after the outcome period.,74.22% structurally missing; insufficient standalone coverage.,fin22c,13,https://microdata.worldbank.org/catalog/7900/variable/F1/V75?name=fin22c
76,fin22d,Borrowed for health or medical purposes,=1 if respondent borrowed money for health or medical purposes =2 if no =3 if don't know =4 if refused,"In the past 12 months, have you borrowed money for health or medical purposes?","[{""value"": ""1"", ""label"": ""Yes""}, {""value"": ""2"", ""label"": ""No""}, {""value"": ""3"", ""label"": ""Don't know""}, {""value"": ""4"", ""label"": ""Refused""}]","{""1"": 283, ""2"": 763, ""3"": 4, ""4"": 1}",3;4,integer,4,1051,0,0.0,NONE,FINANCIAL,FINANCIAL;POSSIBLE_LEAKAGE;EXCLUDED,QUESTIONNAIRE,EXCLUDE_POST_OUTCOME,NO,HIGH,Financial behaviour or transaction measured during/after the outcome period.,Financial behaviour or transaction measured during/after the outcome period.,EXCLUDE_POST_OUTCOME,NO,HIGH,Financial behaviour or transaction measured during/after the outcome period.,Financial behaviour or transaction measured during/after the outcome period.,fin22d,13,https://microdata.worldbank.org/catalog/7900/variable/F1/V76?name=fin22d
77,fin22e,Borrowed to start or operate a business,=1 if respondent borrowed money to start or operate a business =2 if no =3 if don't know =4 if refused,"In the past 12 months, have you borrowed money to start or operate a business?","[{""value"": ""1"", ""label"": ""Yes""}, {""value"": ""2"", ""label"": ""No""}, {""value"": ""3"", ""label"": ""Don't know""}, {""value"": ""4"", ""label"": ""Refused""}]","{""1"": 210, ""2"": 838, ""3"": 2, ""4"": 1}",3;4,integer,4,1051,0,0.0,NONE,FINANCIAL,FINANCIAL;POSSIBLE_LEAKAGE;EXCLUDED,QUESTIONNAIRE,EXCLUDE_POST_OUTCOME,NO,HIGH,Financial behaviour or transaction measured during/after the outcome period.,Financial behaviour or transaction measured during/after the outcome period.,EXCLUDE_POST_OUTCOME,NO,HIGH,Financial behaviour or transaction measured during/after the outcome period.,Financial behaviour or transaction measured during/after the outcome period.,fin22e,13,https://microdata.worldbank.org/catalog/7900/variable/F1/V77?name=fin22e
78,fin22f,Purchased food on credit,=1 if respondent purchased household food but paid for it at a later date =2 if no =3 if don't know =4 if refused,"In the past 12 months, did you ever buy household food but pay for it at a later date?","[{""value"": ""1"", ""label"": ""Yes""}, {""value"": ""2"", ""label"": ""No""}, {""value"": ""3"", ""label"": ""Don't know""}, {""value"": ""4"", ""label"": ""Refused""}]","{""1"": 203, ""2"": 843, ""3"": 5}",3;4,integer,3,1051,0,0.0,NONE,FINANCIAL,FINANCIAL;POSSIBLE_LEAKAGE;EXCLUDED,QUESTIONNAIRE,EXCLUDE_POST_OUTCOME,NO,HIGH,Financial behaviour or transaction measured during/after the outcome period.,Financial behaviour or transaction measured during/after the outcome period.,EXCLUDE_POST_OUTCOME,NO,HIGH,Financial behaviour or transaction measured during/after the outcome period.,Financial behaviour or transaction measured during/after the outcome period.,fin22f,13,https://microdata.worldbank.org/catalog/7900/variable/F1/V78?name=fin22f
79,fin22g,Used a credit card,=1 if respondent used their credit card =2 if no =3 if don't know =4 if refused Note: Asked only of respondents who have a credit card.,"In the past 12 months, have you used your credit card?","[{""value"": ""1"", ""label"": ""Yes""}, {""value"": ""2"", ""label"": ""No""}, {""value"": ""3"", ""label"": ""Don't know""}, {""value"": ""4"", ""label"": ""Refused""}, {""value"": ""Sysmiss"", ""label"": """"}]","{""1"": 38, ""2"": 29, ""3"": 1, ""<BLANK>"": 983}",3;4,integer,3,68,983,93.53,HIGH_75_PLUS,FINANCIAL,FINANCIAL;HIGH_MISSING;POSSIBLE_LEAKAGE;EXCLUDED,QUESTIONNAIRE,EXCLUDE_HIGH_MISSING,CONDITIONAL,HIGH,Financial behaviour or transaction measured during/after the outcome period.,93.53% structurally missing; insufficient standalone coverage.,EXCLUDE_HIGH_MISSING,CONDITIONAL,HIGH,Financial behaviour or transaction measured during/after the outcome period.,93.53% structurally missing; insufficient standalone coverage.,fin22g,13,https://microdata.worldbank.org/catalog/7900/variable/F1/V79?name=fin22g
80,fin22h,Paid off all credit card balances in full by their due date,=1 if respondent paid off all of their credit card balances in full by their due date =2 if no =3 if don't know =4 if refused Note: Asked only of respondents who used a credit card,"In the past 12 months, did you pay off all your credit card balances in full by their due date?","[{""value"": ""1"", ""label"": ""Yes""}, {""value"": ""2"", ""label"": ""No""}, {""value"": ""3"", ""label"": ""Don't know""}, {""value"": ""4"", ""label"": ""Refused""}, {""value"": ""Sysmiss"", ""label"": """"}]","{""1"": 25, ""2"": 11, ""3"": 1, ""4"": 1, ""<BLANK>"": 1013}",3;4,integer,4,38,1013,96.3844,HIGH_75_PLUS,FINANCIAL,FINANCIAL;HIGH_MISSING;POSSIBLE_LEAKAGE;EXCLUDED,QUESTIONNAIRE,EXCLUDE_HIGH_MISSING,CONDITIONAL,HIGH,Financial behaviour or transaction measured during/after the outcome period.,96.38% structurally missing; insufficient standalone coverage.,EXCLUDE_HIGH_MISSING,CONDITIONAL,HIGH,Financial behaviour or transaction measured during/after the outcome period.,96.38% structurally missing; insufficient standalone coverage.,fin22h,13,https://microdata.worldbank.org/catalog/7900/variable/F1/V80?name=fin22h
81,fin23,Borrowed money for any reason,"=1 if respondent borrowed money from any source for any reason =2 if no =3 if don't know =4 if refused Note: Asked only of respondents who do not answer yes to fin22a, fin22a_1, fin22b, fin22c, and fin22g.","In the past 12 months, have you borrowed money from any source for any reason?","[{""value"": ""1"", ""label"": ""Yes""}, {""value"": ""2"", ""label"": ""No""}, {""value"": ""3"", ""label"": ""Don't know""}, {""value"": ""4"", ""label"": ""Refused""}, {""value"": ""Sysmiss"", ""label"": """"}]","{""1"": 57, ""2"": 345, ""3"": 2, ""<BLANK>"": 647}",3;4,integer,3,404,647,61.5604,HIGH_50_TO_74,FINANCIAL,FINANCIAL;HIGH_MISSING;POSSIBLE_LEAKAGE;EXCLUDED,QUESTIONNAIRE,EXCLUDE_HIGH_MISSING,CONDITIONAL,HIGH,Financial behaviour or transaction measured during/after the outcome period.,61.56% structurally missing; insufficient standalone coverage.,EXCLUDE_HIGH_MISSING,CONDITIONAL,HIGH,Financial behaviour or transaction measured during/after the outcome period.,61.56% structurally missing; insufficient standalone coverage.,fin23,13;14,https://microdata.worldbank.org/catalog/7900/variable/F1/V81?name=fin23
82,fin24,Main source of emergency money in 30 days,"= 1 if the respondent's main source of emergency funds is savings = 2 if the respondent's main source of emergency funds is family, relatives, or friends = 3 if the respondent's main source of emergency funds is money from working = 4 if the respondent's main source of emergency funds is borrowing from a bank, employer, or private lender = 5 if the respondent's main source of emergency funds is sale of assets = 6 if the respondent's main source of emergency funds is from some other source = 7 if the respondent could not come up with the money = 8 if don't know = 9 if refused to answer","Now, imagine that you have an emergency and you need to pay [insert 1/20 of local GNI per capita]. What would be the MAIN source of money that you would use to come up with [insert 1/20 of local GNI per capita] within the next 30 days? Please choose only one response from the following. 1. Savings 2. Family, relatives, or friends 3. Money from working 4. A loan from a financial institution, an employer, or a private lender 5. Selling something you own such as jewelrey 6. Some other source 7. I could not come up with the money","[{""value"": ""1"", ""label"": ""Savings""}, {""value"": ""2"", ""label"": ""Family, relatives, or friends""}, {""value"": ""3"", ""label"": ""Money from working""}, {""value"": ""4"", ""label"": ""A loan from a financial institution, an employer, or a private lender""}, {""value"": ""5"", ""label"": ""Selling something you own such as jewelery or livestock""}, {""value"": ""6"", ""label"": ""Some other source""}, {""value"": ""7"", ""label"": ""I could not come up with the money""}, {""value"": ""8"", ""label"": ""Don't know""}, {""value"": ""9"", ""label"": ""Refused""}]","{""1"": 122, ""2"": 303, ""3"": 80, ""4"": 130, ""5"": 118, ""6"": 27, ""7"": 136, ""8"": 128, ""9"": 7}",8;9,integer,9,1051,0,0.0,NONE,FINANCIAL,FINANCIAL;POSSIBLE_LEAKAGE;EXCLUDED,QUESTIONNAIRE,EXCLUDE_POST_OUTCOME,NO,HIGH,Financial behaviour or transaction measured during/after the outcome period.,Financial behaviour or transaction measured during/after the outcome period.,EXCLUDE_POST_OUTCOME,NO,HIGH,Financial behaviour or transaction measured during/after the outcome period.,Financial behaviour or transaction measured during/after the outcome period.,fin24,14,https://microdata.worldbank.org/catalog/7900/variable/F1/V82?name=fin24
83,fin24a,Difficulty of emergency funds in 30 days,= 1 if the respondent would find it very difficult to come up with emergency funds in the next 30 days = 2 if the respondent would find it somewhat difficult to come up with emergency funds in the next 30 days = 3 if the respondent would not have difficulty at all coming up with emergency funds in the next 30 days = 4 if don't know = 5 if refused to answer Note: Asked only of respondents who reported a main source of emergency funds (that it would be possible to come up with emergency funds in the next 30 days).,"How difficult would it be for you to come up with [insert 1/20 of local GNI per capita] within the next 30 days? Would it be very difficult, somewhat difficult, or not difficult at all?","[{""value"": ""1"", ""label"": ""Very difficult""}, {""value"": ""2"", ""label"": ""Somewhat difficult""}, {""value"": ""3"", ""label"": ""Not difficult at all""}, {""value"": ""4"", ""label"": ""Don't know""}, {""value"": ""5"", ""label"": ""Refused""}, {""value"": ""Sysmiss"", ""label"": """"}]","{""1"": 452, ""2"": 224, ""3"": 89, ""4"": 15, ""<BLANK>"": 271}",4;5,integer,4,780,271,25.785,MODERATE_25_TO_49,FINANCIAL,FINANCIAL;POSSIBLE_LEAKAGE;EXCLUDED,QUESTIONNAIRE,EXCLUDE_POST_OUTCOME,NO,HIGH,Financial behaviour or transaction measured during/after the outcome period.,Financial behaviour or transaction measured during/after the outcome period.,EXCLUDE_POST_OUTCOME,NO,HIGH,Financial behaviour or transaction measured during/after the outcome period.,Financial behaviour or transaction measured during/after the outcome period.,fin24a,14,https://microdata.worldbank.org/catalog/7900/variable/F1/V83?name=fin24a
84,fin24b,How long household could cover expenses if main source of income was lost,=1 if household could last for less than two weeks if they lost their main source of income =2 if household could last for about one month if they lost their main source of income =3 if household could last for about two months if they lost their main source of income =4 if household could last for more than two months if they lost their main source of income =5 if don't know =6 if refused,"Suppose your household lost its main source of income. About how long could you cover expenses by using savings, borrowing, selling something you own, seeking help from family and friends, or through some other way? Less than two weeks, about one month, about two months, or more than two months?","[{""value"": ""1"", ""label"": ""Less than two weeks""}, {""value"": ""2"", ""label"": ""About one month""}, {""value"": ""3"", ""label"": ""About two months""}, {""value"": ""4"", ""label"": ""More than two months""}, {""value"": ""5"", ""label"": ""Don't know""}, {""value"": ""6"", ""label"": ""Refused""}]","{""1"": 144, ""2"": 169, ""3"": 147, ""4"": 394, ""5"": 190, ""6"": 7}",5;6,integer,6,1051,0,0.0,NONE,FINANCIAL,FINANCIAL;POSSIBLE_LEAKAGE;EXCLUDED,QUESTIONNAIRE,EXCLUDE_POST_OUTCOME,NO,HIGH,Financial behaviour or transaction measured during/after the outcome period.,Financial behaviour or transaction measured during/after the outcome period.,EXCLUDE_POST_OUTCOME,NO,HIGH,Financial behaviour or transaction measured during/after the outcome period.,Financial behaviour or transaction measured during/after the outcome period.,fin24b,14,https://microdata.worldbank.org/catalog/7900/variable/F1/V84?name=fin24b
85,fin24c,Experienced a natural disaster or severe weather event,=1 if respondent experienced a natural disaster or severe weather event in the past three years =2 if no =3 if don't know =4 if refused,"In the PAST THREE YEARS, have you personally experienced a natural disaster or severe weather event, such as [insert local examples of natural disasters]?","[{""value"": ""1"", ""label"": ""Yes""}, {""value"": ""2"", ""label"": ""No""}, {""value"": ""3"", ""label"": ""Don't know""}, {""value"": ""4"", ""label"": ""Refused""}]","{""1"": 468, ""2"": 567, ""3"": 16}",3;4,integer,3,1051,0,0.0,NONE,SOCIOECONOMIC,SOCIOECONOMIC;CANDIDATE_MODEL_1;CANDIDATE_MODEL_2,QUESTIONNAIRE,CANDIDATE_CONDITIONAL,CONDITIONAL,LOW,Exogenous shock measure; temporal overlap should be retained as a limitation.,"Relevant pre-outcome characteristic, but routing, temporal overlap, or structural missingness requires Phase 3 handling.",CANDIDATE_CONDITIONAL,CONDITIONAL,LOW,Exogenous shock measure; temporal overlap should be retained as a limitation.,"Relevant pre-outcome characteristic, but routing, temporal overlap, or structural missingness requires Phase 3 handling.",fin24c,14,https://microdata.worldbank.org/catalog/7900/variable/F1/V85?name=fin24c
86,fin24d1,"Natural disaster in the past three years: Income lost or unable to work, by self",=1 if respondent or someone in their household lost income or were unable to work due to a natural disaster or severe weather event =2 if no =3 if don't know =4 if refused Note: Asked only of respondents who experienced a natural disaster in the past three years.,,"[{""value"": ""1"", ""label"": ""Yes""}, {""value"": ""2"", ""label"": ""No""}, {""value"": ""3"", ""label"": ""Don't know""}, {""value"": ""4"", ""label"": ""Refused""}, {""value"": ""Sysmiss"", ""label"": """"}]","{""1"": 155, ""2"": 302, ""3"": 11, ""<BLANK>"": 583}",3;4,integer,3,468,583,55.471,HIGH_50_TO_74,FINANCIAL,FINANCIAL;HIGH_MISSING;POSSIBLE_LEAKAGE;EXCLUDED,QUESTIONNAIRE,EXCLUDE_HIGH_MISSING,CONDITIONAL,HIGH,Financial behaviour or transaction measured during/after the outcome period.,55.47% structurally missing; insufficient standalone coverage.,EXCLUDE_HIGH_MISSING,CONDITIONAL,HIGH,Financial behaviour or transaction measured during/after the outcome period.,55.47% structurally missing; insufficient standalone coverage.,fin24d1,15,https://microdata.worldbank.org/catalog/7900/variable/F1/V86?name=fin24d1
87,fin24d2,Natural disaster in the past three years: Damage to home or livestock,=1 if respondent experienced damage to their home or livestock due to a natural disaster or severe weather event =2 if no =3 if don't know =4 if refused Note: Asked only of respondents who experienced a natural disaster in the past three years.,,"[{""value"": ""1"", ""label"": ""Yes""}, {""value"": ""2"", ""label"": ""No""}, {""value"": ""3"", ""label"": ""Don't know""}, {""value"": ""4"", ""label"": ""Refused""}, {""value"": ""Sysmiss"", ""label"": """"}]","{""1"": 291, ""2"": 172, ""3"": 4, ""4"": 1, ""<BLANK>"": 583}",3;4,integer,4,468,583,55.471,HIGH_50_TO_74,FINANCIAL,FINANCIAL;HIGH_MISSING;POSSIBLE_LEAKAGE;EXCLUDED,QUESTIONNAIRE,EXCLUDE_HIGH_MISSING,CONDITIONAL,HIGH,Financial behaviour or transaction measured during/after the outcome period.,55.47% structurally missing; insufficient standalone coverage.,EXCLUDE_HIGH_MISSING,CONDITIONAL,HIGH,Financial behaviour or transaction measured during/after the outcome period.,55.47% structurally missing; insufficient standalone coverage.,fin24d2,15,https://microdata.worldbank.org/catalog/7900/variable/F1/V87?name=fin24d2
88,fin24d3,Natural disaster in the past three years: Unable to access or use their account,=1 if respondent was unable to access or use their account to withdraw cash or send or receive money due to a natural disaster or severe weather event =2 if no =3 if don't know =4 if refused Note: Asked only of respondents who experienced a natural disaster in the past three years who have a bank or mobile money account.,,"[{""value"": ""1"", ""label"": ""Yes""}, {""value"": ""2"", ""label"": ""No""}, {""value"": ""3"", ""label"": ""Don't know""}, {""value"": ""4"", ""label"": ""Refused""}, {""value"": ""Sysmiss"", ""label"": """"}]","{""1"": 75, ""2"": 272, ""3"": 6, ""4"": 2, ""<BLANK>"": 696}",3;4,integer,4,355,696,66.2226,HIGH_50_TO_74,FINANCIAL,FINANCIAL;HIGH_MISSING;POSSIBLE_LEAKAGE;EXCLUDED,QUESTIONNAIRE,EXCLUDE_HIGH_MISSING,CONDITIONAL,HIGH,Financial behaviour or transaction measured during/after the outcome period.,66.22% structurally missing; insufficient standalone coverage.,EXCLUDE_HIGH_MISSING,CONDITIONAL,HIGH,Financial behaviour or transaction measured during/after the outcome period.,66.22% structurally missing; insufficient standalone coverage.,fin24d3,15,https://microdata.worldbank.org/catalog/7900/variable/F1/V88?name=fin24d3
89,fin25e1,Use a mobile phone or card to pay for household cleaning supplies,=1 if respondent used a mobile phone or card to pay for household cleaning supplies =2 if no =3 if don't know =4 if refused Note: Asked only of respondents with a bank or mobile money account.,,"[{""value"": ""1"", ""label"": ""Yes""}, {""value"": ""2"", ""label"": ""No""}, {""value"": ""3"", ""label"": ""Don't know""}, {""value"": ""4"", ""label"": ""Refused""}, {""value"": ""Sysmiss"", ""label"": """"}]","{""1"": 246, ""2"": 540, ""3"": 7, ""<BLANK>"": 258}",3;4,integer,3,793,258,24.548,LOW_UNDER_25,FINANCIAL,FINANCIAL;POSSIBLE_LEAKAGE;EXCLUDED,QUESTIONNAIRE,EXCLUDE_POST_OUTCOME,NO,HIGH,Financial behaviour or transaction measured during/after the outcome period.,Financial behaviour or transaction measured during/after the outcome period.,EXCLUDE_POST_OUTCOME,NO,HIGH,Financial behaviour or transaction measured during/after the outcome period.,Financial behaviour or transaction measured during/after the outcome period.,fin25e1,15,https://microdata.worldbank.org/catalog/7900/variable/F1/V89?name=fin25e1
90,fin25e2,Used a mobile phone or a card to pay for an in-store purchase,=1 if respondent used a mobile phone or a card to pay for an in-store purchase in the past 12 months =2 if no =3 if don't know =4 if refused Note: Asked only of respondents with a bank or mobile money account.,,"[{""value"": ""1"", ""label"": ""Yes""}, {""value"": ""2"", ""label"": ""No""}, {""value"": ""3"", ""label"": ""Don't know""}, {""value"": ""4"", ""label"": ""Refused""}, {""value"": ""Sysmiss"", ""label"": """"}]","{""1"": 217, ""2"": 572, ""3"": 3, ""4"": 1, ""<BLANK>"": 258}",3;4,integer,4,793,258,24.548,LOW_UNDER_25,FINANCIAL,FINANCIAL;POSSIBLE_LEAKAGE;EXCLUDED,QUESTIONNAIRE,EXCLUDE_POST_OUTCOME,NO,HIGH,Financial behaviour or transaction measured during/after the outcome period.,Financial behaviour or transaction measured during/after the outcome period.,EXCLUDE_POST_OUTCOME,NO,HIGH,Financial behaviour or transaction measured during/after the outcome period.,Financial behaviour or transaction measured during/after the outcome period.,fin25e2,15,https://microdata.worldbank.org/catalog/7900/variable/F1/V90?name=fin25e2
91,fin25e3,Frequency of digital in-store merchant payments,=1 if respondent used a card or a mobile phone to make an in-store merchant payment weekly =2 if respondent used a card or a mobile phone to make an in-store merchant payment monthly =3 if respondent used a card or a mobile phone to make an in-store merchant payment less than once a month =4 if don't know =5 if refused Note: Asked only of respondents who report making digital in-store merchant payments.,,"[{""value"": ""1"", ""label"": ""Weekly""}, {""value"": ""2"", ""label"": ""Monthly""}, {""value"": ""3"", ""label"": ""Less than once a month""}, {""value"": ""4"", ""label"": ""Don't know""}, {""value"": ""5"", ""label"": ""Refused""}, {""value"": ""Sysmiss"", ""label"": """"}]","{""1"": 52, ""2"": 116, ""3"": 44, ""4"": 5, ""<BLANK>"": 834}",4;5,integer,4,217,834,79.353,HIGH_75_PLUS,FINANCIAL,FINANCIAL;HIGH_MISSING;POSSIBLE_LEAKAGE;EXCLUDED,QUESTIONNAIRE,EXCLUDE_HIGH_MISSING,CONDITIONAL,HIGH,Financial behaviour or transaction measured during/after the outcome period.,79.35% structurally missing; insufficient standalone coverage.,EXCLUDE_HIGH_MISSING,CONDITIONAL,HIGH,Financial behaviour or transaction measured during/after the outcome period.,79.35% structurally missing; insufficient standalone coverage.,fin25e3,15;16,https://microdata.worldbank.org/catalog/7900/variable/F1/V91?name=fin25e3
92,fin25e4,Main reason for only using cash for in-store merchant payments,=1 if respondent only uses cash for in-store merchant payments because the merchant only accepts cash =2 if respondent only uses cash for in-store merchant payments because its more expensive to pay using a card or phone =3 if respondent only uses cash for in-store merchant payments because they don't trust payments using a card or phone =4 if respondent only uses cash for in-store merchant payments because they're used to paying in cash =5 if respondent only uses cash for in-store merchant payments for some other reason =6 if don't know =7 if refused Note: Asked only of respondents who don't make digital in-store merchant payments.,,"[{""value"": ""1"", ""label"": ""Because the merchant(s) only accepts cash""}, {""value"": ""2"", ""label"": ""Because it's more expensive to pay using a card or phone""}, {""value"": ""3"", ""label"": ""Because you don't trust payments using a card or phone""}, {""value"": ""4"", ""label"": ""Because you're used to paying by cash""}, {""value"": ""5"", ""label"": ""Some other reason""}, {""value"": ""6"", ""label"": ""Don't know""}, {""value"": ""7"", ""label"": ""Refused""}, {""value"": ""Sysmiss"", ""label"": """"}]","{""1"": 44, ""2"": 47, ""3"": 36, ""4"": 405, ""5"": 24, ""6"": 18, ""7"": 2, ""<BLANK>"": 475}",6;7,integer,7,576,475,45.1951,MODERATE_25_TO_49,FINANCIAL,FINANCIAL;POSSIBLE_LEAKAGE;EXCLUDED,QUESTIONNAIRE,EXCLUDE_POST_OUTCOME,NO,HIGH,Financial behaviour or transaction measured during/after the outcome period.,Financial behaviour or transaction measured during/after the outcome period.,EXCLUDE_POST_OUTCOME,NO,HIGH,Financial behaviour or transaction measured during/after the outcome period.,Financial behaviour or transaction measured during/after the outcome period.,fin25e4,16,https://microdata.worldbank.org/catalog/7900/variable/F1/V92?name=fin25e4
93,fin26a,Used a mobile phone or computer to make a bill payment,=1 if respondent personally used a mobile phone or computer to make a bill payment in the past 12 months =2 if no =3 if don't know =4 if refused Note: Asked only of respondents with a bank or mobile money account.,"In the past 12 months, have you, personally used a mobile phone or computer to make a bill payment?","[{""value"": ""1"", ""label"": ""Yes""}, {""value"": ""2"", ""label"": ""No""}, {""value"": ""3"", ""label"": ""Don't know""}, {""value"": ""4"", ""label"": ""Refused""}, {""value"": ""Sysmiss"", ""label"": """"}]","{""1"": 449, ""2"": 337, ""3"": 7, ""<BLANK>"": 258}",3;4,integer,3,793,258,24.548,LOW_UNDER_25,FINANCIAL,FINANCIAL;POSSIBLE_LEAKAGE;EXCLUDED,QUESTIONNAIRE,EXCLUDE_POST_OUTCOME,NO,HIGH,Financial behaviour or transaction measured during/after the outcome period.,Financial behaviour or transaction measured during/after the outcome period.,EXCLUDE_POST_OUTCOME,NO,HIGH,Financial behaviour or transaction measured during/after the outcome period.,Financial behaviour or transaction measured during/after the outcome period.,fin26a,16,https://microdata.worldbank.org/catalog/7900/variable/F1/V93?name=fin26a
94,fin26b,Used a mobile phone or the internet to buy something online,=1 if respondent bought something online that was delivered to them in the past 12 months =2 if no =3 if don't know =4 if refused Note: Asked only of respondents with a bank or mobile money account.,"In the past 12 months, have you, personally used a mobile phone or computer to buy something online that was delivered to you?","[{""value"": ""1"", ""label"": ""Yes""}, {""value"": ""2"", ""label"": ""No""}, {""value"": ""3"", ""label"": ""Don't know""}, {""value"": ""4"", ""label"": ""Refused""}, {""value"": ""Sysmiss"", ""label"": """"}]","{""1"": 112, ""2"": 673, ""3"": 7, ""4"": 1, ""<BLANK>"": 258}",3;4,integer,4,793,258,24.548,LOW_UNDER_25,FINANCIAL,FINANCIAL;POSSIBLE_LEAKAGE;EXCLUDED,QUESTIONNAIRE,EXCLUDE_POST_OUTCOME,NO,HIGH,Financial behaviour or transaction measured during/after the outcome period.,Financial behaviour or transaction measured during/after the outcome period.,EXCLUDE_POST_OUTCOME,NO,HIGH,Financial behaviour or transaction measured during/after the outcome period.,Financial behaviour or transaction measured during/after the outcome period.,fin26b,16,https://microdata.worldbank.org/catalog/7900/variable/F1/V94?name=fin26b
95,fin27,Online purchase mode of payment,=1 if respondent bought something online that was delivered to them and paid online =2 if respondent bought something online that was delivered to them and paid in cash =3 if respondent bought something online that was delivered to them and paid both online and in cash =4 if don't know =5 if refused Note: Asked only of respondents who report buying something online that was delivered,Do you usually pay online or in cash when the order is delivered?,"[{""value"": ""1"", ""label"": ""Pay online""}, {""value"": ""2"", ""label"": ""In cash""}, {""value"": ""3"", ""label"": ""Both""}, {""value"": ""4"", ""label"": ""Don't know""}, {""value"": ""5"", ""label"": ""Refused""}, {""value"": ""Sysmiss"", ""label"": """"}]","{""1"": 41, ""2"": 46, ""3"": 20, ""4"": 3, ""5"": 2, ""<BLANK>"": 939}",4;5,integer,5,112,939,89.3435,HIGH_75_PLUS,FINANCIAL,FINANCIAL;HIGH_MISSING;POSSIBLE_LEAKAGE;EXCLUDED,QUESTIONNAIRE,EXCLUDE_HIGH_MISSING,CONDITIONAL,HIGH,Financial behaviour or transaction measured during/after the outcome period.,89.34% structurally missing; insufficient standalone coverage.,EXCLUDE_HIGH_MISSING,CONDITIONAL,HIGH,Financial behaviour or transaction measured during/after the outcome period.,89.34% structurally missing; insufficient standalone coverage.,fin27,16,https://microdata.worldbank.org/catalog/7900/variable/F1/V95?name=fin27
96,fh1,Made a domestic remittance,=1 if respondent gave or sent money to relatives or friends living in a different city in the same country =2 if no =3 if don't know =4 if refused,"In the past 12 months, have you given or sent money to relatives or friends living in a different city inside [insert economy name]? This can be money you brought yourself or sent in some other way.","[{""value"": ""1"", ""label"": ""Yes""}, {""value"": ""2"", ""label"": ""No""}, {""value"": ""3"", ""label"": ""Don't know""}, {""value"": ""4"", ""label"": ""Refused""}]","{""1"": 487, ""2"": 555, ""3"": 8, ""4"": 1}",3;4,integer,4,1051,0,0.0,NONE,FINANCIAL,FINANCIAL;POSSIBLE_LEAKAGE;EXCLUDED,QUESTIONNAIRE,EXCLUDE_POST_OUTCOME,NO,HIGH,Financial behaviour or transaction measured during/after the outcome period.,Financial behaviour or transaction measured during/after the outcome period.,EXCLUDE_POST_OUTCOME,NO,HIGH,Financial behaviour or transaction measured during/after the outcome period.,Financial behaviour or transaction measured during/after the outcome period.,fh1,16,https://microdata.worldbank.org/catalog/7900/variable/F1/V96?name=fh1
97,fin28,Made a digital domestic remittance,=1 if respondent gave or sent money to relatives or friends in a different city in the same country directly from an account or phone =2 if no =3 if don't know =4 if refused Note: Asked only of respondents who made a domestic remittance payment.,"In the past 12 months, have you given or sent money to relatives or friends living in a different city inside [insert economy name] directly from an account or phone? Yes or no?","[{""value"": ""1"", ""label"": ""Yes""}, {""value"": ""2"", ""label"": ""No""}, {""value"": ""3"", ""label"": ""Don't know""}, {""value"": ""4"", ""label"": ""Refused""}, {""value"": ""Sysmiss"", ""label"": """"}]","{""1"": 372, ""2"": 115, ""<BLANK>"": 564}",3;4,integer,2,487,564,53.6632,HIGH_50_TO_74,FINANCIAL,FINANCIAL;HIGH_MISSING;POSSIBLE_LEAKAGE;EXCLUDED,QUESTIONNAIRE,EXCLUDE_HIGH_MISSING,CONDITIONAL,HIGH,Financial behaviour or transaction measured during/after the outcome period.,53.66% structurally missing; insufficient standalone coverage.,EXCLUDE_HIGH_MISSING,CONDITIONAL,HIGH,Financial behaviour or transaction measured during/after the outcome period.,53.66% structurally missing; insufficient standalone coverage.,fin28,17,https://microdata.worldbank.org/catalog/7900/variable/F1/V97?name=fin28
98,fh2,Received a domestic remittance,=1 if respondent received money from relatives or friends in a different city in the same country =2 if no =3 if don't know =4 if refused,"In the past 12 months, did you receive money from relatives or friends living in a different city inside [insert economy name]? This can be money you were directly given or that you received in some other way.","[{""value"": ""1"", ""label"": ""Yes""}, {""value"": ""2"", ""label"": ""No""}, {""value"": ""3"", ""label"": ""Don't know""}, {""value"": ""4"", ""label"": ""Refused""}]","{""1"": 554, ""2"": 488, ""3"": 8, ""4"": 1}",3;4,integer,4,1051,0,0.0,NONE,FINANCIAL,FINANCIAL;POSSIBLE_LEAKAGE;EXCLUDED,QUESTIONNAIRE,EXCLUDE_POST_OUTCOME,NO,HIGH,Financial behaviour or transaction measured during/after the outcome period.,Financial behaviour or transaction measured during/after the outcome period.,EXCLUDE_POST_OUTCOME,NO,HIGH,Financial behaviour or transaction measured during/after the outcome period.,Financial behaviour or transaction measured during/after the outcome period.,fh2,17,https://microdata.worldbank.org/catalog/7900/variable/F1/V98?name=fh2
99,fin29,Received a digital domestic remittance,=1 if respondent received money from relatives or friends in a different city in the same country directly into an account or phone =2 if no =3 if don't know =4 if refused Note: Asked only of respondents who received a domestic remittance payment.,"In the past 12 months, have you, personally, received money from relatives or friends living in a different city inside [insert economy name] directly into an account or phone? Yes or no?","[{""value"": ""1"", ""label"": ""Yes""}, {""value"": ""2"", ""label"": ""No""}, {""value"": ""3"", ""label"": ""Don't know""}, {""value"": ""4"", ""label"": ""Refused""}, {""value"": ""Sysmiss"", ""label"": """"}]","{""1"": 408, ""2"": 146, ""<BLANK>"": 497}",3;4,integer,2,554,497,47.2883,MODERATE_25_TO_49,FINANCIAL,FINANCIAL;POSSIBLE_LEAKAGE;EXCLUDED,QUESTIONNAIRE,EXCLUDE_POST_OUTCOME,NO,HIGH,Financial behaviour or transaction measured during/after the outcome period.,Financial behaviour or transaction measured during/after the outcome period.,EXCLUDE_POST_OUTCOME,NO,HIGH,Financial behaviour or transaction measured during/after the outcome period.,Financial behaviour or transaction measured during/after the outcome period.,fin29,17,https://microdata.worldbank.org/catalog/7900/variable/F1/V99?name=fin29
100,fh2a,Received an international remittance payment,=1 if respondent received money from relatives or friends living in a different country =2 if no =3 if don't know =4 if refused,"In the past 12 months, did you receive money from relatives or friends living in a different country? Yes or no?","[{""value"": ""1"", ""label"": ""Yes""}, {""value"": ""2"", ""label"": ""No""}, {""value"": ""3"", ""label"": ""Don't know""}, {""value"": ""4"", ""label"": ""Refused""}]","{""1"": 207, ""2"": 838, ""3"": 4, ""4"": 2}",3;4,integer,4,1051,0,0.0,NONE,FINANCIAL,FINANCIAL;POSSIBLE_LEAKAGE;EXCLUDED,QUESTIONNAIRE,EXCLUDE_POST_OUTCOME,NO,HIGH,Financial behaviour or transaction measured during/after the outcome period.,Financial behaviour or transaction measured during/after the outcome period.,EXCLUDE_POST_OUTCOME,NO,HIGH,Financial behaviour or transaction measured during/after the outcome period.,Financial behaviour or transaction measured during/after the outcome period.,fh2a,17,https://microdata.worldbank.org/catalog/7900/variable/F1/V100?name=fh2a
101,fin30,Made a utility payment,"=1 if respondent made regular payments for electricity, water, or trash collection =2 if no =3 if refused =4 if refused","In the past 12 months, have you, personally, made regular payments for electricity, water, or trash collection? Yes or no?","[{""value"": ""1"", ""label"": ""Yes""}, {""value"": ""2"", ""label"": ""No""}, {""value"": ""3"", ""label"": ""Don't know""}, {""value"": ""4"", ""label"": ""Refused""}]","{""1"": 527, ""2"": 520, ""3"": 4}",3;4,integer,3,1051,0,0.0,NONE,FINANCIAL,FINANCIAL;POSSIBLE_LEAKAGE;EXCLUDED,QUESTIONNAIRE,EXCLUDE_POST_OUTCOME,NO,HIGH,Financial behaviour or transaction measured during/after the outcome period.,Financial behaviour or transaction measured during/after the outcome period.,EXCLUDE_POST_OUTCOME,NO,HIGH,Financial behaviour or transaction measured during/after the outcome period.,Financial behaviour or transaction measured during/after the outcome period.,fin30,17,https://microdata.worldbank.org/catalog/7900/variable/F1/V101?name=fin30
102,fin31a,Made a utility payment using a bank account,=1 if respondent made a regular utility payment using a bank or similar financial institution account =2 if no =3 if don't know =4 if refused Note: Asked only of respondents who made a utility payment.,"In the past 12 months, have you, personally, made payments for electricity, water, or trash collection using an account at a bank or similar financial institution?","[{""value"": ""1"", ""label"": ""Yes""}, {""value"": ""2"", ""label"": ""No""}, {""value"": ""3"", ""label"": ""Don't know""}, {""value"": ""4"", ""label"": ""Refused""}, {""value"": ""Sysmiss"", ""label"": """"}]","{""1"": 145, ""2"": 378, ""3"": 3, ""4"": 1, ""<BLANK>"": 524}",3;4,integer,4,527,524,49.8573,MODERATE_25_TO_49,FINANCIAL,FINANCIAL;POSSIBLE_LEAKAGE;EXCLUDED,QUESTIONNAIRE,EXCLUDE_POST_OUTCOME,NO,HIGH,Financial behaviour or transaction measured during/after the outcome period.,Financial behaviour or transaction measured during/after the outcome period.,EXCLUDE_POST_OUTCOME,NO,HIGH,Financial behaviour or transaction measured during/after the outcome period.,Financial behaviour or transaction measured during/after the outcome period.,fin31a,17,https://microdata.worldbank.org/catalog/7900/variable/F1/V102?name=fin31a
103,fin31b,Made a utility payment using a mobile phone,=1 if respondent made a regular utility payment using a mobile phone =2 if no =3 if don't know =4 if refused Note: Asked only of respondents who made a utility payment.,"In the past 12 months, have you, personally, made payments for electricity, water, or trash collection using a mobile phone to make a payment?","[{""value"": ""1"", ""label"": ""Yes""}, {""value"": ""2"", ""label"": ""No""}, {""value"": ""3"", ""label"": ""Don't know""}, {""value"": ""4"", ""label"": ""Refused""}, {""value"": ""Sysmiss"", ""label"": """"}]","{""1"": 421, ""2"": 104, ""3"": 1, ""4"": 1, ""<BLANK>"": 524}",3;4,integer,4,527,524,49.8573,MODERATE_25_TO_49,FINANCIAL,FINANCIAL;POSSIBLE_LEAKAGE;EXCLUDED,QUESTIONNAIRE,EXCLUDE_POST_OUTCOME,NO,HIGH,Financial behaviour or transaction measured during/after the outcome period.,Financial behaviour or transaction measured during/after the outcome period.,EXCLUDE_POST_OUTCOME,NO,HIGH,Financial behaviour or transaction measured during/after the outcome period.,Financial behaviour or transaction measured during/after the outcome period.,fin31b,17,https://microdata.worldbank.org/catalog/7900/variable/F1/V103?name=fin31b
104,fin31c,Made a utility payment by handing cash to a bank agent or staff,=1 if respondent made a regular utility payment by handing cash to bank staff or an agent =2 if no =3 if don't know =4 if refused Note: Asked only of respondents without an account (bank or mobile money) and who make a utility payment either using a bank account or mobile money.,"In the past 12 months, have you personally made a payment for electricity, water, or trash collection by handing cash to bank staff or an agent? Yes or no?","[{""value"": ""1"", ""label"": ""Yes""}, {""value"": ""2"", ""label"": ""No""}, {""value"": ""3"", ""label"": ""Don't know""}, {""value"": ""4"", ""label"": ""Refused""}, {""value"": ""Sysmiss"", ""label"": """"}]","{""1"": 28, ""2"": 23, ""<BLANK>"": 1000}",3;4,integer,2,51,1000,95.1475,HIGH_75_PLUS,FINANCIAL,FINANCIAL;HIGH_MISSING;POSSIBLE_LEAKAGE;EXCLUDED,QUESTIONNAIRE,EXCLUDE_HIGH_MISSING,CONDITIONAL,HIGH,Financial behaviour or transaction measured during/after the outcome period.,95.15% structurally missing; insufficient standalone coverage.,EXCLUDE_HIGH_MISSING,CONDITIONAL,HIGH,Financial behaviour or transaction measured during/after the outcome period.,95.15% structurally missing; insufficient standalone coverage.,fin31c,18,https://microdata.worldbank.org/catalog/7900/variable/F1/V104?name=fin31c
105,fin31d,Made utility payments exclusively in cash,=1 if respondent made a regular utility payment exclusively using cash =2 if no =3 if don't know =4 if refused Note: Asked only of respondents who pay for utilities but not using a bank or mobile money account.,"Do you only use cash to pay for electricity, water, or trash collection?","[{""value"": ""1"", ""label"": ""Yes""}, {""value"": ""2"", ""label"": ""No""}, {""value"": ""3"", ""label"": ""Don't know""}, {""value"": ""4"", ""label"": ""Refused""}, {""value"": ""Sysmiss"", ""label"": """"}]","{""1"": 70, ""2"": 16, ""3"": 2, ""<BLANK>"": 963}",3;4,integer,3,88,963,91.627,HIGH_75_PLUS,FINANCIAL,FINANCIAL;HIGH_MISSING;POSSIBLE_LEAKAGE;EXCLUDED,QUESTIONNAIRE,EXCLUDE_HIGH_MISSING,CONDITIONAL,HIGH,Financial behaviour or transaction measured during/after the outcome period.,91.63% structurally missing; insufficient standalone coverage.,EXCLUDE_HIGH_MISSING,CONDITIONAL,HIGH,Financial behaviour or transaction measured during/after the outcome period.,91.63% structurally missing; insufficient standalone coverage.,fin31d,18,https://microdata.worldbank.org/catalog/7900/variable/F1/V105?name=fin31d
106,fin32,Received a wage payment,=1 if respondent received a salary or wages from an employer in the past 12 months =2 if no =3 if don't know =4 if refused,"In the past 12 months, have you received any salary or wages from an employer?","[{""value"": ""1"", ""label"": ""Yes""}, {""value"": ""2"", ""label"": ""No""}, {""value"": ""3"", ""label"": ""Don't know""}, {""value"": ""4"", ""label"": ""Refused""}]","{""1"": 372, ""2"": 675, ""3"": 4}",3;4,integer,3,1051,0,0.0,NONE,FINANCIAL,FINANCIAL;POSSIBLE_LEAKAGE;EXCLUDED,QUESTIONNAIRE,EXCLUDE_POST_OUTCOME,NO,HIGH,Financial behaviour or transaction measured during/after the outcome period.,Financial behaviour or transaction measured during/after the outcome period.,EXCLUDE_POST_OUTCOME,NO,HIGH,Financial behaviour or transaction measured during/after the outcome period.,Financial behaviour or transaction measured during/after the outcome period.,fin32,18,https://microdata.worldbank.org/catalog/7900/variable/F1/V106?name=fin32
107,fin33,"Employed by the government, military, or public sector","=1 if respondent has been employed by the government, military or public sector in the last 12 months =2 if no =3 if don't know =4 if refused Note: Asked only of respondents who received a wage from an employer.","In the past 12 months, have you been employed by the government, military, or public sector? Yes or no?","[{""value"": ""1"", ""label"": ""Yes""}, {""value"": ""2"", ""label"": ""No""}, {""value"": ""3"", ""label"": ""Don't know""}, {""value"": ""4"", ""label"": ""Refused""}, {""value"": ""Sysmiss"", ""label"": """"}]","{""1"": 111, ""2"": 260, ""4"": 1, ""<BLANK>"": 679}",3;4,integer,3,372,679,64.6051,HIGH_50_TO_74,FINANCIAL,FINANCIAL;HIGH_MISSING;POSSIBLE_LEAKAGE;EXCLUDED,QUESTIONNAIRE,EXCLUDE_HIGH_MISSING,CONDITIONAL,HIGH,Financial behaviour or transaction measured during/after the outcome period.,64.61% structurally missing; insufficient standalone coverage.,EXCLUDE_HIGH_MISSING,CONDITIONAL,HIGH,Financial behaviour or transaction measured during/after the outcome period.,64.61% structurally missing; insufficient standalone coverage.,fin33,18,https://microdata.worldbank.org/catalog/7900/variable/F1/V107?name=fin33
108,fin34a,Received wage payment into a bank or similar institution account,=1 if respondent received wage or salary payments into an account at a bank or similar financial institution =2 if no =3 if don't know =4 if refused Note: Asked only of respondents who received a wage from an employer.,"In the past 12 months, has an employer paid your salary or wages directly into an account at a bank or similar financial institution?","[{""value"": ""1"", ""label"": ""Yes""}, {""value"": ""2"", ""label"": ""No""}, {""value"": ""3"", ""label"": ""Don't know""}, {""value"": ""4"", ""label"": ""Refused""}, {""value"": ""Sysmiss"", ""label"": """"}]","{""1"": 211, ""2"": 160, ""4"": 1, ""<BLANK>"": 679}",3;4,integer,3,372,679,64.6051,HIGH_50_TO_74,FINANCIAL,FINANCIAL;HIGH_MISSING;POSSIBLE_LEAKAGE;EXCLUDED,QUESTIONNAIRE,EXCLUDE_HIGH_MISSING,CONDITIONAL,HIGH,Financial behaviour or transaction measured during/after the outcome period.,64.61% structurally missing; insufficient standalone coverage.,EXCLUDE_HIGH_MISSING,CONDITIONAL,HIGH,Financial behaviour or transaction measured during/after the outcome period.,64.61% structurally missing; insufficient standalone coverage.,fin34a,18,https://microdata.worldbank.org/catalog/7900/variable/F1/V108?name=fin34a
109,fin34b,Received a wage payment through a mobile phone,=1 if respondent received wage or salary payments through a mobile phone =2 if no =3 if don't know =4 if refused Note: Asked only of respondents who received a wage from an employer.,"In the past 12 months, has an employer paid your salary or wages through a mobile phone?","[{""value"": ""1"", ""label"": ""Yes""}, {""value"": ""2"", ""label"": ""No""}, {""value"": ""3"", ""label"": ""Don't know""}, {""value"": ""4"", ""label"": ""Refused""}, {""value"": ""Sysmiss"", ""label"": """"}]","{""1"": 163, ""2"": 208, ""4"": 1, ""<BLANK>"": 679}",3;4,integer,3,372,679,64.6051,HIGH_50_TO_74,FINANCIAL,FINANCIAL;HIGH_MISSING;POSSIBLE_LEAKAGE;EXCLUDED,QUESTIONNAIRE,EXCLUDE_HIGH_MISSING,CONDITIONAL,HIGH,Financial behaviour or transaction measured during/after the outcome period.,64.61% structurally missing; insufficient standalone coverage.,EXCLUDE_HIGH_MISSING,CONDITIONAL,HIGH,Financial behaviour or transaction measured during/after the outcome period.,64.61% structurally missing; insufficient standalone coverage.,fin34b,18,https://microdata.worldbank.org/catalog/7900/variable/F1/V109?name=fin34b
110,fin34c,Received a wage payment in cash,=1 if respondent received wage or salary payments in cash =2 if no =3 if don't know =4 if refused Note: Asked only of respondents who received a wage from an employer and who did not receive it into an account or mobile phone.,"In the past 12 months, has an employer paid your salary or wages in cash?","[{""value"": ""1"", ""label"": ""Yes""}, {""value"": ""2"", ""label"": ""No""}, {""value"": ""3"", ""label"": ""Don't know""}, {""value"": ""4"", ""label"": ""Refused""}, {""value"": ""Sysmiss"", ""label"": """"}]","{""1"": 72, ""2"": 20, ""4"": 1, ""<BLANK>"": 958}",3;4,integer,3,93,958,91.1513,HIGH_75_PLUS,FINANCIAL,FINANCIAL;HIGH_MISSING;POSSIBLE_LEAKAGE;EXCLUDED,QUESTIONNAIRE,EXCLUDE_HIGH_MISSING,CONDITIONAL,HIGH,Financial behaviour or transaction measured during/after the outcome period.,91.15% structurally missing; insufficient standalone coverage.,EXCLUDE_HIGH_MISSING,CONDITIONAL,HIGH,Financial behaviour or transaction measured during/after the outcome period.,91.15% structurally missing; insufficient standalone coverage.,fin34c,18;19,https://microdata.worldbank.org/catalog/7900/variable/F1/V110?name=fin34c
111,fin34d,Received a wage payment into a card,"=1 if respondent received wage or salary payments into a card =2 if no =3 if don't know =4 if refused Note: Asked only of respondents who received a wage from an employer and who did not receive it into an account, mobile phone, or in cash.","In the past 12 months, has an employer paid your salary or wages to a card?","[{""value"": ""1"", ""label"": ""Yes""}, {""value"": ""2"", ""label"": ""No""}, {""value"": ""3"", ""label"": ""Don't know""}, {""value"": ""4"", ""label"": ""Refused""}, {""value"": ""Sysmiss"", ""label"": """"}]","{""1"": 3, ""2"": 17, ""4"": 1, ""<BLANK>"": 1030}",3;4,integer,3,21,1030,98.0019,HIGH_75_PLUS,FINANCIAL,FINANCIAL;HIGH_MISSING;POSSIBLE_LEAKAGE;EXCLUDED,QUESTIONNAIRE,EXCLUDE_HIGH_MISSING,CONDITIONAL,HIGH,Financial behaviour or transaction measured during/after the outcome period.,98.00% structurally missing; insufficient standalone coverage.,EXCLUDE_HIGH_MISSING,CONDITIONAL,HIGH,Financial behaviour or transaction measured during/after the outcome period.,98.00% structurally missing; insufficient standalone coverage.,fin34d,19,https://microdata.worldbank.org/catalog/7900/variable/F1/V111?name=fin34d
112,fin35,Paid an unexpected fee to withdraw wages,"=1 if respondent paid a fee that was more than expected when they withdrew their salary or wages from their account =2 if no =3 if don't know =4 if refused Note: Asked only of respondents who received a wage from an employer into a bank account, mobile phone, or card.",Have you ever paid a fee that was more than you expected when you withdrew or took out your salary or wages from your account?,"[{""value"": ""1"", ""label"": ""Yes""}, {""value"": ""2"", ""label"": ""No""}, {""value"": ""3"", ""label"": ""Don't know""}, {""value"": ""4"", ""label"": ""Refused""}, {""value"": ""Sysmiss"", ""label"": """"}]","{""1"": 109, ""2"": 159, ""3"": 14, ""<BLANK>"": 769}",3;4,integer,3,282,769,73.1684,HIGH_50_TO_74,FINANCIAL,FINANCIAL;HIGH_MISSING;POSSIBLE_LEAKAGE;EXCLUDED,QUESTIONNAIRE,EXCLUDE_HIGH_MISSING,CONDITIONAL,HIGH,Financial behaviour or transaction measured during/after the outcome period.,73.17% structurally missing; insufficient standalone coverage.,EXCLUDE_HIGH_MISSING,CONDITIONAL,HIGH,Financial behaviour or transaction measured during/after the outcome period.,73.17% structurally missing; insufficient standalone coverage.,fin35,19,https://microdata.worldbank.org/catalog/7900/variable/F1/V112?name=fin35
113,fin36,Mode of wage withdrawal from account,"=1 if respondent takes out entire wage as cash at once =2 if respondent leaves some money in their account =3 if respondent transfers money to another personal account =4 if don't know =5 if refused Note: Asked only of respondents who received a wage from an employer into a bank account, mobile phone, or card.","When your employer has paid your salary or wages into your account, do you typically take out all this money as cash at one time or do you leave some of this money in your account?","[{""value"": ""1"", ""label"": ""Take out all as cash at one time""}, {""value"": ""2"", ""label"": ""Leave some money in the account""}, {""value"": ""3"", ""label"": ""Transfer money to another personal account""}, {""value"": ""4"", ""label"": ""Don't know""}, {""value"": ""5"", ""label"": ""Refused""}, {""value"": ""Sysmiss"", ""label"": """"}]","{""1"": 129, ""2"": 140, ""3"": 9, ""4"": 4, ""<BLANK>"": 769}",4;5,integer,4,282,769,73.1684,HIGH_50_TO_74,FINANCIAL,FINANCIAL;HIGH_MISSING;POSSIBLE_LEAKAGE;EXCLUDED,QUESTIONNAIRE,EXCLUDE_HIGH_MISSING,CONDITIONAL,HIGH,Financial behaviour or transaction measured during/after the outcome period.,73.17% structurally missing; insufficient standalone coverage.,EXCLUDE_HIGH_MISSING,CONDITIONAL,HIGH,Financial behaviour or transaction measured during/after the outcome period.,73.17% structurally missing; insufficient standalone coverage.,fin36,19,https://microdata.worldbank.org/catalog/7900/variable/F1/V113?name=fin36
114,fin36a,Person withdrawing wage from account,"=1 if respondent withdrew their wages from their account themself =2 if a friend or family member took out their wages from their account for them =3 if respondent both withdrew their wages themself AND had a friend or family withdraw them for them =4 if don't know =5 if refused Note: Asked only of respondents who received a wage from an employer into a bank account, mobile phone, or card.",Did you take your salary or wages out of your account yourself or did a friend or family member take out the money for you?,"[{""value"": ""1"", ""label"": ""Withdrew by self""}, {""value"": ""2"", ""label"": ""A friend or family withdrew for respondent""}, {""value"": ""3"", ""label"": ""Both""}, {""value"": ""4"", ""label"": ""Don't know""}, {""value"": ""5"", ""label"": ""Refused""}, {""value"": ""Sysmiss"", ""label"": """"}]","{""<BLANK>"": 1051}",4;5,empty,0,0,1051,100.0,ALL_MISSING,FINANCIAL,FINANCIAL;HIGH_MISSING;ALL_MISSING;LOW_VARIANCE;POSSIBLE_LEAKAGE;EXCLUDED,QUESTIONNAIRE,EXCLUDE_ALL_MISSING,NO,HIGH,Financial behaviour or transaction measured during/after the outcome period.,No observed values in Eswatini; conceptual leakage risk is HIGH.,EXCLUDE_ALL_MISSING,NO,HIGH,Financial behaviour or transaction measured during/after the outcome period.,No observed values in Eswatini; conceptual leakage risk is HIGH.,fin36a,19,https://microdata.worldbank.org/catalog/7900/variable/F1/V114?name=fin36a
115,fin37,Received financial support from the government,=1 if respondent received any financial support from the government in the past 12 months =2 if no =3 if don't know =4 if refused,"In the past 12 months, have you, personally, received any financial support from the government? This money could include payments for educational or medical expenses, unemployment benefits or subsidy payments. Please do NOT include wages or any payments related to work.","[{""value"": ""1"", ""label"": ""Yes""}, {""value"": ""2"", ""label"": ""No""}, {""value"": ""3"", ""label"": ""Don't know""}, {""value"": ""4"", ""label"": ""Refused""}]","{""1"": 192, ""2"": 852, ""3"": 4, ""4"": 3}",3;4,integer,4,1051,0,0.0,NONE,FINANCIAL,FINANCIAL;POSSIBLE_LEAKAGE;EXCLUDED,QUESTIONNAIRE,EXCLUDE_POST_OUTCOME,NO,HIGH,Financial behaviour or transaction measured during/after the outcome period.,Financial behaviour or transaction measured during/after the outcome period.,EXCLUDE_POST_OUTCOME,NO,HIGH,Financial behaviour or transaction measured during/after the outcome period.,Financial behaviour or transaction measured during/after the outcome period.,fin37,19,https://microdata.worldbank.org/catalog/7900/variable/F1/V115?name=fin37
116,fin38,Received a public sector pension,"=1 if respondent received a pension from the government, military, or public sector in the past 12 months =2 if no =3 if don't know =4 if refused","In the past 12 months, have you personally received a pension from the government, military, or public sector?","[{""value"": ""1"", ""label"": ""Yes""}, {""value"": ""2"", ""label"": ""No""}, {""value"": ""3"", ""label"": ""Don't know""}, {""value"": ""4"", ""label"": ""Refused""}]","{""1"": 94, ""2"": 950, ""3"": 6, ""4"": 1}",3;4,integer,4,1051,0,0.0,NONE,FINANCIAL,FINANCIAL;POSSIBLE_LEAKAGE;EXCLUDED,QUESTIONNAIRE,EXCLUDE_POST_OUTCOME,NO,HIGH,Financial behaviour or transaction measured during/after the outcome period.,Financial behaviour or transaction measured during/after the outcome period.,EXCLUDE_POST_OUTCOME,NO,HIGH,Financial behaviour or transaction measured during/after the outcome period.,Financial behaviour or transaction measured during/after the outcome period.,fin38,19,https://microdata.worldbank.org/catalog/7900/variable/F1/V116?name=fin38
117,fin39a,Received money from the government into a bank account,=1 if respondent received money from the government directly into an account at a bank or similar financial institution =2 if no =3 if don't know =4 if refused Note: Asked only of respondents who received financial support from the government or a public sector pension.,"In the past 12 months, have you received this money from the government in any of the following ways? You received payments directly into an account at a bank or similar financial institution","[{""value"": ""1"", ""label"": ""Yes""}, {""value"": ""2"", ""label"": ""No""}, {""value"": ""3"", ""label"": ""Don't know""}, {""value"": ""4"", ""label"": ""Refused""}, {""value"": ""Sysmiss"", ""label"": """"}]","{""1"": 93, ""2"": 143, ""<BLANK>"": 815}",3;4,integer,2,236,815,77.5452,HIGH_75_PLUS,FINANCIAL,FINANCIAL;HIGH_MISSING;POSSIBLE_LEAKAGE;EXCLUDED,QUESTIONNAIRE,EXCLUDE_HIGH_MISSING,CONDITIONAL,HIGH,Financial behaviour or transaction measured during/after the outcome period.,77.55% structurally missing; insufficient standalone coverage.,EXCLUDE_HIGH_MISSING,CONDITIONAL,HIGH,Financial behaviour or transaction measured during/after the outcome period.,77.55% structurally missing; insufficient standalone coverage.,fin39a,20,https://microdata.worldbank.org/catalog/7900/variable/F1/V117?name=fin39a
118,fin39b,Received money from the government through a mobile phone,=1 if respondent received money from the government through a mobile phone =2 if no =3 if don't know =4 if refused Note: Asked only of respondents who received financial support from the government or a public sector pension.,"In the past 12 months, have you received this money from the government in any of the following ways? You received payments through a mobile phone","[{""value"": ""1"", ""label"": ""Yes""}, {""value"": ""2"", ""label"": ""No""}, {""value"": ""3"", ""label"": ""Don't know""}, {""value"": ""4"", ""label"": ""Refused""}, {""value"": ""Sysmiss"", ""label"": """"}]","{""1"": 95, ""2"": 140, ""3"": 1, ""<BLANK>"": 815}",3;4,integer,3,236,815,77.5452,HIGH_75_PLUS,FINANCIAL,FINANCIAL;HIGH_MISSING;POSSIBLE_LEAKAGE;EXCLUDED,QUESTIONNAIRE,EXCLUDE_HIGH_MISSING,CONDITIONAL,HIGH,Financial behaviour or transaction measured during/after the outcome period.,77.55% structurally missing; insufficient standalone coverage.,EXCLUDE_HIGH_MISSING,CONDITIONAL,HIGH,Financial behaviour or transaction measured during/after the outcome period.,77.55% structurally missing; insufficient standalone coverage.,fin39b,20,https://microdata.worldbank.org/catalog/7900/variable/F1/V118?name=fin39b
119,fin39c,Received money from the government only in cash,=1 if respondent received money from the government only in cash =2 if no =3 if don't know =4 if refused Note: Asked only of respondents who received financial support from the government or a public sector pension but not into an account or mobile phone.,"In the past 12 months, have you received any money from the government in cash?","[{""value"": ""1"", ""label"": ""Yes""}, {""value"": ""2"", ""label"": ""No""}, {""value"": ""3"", ""label"": ""Don't know""}, {""value"": ""4"", ""label"": ""Refused""}, {""value"": ""Sysmiss"", ""label"": """"}]","{""1"": 11, ""2"": 94, ""<BLANK>"": 946}",3;4,integer,2,105,946,90.0095,HIGH_75_PLUS,FINANCIAL,FINANCIAL;HIGH_MISSING;POSSIBLE_LEAKAGE;EXCLUDED,QUESTIONNAIRE,EXCLUDE_HIGH_MISSING,CONDITIONAL,HIGH,Financial behaviour or transaction measured during/after the outcome period.,90.01% structurally missing; insufficient standalone coverage.,EXCLUDE_HIGH_MISSING,CONDITIONAL,HIGH,Financial behaviour or transaction measured during/after the outcome period.,90.01% structurally missing; insufficient standalone coverage.,fin39c,20,https://microdata.worldbank.org/catalog/7900/variable/F1/V119?name=fin39c
120,fin39d,Received money from the government into a card,=1 if respondent received money from the government into a card =2 if no =3 if don't know =4 if refused Note: Asked only of respondents who received financial support from the government or a public sector pension but not into an account or mobile phone or in cash.,"In the past 12 months, have you received any money from the government to a card?","[{""value"": ""1"", ""label"": ""Yes""}, {""value"": ""2"", ""label"": ""No""}, {""value"": ""3"", ""label"": ""Don't know""}, {""value"": ""4"", ""label"": ""Refused""}, {""value"": ""Sysmiss"", ""label"": """"}]","{""1"": 8, ""2"": 85, ""3"": 1, ""<BLANK>"": 957}",3;4,integer,3,94,957,91.0561,HIGH_75_PLUS,FINANCIAL,FINANCIAL;HIGH_MISSING;POSSIBLE_LEAKAGE;EXCLUDED,QUESTIONNAIRE,EXCLUDE_HIGH_MISSING,CONDITIONAL,HIGH,Financial behaviour or transaction measured during/after the outcome period.,91.06% structurally missing; insufficient standalone coverage.,EXCLUDE_HIGH_MISSING,CONDITIONAL,HIGH,Financial behaviour or transaction measured during/after the outcome period.,91.06% structurally missing; insufficient standalone coverage.,fin39d,20,https://microdata.worldbank.org/catalog/7900/variable/F1/V120?name=fin39d
121,fin40,Mode of government money withdrawal from account,"=1 if respondent takes out money as cash at once =2 if respondent leaves some money in their account =3 if respondent transfers money to another personal account =4 if don't know =5 if refused Note: Asked only of respondents who received money from the government into a bank account, mobile phone, or card.","When you receive money from the government, do you typically take out all this money as cash at one time, or do you leave some of this money in your account?","[{""value"": ""1"", ""label"": ""Take out all as cash at one time""}, {""value"": ""2"", ""label"": ""Leave some money in the account""}, {""value"": ""3"", ""label"": ""Transfer money to another personal account""}, {""value"": ""4"", ""label"": ""Don't know""}, {""value"": ""5"", ""label"": ""Refused""}, {""value"": ""Sysmiss"", ""label"": """"}]","{""1"": 77, ""2"": 50, ""3"": 4, ""4"": 7, ""5"": 1, ""<BLANK>"": 912}",4;5,integer,5,139,912,86.7745,HIGH_75_PLUS,FINANCIAL,FINANCIAL;HIGH_MISSING;POSSIBLE_LEAKAGE;EXCLUDED,QUESTIONNAIRE,EXCLUDE_HIGH_MISSING,CONDITIONAL,HIGH,Financial behaviour or transaction measured during/after the outcome period.,86.77% structurally missing; insufficient standalone coverage.,EXCLUDE_HIGH_MISSING,CONDITIONAL,HIGH,Financial behaviour or transaction measured during/after the outcome period.,86.77% structurally missing; insufficient standalone coverage.,fin40,20,https://microdata.worldbank.org/catalog/7900/variable/F1/V121?name=fin40
122,fin41,Paid an unexpected fee to withdraw government money from account,"=1 if respondent paid a fee that was more than expected when they withdrew money from the government from their account =2 if no =3 if don't know =4 if refused Note: Asked only of respondents who received money from the government into a bank account, mobile phone, or card.",Have you ever paid a fee that was more than you expected when you withdrew or took the money from the government out of your account?,"[{""value"": ""1"", ""label"": ""Yes""}, {""value"": ""2"", ""label"": ""No""}, {""value"": ""3"", ""label"": ""Don't know""}, {""value"": ""4"", ""label"": ""Refused""}, {""value"": ""Sysmiss"", ""label"": """"}]","{""1"": 29, ""2"": 93, ""3"": 17, ""<BLANK>"": 912}",3;4,integer,3,139,912,86.7745,HIGH_75_PLUS,FINANCIAL,FINANCIAL;HIGH_MISSING;POSSIBLE_LEAKAGE;EXCLUDED,QUESTIONNAIRE,EXCLUDE_HIGH_MISSING,CONDITIONAL,HIGH,Financial behaviour or transaction measured during/after the outcome period.,86.77% structurally missing; insufficient standalone coverage.,EXCLUDE_HIGH_MISSING,CONDITIONAL,HIGH,Financial behaviour or transaction measured during/after the outcome period.,86.77% structurally missing; insufficient standalone coverage.,fin41,20;21,https://microdata.worldbank.org/catalog/7900/variable/F1/V122?name=fin41
123,fin41a,Person withdrawing money from the government from account,"=1 if respondent withdrew their money from the government from their account themself =2 if a friend or family member took out their money from the government from their account for them =3 if respondent both withdrew their money from the government themself AND had a friend or family withdraw them for them =4 if don't know =5 if refused Note: Asked only of respondents who received a wage from an employer into a bank account, mobile phone, or card.",Did you take the money you received from the government out of your account yourself or did a friend or family member take out the money for you?,"[{""value"": ""1"", ""label"": ""Withdrew by self""}, {""value"": ""2"", ""label"": ""A friend or family withdrew for respondent""}, {""value"": ""3"", ""label"": ""Both""}, {""value"": ""4"", ""label"": ""Don't know""}, {""value"": ""5"", ""label"": ""Refused""}, {""value"": ""Sysmiss"", ""label"": """"}]","{""<BLANK>"": 1051}",4;5,empty,0,0,1051,100.0,ALL_MISSING,FINANCIAL,FINANCIAL;HIGH_MISSING;ALL_MISSING;LOW_VARIANCE;POSSIBLE_LEAKAGE;EXCLUDED,QUESTIONNAIRE,EXCLUDE_ALL_MISSING,NO,HIGH,Financial behaviour or transaction measured during/after the outcome period.,No observed values in Eswatini; conceptual leakage risk is HIGH.,EXCLUDE_ALL_MISSING,NO,HIGH,Financial behaviour or transaction measured during/after the outcome period.,No observed values in Eswatini; conceptual leakage risk is HIGH.,fin41a,21,https://microdata.worldbank.org/catalog/7900/variable/F1/V123?name=fin41a
124,fin42,Received an agricultural payment,"=1 if respondent received money for the sale of agricultural products, crops, produce, or livestock in the past 12 months =2 if no =3 if don't know =4 if refused","In the past 12 months, have you personally received money from any source for the sale of agricultural products, crops, produce, or livestock?","[{""value"": ""1"", ""label"": ""Yes""}, {""value"": ""2"", ""label"": ""No""}, {""value"": ""3"", ""label"": ""Don't know""}, {""value"": ""4"", ""label"": ""Refused""}]","{""1"": 150, ""2"": 893, ""3"": 6, ""4"": 2}",3;4,integer,4,1051,0,0.0,NONE,FINANCIAL,FINANCIAL;POSSIBLE_LEAKAGE;EXCLUDED,QUESTIONNAIRE,EXCLUDE_POST_OUTCOME,NO,HIGH,Financial behaviour or transaction measured during/after the outcome period.,Financial behaviour or transaction measured during/after the outcome period.,EXCLUDE_POST_OUTCOME,NO,HIGH,Financial behaviour or transaction measured during/after the outcome period.,Financial behaviour or transaction measured during/after the outcome period.,fin42,21,https://microdata.worldbank.org/catalog/7900/variable/F1/V124?name=fin42
125,fin43a,Received an agricultural payment into a bank account,=1 if respondent received an agricultural payment into an account at a bank or similar financial institution =2 if no =3 if don't know =4 if refused Note: Asked only of respondents who receive money for the sale of agricultural products.,"In the past 12 months, have you received money for the sale of agricultural products, crops, produce, or livestock in any of the following ways? You received payments directly into an account at a bank or similar financial institution","[{""value"": ""1"", ""label"": ""Yes""}, {""value"": ""2"", ""label"": ""No""}, {""value"": ""3"", ""label"": ""Don't know""}, {""value"": ""4"", ""label"": ""Refused""}, {""value"": ""Sysmiss"", ""label"": """"}]","{""1"": 35, ""2"": 114, ""4"": 1, ""<BLANK>"": 901}",3;4,integer,3,150,901,85.7279,HIGH_75_PLUS,FINANCIAL,FINANCIAL;HIGH_MISSING;POSSIBLE_LEAKAGE;EXCLUDED,QUESTIONNAIRE,EXCLUDE_HIGH_MISSING,CONDITIONAL,HIGH,Financial behaviour or transaction measured during/after the outcome period.,85.73% structurally missing; insufficient standalone coverage.,EXCLUDE_HIGH_MISSING,CONDITIONAL,HIGH,Financial behaviour or transaction measured during/after the outcome period.,85.73% structurally missing; insufficient standalone coverage.,fin43a,21,https://microdata.worldbank.org/catalog/7900/variable/F1/V125?name=fin43a
126,fin43b,Received an agricultural payment through a mobile phone,=1 if respondent received an agricultural payment through a mobile phone =3 if don't know =4 if refused Note: Asked only of respondents who receive money for the sale of agricultural products.,"In the past 12 months, have you received money for the sale of agricultural products, crops, produce, or livestock in any of the following ways? You received payments through a mobile phone","[{""value"": ""1"", ""label"": ""Yes""}, {""value"": ""2"", ""label"": ""No""}, {""value"": ""3"", ""label"": ""Don't know""}, {""value"": ""4"", ""label"": ""Refused""}, {""value"": ""Sysmiss"", ""label"": """"}]","{""1"": 68, ""2"": 82, ""<BLANK>"": 901}",3;4,integer,2,150,901,85.7279,HIGH_75_PLUS,FINANCIAL,FINANCIAL;HIGH_MISSING;POSSIBLE_LEAKAGE;EXCLUDED,QUESTIONNAIRE,EXCLUDE_HIGH_MISSING,CONDITIONAL,HIGH,Financial behaviour or transaction measured during/after the outcome period.,85.73% structurally missing; insufficient standalone coverage.,EXCLUDE_HIGH_MISSING,CONDITIONAL,HIGH,Financial behaviour or transaction measured during/after the outcome period.,85.73% structurally missing; insufficient standalone coverage.,fin43b,21,https://microdata.worldbank.org/catalog/7900/variable/F1/V126?name=fin43b
127,fin43c,Received an agricultural payment only in cash,=1 if respondent received an agricultural payment only in cash =2 if no =3 if don't know =4 if refused Note: Asked only of respondents who receive money for the sale of agricultural products but not into an account or through a mobile phone.,"In the past 12 months, have you received money for the sale of agricultural products, crops, produce, or livestock in cash?","[{""value"": ""1"", ""label"": ""Yes""}, {""value"": ""2"", ""label"": ""No""}, {""value"": ""3"", ""label"": ""Don't know""}, {""value"": ""4"", ""label"": ""Refused""}, {""value"": ""Sysmiss"", ""label"": """"}]","{""1"": 37, ""2"": 35, ""<BLANK>"": 979}",3;4,integer,2,72,979,93.1494,HIGH_75_PLUS,FINANCIAL,FINANCIAL;HIGH_MISSING;POSSIBLE_LEAKAGE;EXCLUDED,QUESTIONNAIRE,EXCLUDE_HIGH_MISSING,CONDITIONAL,HIGH,Financial behaviour or transaction measured during/after the outcome period.,93.15% structurally missing; insufficient standalone coverage.,EXCLUDE_HIGH_MISSING,CONDITIONAL,HIGH,Financial behaviour or transaction measured during/after the outcome period.,93.15% structurally missing; insufficient standalone coverage.,fin43c,21,https://microdata.worldbank.org/catalog/7900/variable/F1/V127?name=fin43c
128,fin43d,Received an agricultural payment into a card,"=1 if respondent received an agricultural payment into a card =2 if no =3 if don't know =4 if refused Note: Asked only of respondents who receive money for the sale of agricultural products but not into an account, through a mobile phone, or in cash.","In the past 12 months, have you received money for the sale of agricultural products, crops, produce, or livestock to a card?","[{""value"": ""1"", ""label"": ""Yes""}, {""value"": ""2"", ""label"": ""No""}, {""value"": ""3"", ""label"": ""Don't know""}, {""value"": ""4"", ""label"": ""Refused""}, {""value"": ""Sysmiss"", ""label"": """"}]","{""1"": 4, ""2"": 31, ""<BLANK>"": 1016}",3;4,integer,2,35,1016,96.6698,HIGH_75_PLUS,FINANCIAL,FINANCIAL;HIGH_MISSING;POSSIBLE_LEAKAGE;EXCLUDED,QUESTIONNAIRE,EXCLUDE_HIGH_MISSING,CONDITIONAL,HIGH,Financial behaviour or transaction measured during/after the outcome period.,96.67% structurally missing; insufficient standalone coverage.,EXCLUDE_HIGH_MISSING,CONDITIONAL,HIGH,Financial behaviour or transaction measured during/after the outcome period.,96.67% structurally missing; insufficient standalone coverage.,fin43d,21;22,https://microdata.worldbank.org/catalog/7900/variable/F1/V128?name=fin43d
129,fin44,Use phone or internet to access weather or farming information,"=1 if respondent uses a phone or the internet to access information such as weather updates, pest control, or farming tips =2 if no =3 if don't know =4 if refused Note: Asked only of respondents who receive money for the sale of agricultural goods.","Do you use a phone or the Internet to access information such as weather updates, pest control, or farming tips?","[{""value"": ""1"", ""label"": ""Yes""}, {""value"": ""2"", ""label"": ""No""}, {""value"": ""3"", ""label"": ""Don't know""}, {""value"": ""4"", ""label"": ""Refused""}, {""value"": ""Sysmiss"", ""label"": """"}]","{""1"": 84, ""2"": 65, ""3"": 1, ""<BLANK>"": 901}",3;4,integer,3,150,901,85.7279,HIGH_75_PLUS,FINANCIAL,FINANCIAL;HIGH_MISSING;POSSIBLE_LEAKAGE;EXCLUDED,QUESTIONNAIRE,EXCLUDE_HIGH_MISSING,CONDITIONAL,HIGH,Financial behaviour or transaction measured during/after the outcome period.,85.73% structurally missing; insufficient standalone coverage.,EXCLUDE_HIGH_MISSING,CONDITIONAL,HIGH,Financial behaviour or transaction measured during/after the outcome period.,85.73% structurally missing; insufficient standalone coverage.,fin44,22,https://microdata.worldbank.org/catalog/7900/variable/F1/V129?name=fin44
130,fin45,Greatest financial worry,"=1 if respondent is most worried about not having enough money for their old age =2 if respondent is most worried about not having enough money for their business =3 if respondent is most worried about not having enough money for medical costs in case of a serious illness or accident =4 if respondent is most worried about not having enough money for monthly expenses, such as food, housing, or bills =5 if respondent is most worried about not having enough money for school or education fees =6 if respondent is most worried about not having enough money for some other reason =7 if don't know =8 if refused Note: Respondents can only select one reason.","Which of the following financial issues are you MOST worried about? Please choose only one option. Are you most worried about not having enough money…? 1. For your old age 2. For your business 3. For medical costs in case of a serious illness or accident 4.For monthly expenses, such as food, housing, or bills 5. For school or education fees 6. Some other reason","[{""value"": ""1"", ""label"": ""For their old age""}, {""value"": ""2"", ""label"": ""For their business""}, {""value"": ""3"", ""label"": ""For medical costs in case of a serious illness or accident""}, {""value"": ""4"", ""label"": ""For monthly expenses, such as food, housing, or bills""}, {""value"": ""5"", ""label"": ""For school or education fees""}, {""value"": ""6"", ""label"": ""Some other reason""}, {""value"": ""7"", ""label"": ""Don't know""}, {""value"": ""8"", ""label"": ""Refused""}]","{""1"": 72, ""2"": 169, ""3"": 121, ""4"": 360, ""5"": 258, ""6"": 31, ""7"": 33, ""8"": 7}",7;8,integer,8,1051,0,0.0,NONE,FINANCIAL,FINANCIAL;POSSIBLE_LEAKAGE;EXCLUDED,QUESTIONNAIRE,EXCLUDE_POST_OUTCOME,NO,HIGH,Financial behaviour or transaction measured during/after the outcome period.,Financial behaviour or transaction measured during/after the outcome period.,EXCLUDE_POST_OUTCOME,NO,HIGH,Financial behaviour or transaction measured during/after the outcome period.,Financial behaviour or transaction measured during/after the outcome period.,fin45,22,https://microdata.worldbank.org/catalog/7900/variable/F1/V130?name=fin45
131,internet_use,Used the internet within the past three months,=1 if respondent has used the internet in the past three months =0 if respondent has not used the internet in the past three months,,"[{""value"": ""0"", ""label"": ""No/DK/Ref""}, {""value"": ""1"", ""label"": ""Yes""}]","{""0"": 423, ""1"": 628}",0,integer,2,1051,0,0.0,NONE,DIGITAL,DIGITAL;CONSTRUCTED;CANDIDATE_MODEL_1;CANDIDATE_MODEL_2,CONSTRUCTED,CANDIDATE_CORE,YES,LOW,Plausibly available as a profile characteristic before prediction.,Interpretable pre-outcome profile characteristic with usable coverage.,CANDIDATE_CORE,YES,LOW,Plausibly available as a profile characteristic before prediction.,Interpretable pre-outcome profile characteristic with usable coverage.,internet,22,https://microdata.worldbank.org/catalog/7900/variable/F1/V131?name=internet_use
132,con1,Have a mobile phone,=1 if respondent has a mobile phone that they use to make and receive personal calls =2 if no =3 if don't know =4 if refused,Do you have a mobile phone that you use to make and receive personal calls?,"[{""value"": ""1"", ""label"": ""Yes""}, {""value"": ""2"", ""label"": ""No""}, {""value"": ""3"", ""label"": ""Don't know""}, {""value"": ""4"", ""label"": ""Refused""}]","{""1"": 933, ""2"": 117, ""4"": 1}",3;4,integer,3,1051,0,0.0,NONE,DIGITAL,DIGITAL;CANDIDATE_MODEL_1;CANDIDATE_MODEL_2,QUESTIONNAIRE,CANDIDATE_CORE,YES,LOW,Plausibly available as a profile characteristic before prediction.,Interpretable pre-outcome profile characteristic with usable coverage.,CANDIDATE_CORE,YES,LOW,Plausibly available as a profile characteristic before prediction.,Interpretable pre-outcome profile characteristic with usable coverage.,con1,22,https://microdata.worldbank.org/catalog/7900/variable/F1/V132?name=con1
133,con2a,Reason for no phone: lack of money,=1 if respondent does not have a mobile phone because they do not have enough money to buy a mobile phone =2 if no =8 if don't know =9 if refused Note: Asked only of respondents without a mobile phone.,We would like to understand why you do not own a mobile phone. Are any of the following reasons why you do not have a mobile phone? Please answer yes or no: You don't have enough money to buy a mobile phone,"[{""value"": ""1"", ""label"": ""Yes""}, {""value"": ""2"", ""label"": ""No""}, {""value"": ""8"", ""label"": ""Don't know""}, {""value"": ""9"", ""label"": ""Refused""}, {""value"": ""Sysmiss"", ""label"": """"}]","{""1"": 85, ""2"": 30, ""8"": 1, ""9"": 2, ""<BLANK>"": 933}",8;9,integer,4,118,933,88.7726,HIGH_75_PLUS,DIGITAL,DIGITAL;HIGH_MISSING;EXCLUDED,QUESTIONNAIRE,EXCLUDE_HIGH_MISSING,CONDITIONAL,LOW,Plausibly available as a profile characteristic before prediction.,88.77% structurally missing; insufficient standalone coverage.,EXCLUDE_HIGH_MISSING,CONDITIONAL,LOW,Plausibly available as a profile characteristic before prediction.,88.77% structurally missing; insufficient standalone coverage.,con2a,23,https://microdata.worldbank.org/catalog/7900/variable/F1/V133?name=con2a
134,con2b,Reason for no phone: mobile minutes are too expensive,=1 if respondent does not have a mobile phone because buying minutes is too expensive =2 if no =8 if don't know =9 if refused Note: Asked only of respondents without a mobile phone.,We would like to understand why you do not own a mobile phone. Are any of the following reasons why you do not have a mobile phone? Please answer yes or no: Buying mobile minutes is too expensive,"[{""value"": ""1"", ""label"": ""Yes""}, {""value"": ""2"", ""label"": ""No""}, {""value"": ""8"", ""label"": ""Don't know""}, {""value"": ""9"", ""label"": ""Refused""}, {""value"": ""Sysmiss"", ""label"": """"}]","{""1"": 36, ""2"": 78, ""8"": 3, ""9"": 1, ""<BLANK>"": 933}",8;9,integer,4,118,933,88.7726,HIGH_75_PLUS,DIGITAL,DIGITAL;HIGH_MISSING;EXCLUDED,QUESTIONNAIRE,EXCLUDE_HIGH_MISSING,CONDITIONAL,LOW,Plausibly available as a profile characteristic before prediction.,88.77% structurally missing; insufficient standalone coverage.,EXCLUDE_HIGH_MISSING,CONDITIONAL,LOW,Plausibly available as a profile characteristic before prediction.,88.77% structurally missing; insufficient standalone coverage.,con2b,23,https://microdata.worldbank.org/catalog/7900/variable/F1/V134?name=con2b
135,con2c,Reason for no mobile phone: lack of reliable coverage,=1 if respondent does not have a mobile phone because there isn't reliable coverage where they live =2 if no =8 if don't know =9 if refused Note: Asked only of respondents without a mobile phone.,We would like to understand why you do not own a mobile phone. Are any of the following reasons why you do not have a mobile phone? Please answer yes or no: There is not reliable coverage where you live,"[{""value"": ""1"", ""label"": ""Yes""}, {""value"": ""2"", ""label"": ""No""}, {""value"": ""8"", ""label"": ""Don't know""}, {""value"": ""9"", ""label"": ""Refused""}, {""value"": ""Sysmiss"", ""label"": """"}]","{""1"": 30, ""2"": 79, ""8"": 7, ""9"": 2, ""<BLANK>"": 933}",8;9,integer,4,118,933,88.7726,HIGH_75_PLUS,DIGITAL,DIGITAL;HIGH_MISSING;EXCLUDED,QUESTIONNAIRE,EXCLUDE_HIGH_MISSING,CONDITIONAL,LOW,Plausibly available as a profile characteristic before prediction.,88.77% structurally missing; insufficient standalone coverage.,EXCLUDE_HIGH_MISSING,CONDITIONAL,LOW,Plausibly available as a profile characteristic before prediction.,88.77% structurally missing; insufficient standalone coverage.,con2c,23,https://microdata.worldbank.org/catalog/7900/variable/F1/V135?name=con2c
136,con2d,Reason for no mobile phone: difficulties reading or typing,=1 if respondent does not have a mobile phone because they have difficulties reading or typing on a mobile phone =2 if no =8 if don't know =9 if refused Note: Asked only of respondents without a mobile phone.,We would like to understand why you do not own a mobile phone. Are any of the following reasons why you do not have a mobile phone? Please answer yes or no: You have difficulties reading or typing on a mobile phone,"[{""value"": ""1"", ""label"": ""Yes""}, {""value"": ""2"", ""label"": ""No""}, {""value"": ""8"", ""label"": ""Don't know""}, {""value"": ""9"", ""label"": ""Refused""}, {""value"": ""Sysmiss"", ""label"": """"}]","{""1"": 27, ""2"": 89, ""8"": 1, ""9"": 1, ""<BLANK>"": 933}",8;9,integer,4,118,933,88.7726,HIGH_75_PLUS,DIGITAL,DIGITAL;HIGH_MISSING;EXCLUDED,QUESTIONNAIRE,EXCLUDE_HIGH_MISSING,CONDITIONAL,LOW,Plausibly available as a profile characteristic before prediction.,88.77% structurally missing; insufficient standalone coverage.,EXCLUDE_HIGH_MISSING,CONDITIONAL,LOW,Plausibly available as a profile characteristic before prediction.,88.77% structurally missing; insufficient standalone coverage.,con2d,23,https://microdata.worldbank.org/catalog/7900/variable/F1/V136?name=con2d
137,con2e,Reason for no mobile phone: family or community disapproval,=1 if respondent does not have a mobile phone because people in their family or community disapprove =2 if no =8 if don't know =9 if refused Note: Asked only of respondents without a mobile phone.,We would like to understand why you do not own a mobile phone. Are any of the following reasons why you do not have a mobile phone? Please answer yes or no: People in your family or community do not approve of you using a mobile phone,"[{""value"": ""1"", ""label"": ""Yes""}, {""value"": ""2"", ""label"": ""No""}, {""value"": ""8"", ""label"": ""Don't know""}, {""value"": ""9"", ""label"": ""Refused""}, {""value"": ""Sysmiss"", ""label"": """"}]","{""1"": 23, ""2"": 94, ""9"": 1, ""<BLANK>"": 933}",8;9,integer,3,118,933,88.7726,HIGH_75_PLUS,DIGITAL,DIGITAL;HIGH_MISSING;EXCLUDED,QUESTIONNAIRE,EXCLUDE_HIGH_MISSING,CONDITIONAL,LOW,Plausibly available as a profile characteristic before prediction.,88.77% structurally missing; insufficient standalone coverage.,EXCLUDE_HIGH_MISSING,CONDITIONAL,LOW,Plausibly available as a profile characteristic before prediction.,88.77% structurally missing; insufficient standalone coverage.,con2e,23,https://microdata.worldbank.org/catalog/7900/variable/F1/V137?name=con2e
138,con2f,Reason for no mobile phone: worried about safety or security,=1 if respondent does not have a mobile phone because they are worried about their personal safety or security when using a mobile phone =2 if no =8 if don't know =9 if refused Note: Asked only of respondents without a mobile phone.,We would like to understand why you do not own a mobile phone. Are any of the following reasons why you do not have a mobile phone? Please answer yes or no: You are worried about your personal safety or security when using a mobile phone,"[{""value"": ""1"", ""label"": ""Yes""}, {""value"": ""2"", ""label"": ""No""}, {""value"": ""8"", ""label"": ""Don't know""}, {""value"": ""9"", ""label"": ""Refused""}, {""value"": ""Sysmiss"", ""label"": """"}]","{""1"": 28, ""2"": 85, ""8"": 3, ""9"": 2, ""<BLANK>"": 933}",8;9,integer,4,118,933,88.7726,HIGH_75_PLUS,DIGITAL,DIGITAL;HIGH_MISSING;EXCLUDED,QUESTIONNAIRE,EXCLUDE_HIGH_MISSING,CONDITIONAL,LOW,Plausibly available as a profile characteristic before prediction.,88.77% structurally missing; insufficient standalone coverage.,EXCLUDE_HIGH_MISSING,CONDITIONAL,LOW,Plausibly available as a profile characteristic before prediction.,88.77% structurally missing; insufficient standalone coverage.,con2f,23,https://microdata.worldbank.org/catalog/7900/variable/F1/V138?name=con2f
139,con2g,Reason for no mobile phone: used someone else's mobile phone,=1 if respondent does not have a mobile phone because they use someone else's mobile phone =2 if no =8 if don't know =9 if refused Note: Asked only of respondents without a mobile phone.,We would like to understand why you do not own a mobile phone. Are any of the following reasons why you do not have a mobile phone? Please answer yes or no: You use someone else's mobile phone,"[{""value"": ""1"", ""label"": ""Yes""}, {""value"": ""2"", ""label"": ""No""}, {""value"": ""8"", ""label"": ""Don't know""}, {""value"": ""9"", ""label"": ""Refused""}, {""value"": ""Sysmiss"", ""label"": """"}]","{""1"": 41, ""2"": 76, ""9"": 1, ""<BLANK>"": 933}",8;9,integer,3,118,933,88.7726,HIGH_75_PLUS,DIGITAL,DIGITAL;HIGH_MISSING;EXCLUDED,QUESTIONNAIRE,EXCLUDE_HIGH_MISSING,CONDITIONAL,LOW,Plausibly available as a profile characteristic before prediction.,88.77% structurally missing; insufficient standalone coverage.,EXCLUDE_HIGH_MISSING,CONDITIONAL,LOW,Plausibly available as a profile characteristic before prediction.,88.77% structurally missing; insufficient standalone coverage.,con2g,23;24,https://microdata.worldbank.org/catalog/7900/variable/F1/V139?name=con2g
140,con3,Main reason for not having a mobile phone,"=1 if the main reason the respondent doesn't have a mobile phone is not having enough money to buy a mobile phone =2 if the main reason the respondent doesn't have a mobile phone is that buying minutes is too expensive =3 if the main reason the respondent doesn't have a mobile phone is that there is not reliable internet coverage where they live =4 if the main reason the respondent doesn't have a mobile phone is that they have difficulties reading or typing on a mobile phone =5 if the main reason the respondent doesn't have a mobile phone is that people in their family or community disapprove =6 if the main reason the respondent doesn't have a mobile phone is that they are worried about their personal safety or security when using a mobile phone =7 if the main reason the respondent doesn't have a mobile phone is that they use someone else's mobile phone =97 if the main reason the respondent doesn't have a mobile phone is some other reason or none of these reasons =98 if don't know =99 if refused Note: Asked only of respondents without a mobile phone. Respondents are only asked about a reason if they responded ""yes"" to it above.",What is the main reason you do not own a mobile phone? 1. You don't have enough money to buy a mobile phone 2. Buying mobile minutes is too expensive 3. There is not reliable coverage where you live 4. You have difficulties reading or typing on a mobile phone 5. People in your family or community do not approve of you using a mobile phone 6. You are worried about your personal safety or security when using a mobile phone 7. You use someone else's mobile phone 8. Some other reason/None of these reasons,"[{""value"": ""1"", ""label"": ""Don't have enough money to buy a mobile phone""}, {""value"": ""2"", ""label"": ""Buying mobile minutes is too expensive""}, {""value"": ""3"", ""label"": ""There is not reliable coverage where they live""}, {""value"": ""4"", ""label"": ""Difficulties reading or typing on a mobile phone""}, {""value"": ""5"", ""label"": ""People in family or community do not approve of you using a mobile phone""}, {""value"": ""6"", ""label"": ""Worried about personal safety or security when using a mobile phone""}, {""value"": ""7"", ""label"": ""Use someone else's mobile phone""}, {""value"": ""97"", ""label"": ""Some other reason""}, {""value"": ""98"", ""label"": ""Don't know""}, {""value"": ""99"", ""label"": ""Refused""}, {""value"": ""Sysmiss"", ""label"": """"}]","{""1"": 68, ""2"": 6, ""3"": 6, ""4"": 6, ""5"": 6, ""6"": 2, ""7"": 6, ""97"": 5, ""98"": 1, ""99"": 1, ""<BLANK>"": 944}",98;99,integer,10,107,944,89.8192,HIGH_75_PLUS,DIGITAL,DIGITAL;HIGH_MISSING;EXCLUDED,QUESTIONNAIRE,EXCLUDE_HIGH_MISSING,CONDITIONAL,LOW,Plausibly available as a profile characteristic before prediction.,89.82% structurally missing; insufficient standalone coverage.,EXCLUDE_HIGH_MISSING,CONDITIONAL,LOW,Plausibly available as a profile characteristic before prediction.,89.82% structurally missing; insufficient standalone coverage.,con3,24,https://microdata.worldbank.org/catalog/7900/variable/F1/V140?name=con3
141,con4,Used someone else's mobile phone,=1 if respondent used someone else's mobile phone in the past three months =2 if no =8 if don't know =9 if refused Note: Asked only of respondents without a mobile phone.,Have you used someone else's mobile phone in the past 3 months?,"[{""value"": ""1"", ""label"": ""Yes""}, {""value"": ""2"", ""label"": ""No""}, {""value"": ""8"", ""label"": ""Don't know""}, {""value"": ""9"", ""label"": ""Refused""}, {""value"": ""Sysmiss"", ""label"": """"}]","{""1"": 56, ""2"": 59, ""8"": 1, ""9"": 2, ""<BLANK>"": 933}",8;9,integer,4,118,933,88.7726,HIGH_75_PLUS,DIGITAL,DIGITAL;HIGH_MISSING;EXCLUDED,QUESTIONNAIRE,EXCLUDE_HIGH_MISSING,CONDITIONAL,LOW,Plausibly available as a profile characteristic before prediction.,88.77% structurally missing; insufficient standalone coverage.,EXCLUDE_HIGH_MISSING,CONDITIONAL,LOW,Plausibly available as a profile characteristic before prediction.,88.77% structurally missing; insufficient standalone coverage.,con4,24,https://microdata.worldbank.org/catalog/7900/variable/F1/V141?name=con4
142,con5,Type of phone used when using someone else's phone,=1 if respondent used someone else's smartphone =2 if respondent used someone else's basic text phone =8 if don't know =9 if refused Note: Asked only of respondents who report using someone else's phone.,Was the mobile phone you used a smartphone or a basic text phone?,"[{""value"": ""1"", ""label"": ""A smartphone""}, {""value"": ""2"", ""label"": ""A basic text phone""}, {""value"": ""8"", ""label"": ""Don't know""}, {""value"": ""9"", ""label"": ""Refused""}, {""value"": ""Sysmiss"", ""label"": """"}]","{""1"": 27, ""2"": 27, ""8"": 2, ""<BLANK>"": 995}",8;9,integer,3,56,995,94.6717,HIGH_75_PLUS,DIGITAL,DIGITAL;HIGH_MISSING;EXCLUDED,QUESTIONNAIRE,EXCLUDE_HIGH_MISSING,CONDITIONAL,LOW,Plausibly available as a profile characteristic before prediction.,94.67% structurally missing; insufficient standalone coverage.,EXCLUDE_HIGH_MISSING,CONDITIONAL,LOW,Plausibly available as a profile characteristic before prediction.,94.67% structurally missing; insufficient standalone coverage.,con5,24,https://microdata.worldbank.org/catalog/7900/variable/F1/V142?name=con5
143,con6,Personal SIM card used in someone else's phone,=1 if respondent has a personal SIM card that they used in another person's mobile phone in the past 3 months =2 if no =8 if don't know =9 if refused Note: Asked only of respondents who report using someone else's phone.,Did you have a personal SIM card in your name that you have used in another person's mobile phone in the past 3 months?,"[{""value"": ""1"", ""label"": ""Yes""}, {""value"": ""2"", ""label"": ""No""}, {""value"": ""8"", ""label"": ""Don't know""}, {""value"": ""9"", ""label"": ""Refused""}, {""value"": ""Sysmiss"", ""label"": """"}]","{""1"": 19, ""2"": 37, ""<BLANK>"": 995}",8;9,integer,2,56,995,94.6717,HIGH_75_PLUS,DIGITAL,DIGITAL;HIGH_MISSING;EXCLUDED,QUESTIONNAIRE,EXCLUDE_HIGH_MISSING,CONDITIONAL,LOW,Plausibly available as a profile characteristic before prediction.,94.67% structurally missing; insufficient standalone coverage.,EXCLUDE_HIGH_MISSING,CONDITIONAL,LOW,Plausibly available as a profile characteristic before prediction.,94.67% structurally missing; insufficient standalone coverage.,con6,24,https://microdata.worldbank.org/catalog/7900/variable/F1/V143?name=con6
144,con7,Rules for using someone else's phone,=1 if respondent has rules set for them about how they can use someone else's mobile phone =2 if no =8 if don't know =9 if refused Note: Asked only of respondents who report using someone else's phone.,"Does someone, such as a family member, set rules about how you can use a mobile phone?","[{""value"": ""1"", ""label"": ""Yes""}, {""value"": ""2"", ""label"": ""No""}, {""value"": ""8"", ""label"": ""Don't know""}, {""value"": ""9"", ""label"": ""Refused""}, {""value"": ""Sysmiss"", ""label"": """"}]","{""1"": 17, ""2"": 38, ""8"": 1, ""<BLANK>"": 995}",8;9,integer,3,56,995,94.6717,HIGH_75_PLUS,DIGITAL,DIGITAL;HIGH_MISSING;EXCLUDED,QUESTIONNAIRE,EXCLUDE_HIGH_MISSING,CONDITIONAL,LOW,Plausibly available as a profile characteristic before prediction.,94.67% structurally missing; insufficient standalone coverage.,EXCLUDE_HIGH_MISSING,CONDITIONAL,LOW,Plausibly available as a profile characteristic before prediction.,94.67% structurally missing; insufficient standalone coverage.,con7,24;25,https://microdata.worldbank.org/catalog/7900/variable/F1/V144?name=con7
145,con8,Someone in the household owns a mobile phone,=1 if someone in the respondent's household owns a mobile phone =2 if no =8 if don't know =9 if refused Note: Asked only of respondents who do not own a mobile phone and who have not used someone else's in the past 3 months,Does anyone in your household currently own a mobile phone?,"[{""value"": ""1"", ""label"": ""Yes""}, {""value"": ""2"", ""label"": ""No""}, {""value"": ""8"", ""label"": ""Don't know""}, {""value"": ""9"", ""label"": ""Refused""}, {""value"": ""Sysmiss"", ""label"": """"}]","{""1"": 35, ""2"": 25, ""9"": 2, ""<BLANK>"": 989}",8;9,integer,3,62,989,94.1009,HIGH_75_PLUS,DIGITAL,DIGITAL;HIGH_MISSING;EXCLUDED,QUESTIONNAIRE,EXCLUDE_HIGH_MISSING,CONDITIONAL,LOW,Plausibly available as a profile characteristic before prediction.,94.10% structurally missing; insufficient standalone coverage.,EXCLUDE_HIGH_MISSING,CONDITIONAL,LOW,Plausibly available as a profile characteristic before prediction.,94.10% structurally missing; insufficient standalone coverage.,con8,25,https://microdata.worldbank.org/catalog/7900/variable/F1/V145?name=con8
146,con9,Type of phone,=1 if the main phone the respondent uses is a smartphone =2 if the main phone the respondent uses is a basic text phone =8 if don't know =9 if refused Note: Asked only of respondents who have a mobile phone.,Is the main mobile phone you use a smartphone or a basic text phone?,"[{""value"": ""1"", ""label"": ""A smartphone""}, {""value"": ""2"", ""label"": ""A basic text phone""}, {""value"": ""8"", ""label"": ""Don't know""}, {""value"": ""9"", ""label"": ""Refused""}, {""value"": ""Sysmiss"", ""label"": """"}]","{""1"": 582, ""2"": 342, ""8"": 6, ""9"": 3, ""<BLANK>"": 118}",8;9,integer,4,933,118,11.2274,LOW_UNDER_25,DIGITAL,DIGITAL;CANDIDATE_MODEL_1;CANDIDATE_MODEL_2,QUESTIONNAIRE,CANDIDATE_CONDITIONAL,CONDITIONAL,LOW,Plausibly available as a profile characteristic before prediction.,"Relevant pre-outcome characteristic, but routing, temporal overlap, or structural missingness requires Phase 3 handling.",CANDIDATE_CONDITIONAL,CONDITIONAL,LOW,Plausibly available as a profile characteristic before prediction.,"Relevant pre-outcome characteristic, but routing, temporal overlap, or structural missingness requires Phase 3 handling.",con9,25,https://microdata.worldbank.org/catalog/7900/variable/F1/V146?name=con9
147,con10,Could use whatsapp on basic phone,=1 if respondent could use WhatsApp on their basic phone if they wanted to =2 if no =8 if don't know =9 if refused Note: Asked only of respondents who own a basic text phone.,Could you use WhatsApp on this basic text phone if you wanted to?,"[{""value"": ""1"", ""label"": ""Yes""}, {""value"": ""2"", ""label"": ""No""}, {""value"": ""8"", ""label"": ""Don't know""}, {""value"": ""9"", ""label"": ""Refused""}, {""value"": ""Sysmiss"", ""label"": """"}]","{""1"": 31, ""2"": 306, ""8"": 4, ""9"": 1, ""<BLANK>"": 709}",8;9,integer,4,342,709,67.4596,HIGH_50_TO_74,DIGITAL,DIGITAL;HIGH_MISSING;EXCLUDED,QUESTIONNAIRE,EXCLUDE_HIGH_MISSING,CONDITIONAL,LOW,Plausibly available as a profile characteristic before prediction.,67.46% structurally missing; insufficient standalone coverage.,EXCLUDE_HIGH_MISSING,CONDITIONAL,LOW,Plausibly available as a profile characteristic before prediction.,67.46% structurally missing; insufficient standalone coverage.,con10,25,https://microdata.worldbank.org/catalog/7900/variable/F1/V147?name=con10
148,con11,SIM registered in own name,=1 if SIM number in respondent's phone is registered in their name =2 if no =8 if don't know =9 if refused Note: Asked only of respondents who have a mobile phone.,Is the SIM number in this mobile phone registered in your name?,"[{""value"": ""1"", ""label"": ""Yes""}, {""value"": ""2"", ""label"": ""No""}, {""value"": ""8"", ""label"": ""Don't know""}, {""value"": ""9"", ""label"": ""Refused""}, {""value"": ""Sysmiss"", ""label"": """"}]","{""1"": 811, ""2"": 118, ""8"": 3, ""9"": 1, ""<BLANK>"": 118}",8;9,integer,4,933,118,11.2274,LOW_UNDER_25,DIGITAL,DIGITAL;CANDIDATE_MODEL_1;CANDIDATE_MODEL_2,QUESTIONNAIRE,CANDIDATE_CONDITIONAL,CONDITIONAL,LOW,Plausibly available as a profile characteristic before prediction.,"Relevant pre-outcome characteristic, but routing, temporal overlap, or structural missingness requires Phase 3 handling.",CANDIDATE_CONDITIONAL,CONDITIONAL,LOW,Plausibly available as a profile characteristic before prediction.,"Relevant pre-outcome characteristic, but routing, temporal overlap, or structural missingness requires Phase 3 handling.",con11,25,https://microdata.worldbank.org/catalog/7900/variable/F1/V148?name=con11
149,con12,Mobile phone use frequency,=1 if respondent uses their mobile phone daily =2 if respondent uses their mobile phone weekly =3 if respondent uses their mobile phone monthly =4 if respondent uses their mobile phone less than once a month =7 if respondent uses their mobile phone never =8 if don't know =9 if refused Note: Asked only of respondents who have a mobile phone.,"How frequently do you use a mobile phone? Daily, weekly, monthly, or less than once a month?","[{""value"": ""1"", ""label"": ""Daily""}, {""value"": ""2"", ""label"": ""Weekly""}, {""value"": ""3"", ""label"": ""Monthly""}, {""value"": ""4"", ""label"": ""Less than once a month""}, {""value"": ""7"", ""label"": ""Never""}, {""value"": ""8"", ""label"": ""Don't know""}, {""value"": ""9"", ""label"": ""Refused""}, {""value"": ""Sysmiss"", ""label"": """"}]","{""1"": 802, ""2"": 93, ""3"": 23, ""4"": 6, ""7"": 2, ""8"": 7, ""<BLANK>"": 118}",8;9,integer,6,933,118,11.2274,LOW_UNDER_25,DIGITAL,DIGITAL;CANDIDATE_MODEL_1;CANDIDATE_MODEL_2,QUESTIONNAIRE,CANDIDATE_CONDITIONAL,CONDITIONAL,LOW,Plausibly available as a profile characteristic before prediction.,"Relevant pre-outcome characteristic, but routing, temporal overlap, or structural missingness requires Phase 3 handling.",CANDIDATE_CONDITIONAL,CONDITIONAL,LOW,Plausibly available as a profile characteristic before prediction.,"Relevant pre-outcome characteristic, but routing, temporal overlap, or structural missingness requires Phase 3 handling.",con12,25,https://microdata.worldbank.org/catalog/7900/variable/F1/V149?name=con12
150,con13,Used a mobile phone in the past three months,"=1 if respondent used a mobile phone in the past three months =2 if no =8 if don't know =9 if refused Note: Asked only of respondents who have a phone but did not use it daily, weekly, or monthly.",Did you use a mobile phone in the past 3 months?,"[{""value"": ""1"", ""label"": ""Yes""}, {""value"": ""2"", ""label"": ""No""}, {""value"": ""8"", ""label"": ""Don't know""}, {""value"": ""9"", ""label"": ""Refused""}, {""value"": ""Sysmiss"", ""label"": """"}]","{""1"": 12, ""2"": 3, ""<BLANK>"": 1036}",8;9,integer,2,15,1036,98.5728,HIGH_75_PLUS,DIGITAL,DIGITAL;HIGH_MISSING;EXCLUDED,QUESTIONNAIRE,EXCLUDE_HIGH_MISSING,CONDITIONAL,LOW,Plausibly available as a profile characteristic before prediction.,98.57% structurally missing; insufficient standalone coverage.,EXCLUDE_HIGH_MISSING,CONDITIONAL,LOW,Plausibly available as a profile characteristic before prediction.,98.57% structurally missing; insufficient standalone coverage.,con13,25,https://microdata.worldbank.org/catalog/7900/variable/F1/V150?name=con13
151,con14,Read a text message,=1 if respondent has read a text message on a mobile phone. This can include an SMS or text message or a message on a messaging app like WhatsApp. =2 if no =8 if don't know =9 if refused Note: Asked only of respondents who have a mobile phone.,Have you ever read a text message on a mobile phone? This can include an SMS or text message or a message on a messaging app like WhatsApp.,"[{""value"": ""1"", ""label"": ""Yes""}, {""value"": ""2"", ""label"": ""No""}, {""value"": ""8"", ""label"": ""Don't know""}, {""value"": ""9"", ""label"": ""Refused""}, {""value"": ""Sysmiss"", ""label"": """"}]","{""1"": 816, ""2"": 113, ""8"": 3, ""9"": 1, ""<BLANK>"": 118}",8;9,integer,4,933,118,11.2274,LOW_UNDER_25,DIGITAL,DIGITAL;CANDIDATE_MODEL_1;CANDIDATE_MODEL_2,QUESTIONNAIRE,CANDIDATE_CONDITIONAL,CONDITIONAL,LOW,Plausibly available as a profile characteristic before prediction.,"Relevant pre-outcome characteristic, but routing, temporal overlap, or structural missingness requires Phase 3 handling.",CANDIDATE_CONDITIONAL,CONDITIONAL,LOW,Plausibly available as a profile characteristic before prediction.,"Relevant pre-outcome characteristic, but routing, temporal overlap, or structural missingness requires Phase 3 handling.",con14,26,https://microdata.worldbank.org/catalog/7900/variable/F1/V151?name=con14
152,con15,Can understand a text message with English letters,"=1 if respondent could understand a text message in the language of the interview written using English letters like ""A"", ""B"", ""C"". =2 if no =8 if don't know =9 if refused Note: Asked only of respondents who read a text message","Could you read and understand a text message in [insert language of interview] that is written using English letters, like ""A"", ""B"", and ""C""? This can include an SMS or text message or a message on a messaging app like WhatsApp.","[{""value"": ""1"", ""label"": ""Yes""}, {""value"": ""2"", ""label"": ""No""}, {""value"": ""8"", ""label"": ""Don't know""}, {""value"": ""9"", ""label"": ""Refused""}, {""value"": ""Sysmiss"", ""label"": """"}]","{""<BLANK>"": 1051}",8;9,empty,0,0,1051,100.0,ALL_MISSING,DIGITAL,DIGITAL;HIGH_MISSING;ALL_MISSING;LOW_VARIANCE;EXCLUDED,QUESTIONNAIRE,EXCLUDE_ALL_MISSING,NO,LOW,Plausibly available as a profile characteristic before prediction.,No observed values in Eswatini; conceptual leakage risk is LOW.,EXCLUDE_ALL_MISSING,NO,LOW,Plausibly available as a profile characteristic before prediction.,No observed values in Eswatini; conceptual leakage risk is LOW.,con15,26,https://microdata.worldbank.org/catalog/7900/variable/F1/V152?name=con15
153,con16,Sent a text message,=1 if the respondent has ever sent a text message on a mobile phone. This can include an SMS or text message or a message on a messaging app like WhatsApp. =2 if no =8 if don't know =9 if refused Note: Asked only of respondents who read a text message.,Have you ever sent a text message on a mobile phone? This can include an SMS or text message or a message sent through a messaging app like WhatsApp.,"[{""value"": ""1"", ""label"": ""Yes""}, {""value"": ""2"", ""label"": ""No""}, {""value"": ""8"", ""label"": ""Don't know""}, {""value"": ""9"", ""label"": ""Refused""}, {""value"": ""Sysmiss"", ""label"": """"}]","{""1"": 681, ""2"": 134, ""8"": 1, ""<BLANK>"": 235}",8;9,integer,3,816,235,22.3597,LOW_UNDER_25,DIGITAL,DIGITAL;CANDIDATE_MODEL_1;CANDIDATE_MODEL_2,QUESTIONNAIRE,CANDIDATE_CONDITIONAL,CONDITIONAL,LOW,Plausibly available as a profile characteristic before prediction.,"Relevant pre-outcome characteristic, but routing, temporal overlap, or structural missingness requires Phase 3 handling.",CANDIDATE_CONDITIONAL,CONDITIONAL,LOW,Plausibly available as a profile characteristic before prediction.,"Relevant pre-outcome characteristic, but routing, temporal overlap, or structural missingness requires Phase 3 handling.",con16,26,https://microdata.worldbank.org/catalog/7900/variable/F1/V153?name=con16
154,con17,Preferred mode of government communication,=1 if respondent prefers to receive important news from the government by SMS or text message =2 if respondent prefers to receive important news from the government by a phone call with a recorded voice =3 if respondent prefers to receive important news from the government by neither a text message nor a voice call =4 if respondent prefers to receive important news from the government by both/either a text message or a voice call =8 if don't know =9 if refused Note: Asked only of respondents who have a mobile phone.,"If the government needed to communicate important news to the population, such as a message about an extreme weather event or health information, would you prefer to receive it by SMS or text message or by a phone call with a recorded voice?","[{""value"": ""1"", ""label"": ""By SMS or text message""}, {""value"": ""2"", ""label"": ""By a phone call with a recorded voice""}, {""value"": ""3"", ""label"": ""Neither""}, {""value"": ""4"", ""label"": ""Both/Either one""}, {""value"": ""8"", ""label"": ""Don't know""}, {""value"": ""9"", ""label"": ""Refused""}, {""value"": ""Sysmiss"", ""label"": """"}]","{""1"": 631, ""2"": 147, ""3"": 29, ""4"": 97, ""8"": 24, ""9"": 5, ""<BLANK>"": 118}",8;9,integer,6,933,118,11.2274,LOW_UNDER_25,DIGITAL,DIGITAL;EXCLUDED,QUESTIONNAIRE,EXCLUDE_CONCEPTUAL,CONDITIONAL,MODERATE,Contemporaneous preference or activity rather than stable pre-outcome access.,Contemporaneous preference or activity rather than stable pre-outcome access.,EXCLUDE_CONCEPTUAL,CONDITIONAL,MODERATE,Contemporaneous preference or activity rather than stable pre-outcome access.,Contemporaneous preference or activity rather than stable pre-outcome access.,con17,26,https://microdata.worldbank.org/catalog/7900/variable/F1/V154?name=con17
155,con18,Have a PIN or password on mobile phone,"=1 if respondent has lock on their mobile phone such as a PIN. Password, or fingerprint =2 if no =8 if don't know =9 if refused Note: Asked only of respondents with a mobile phone.","Is there a lock on the mobile phone that you use, such as a PIN, password, or fingerprint?","[{""value"": ""1"", ""label"": ""Yes""}, {""value"": ""2"", ""label"": ""No""}, {""value"": ""8"", ""label"": ""Don't know""}, {""value"": ""9"", ""label"": ""Refused""}, {""value"": ""Sysmiss"", ""label"": """"}]","{""1"": 523, ""2"": 404, ""8"": 4, ""9"": 2, ""<BLANK>"": 118}",8;9,integer,4,933,118,11.2274,LOW_UNDER_25,DIGITAL,DIGITAL;CANDIDATE_MODEL_1;CANDIDATE_MODEL_2,QUESTIONNAIRE,CANDIDATE_CONDITIONAL,CONDITIONAL,LOW,Plausibly available as a profile characteristic before prediction.,"Relevant pre-outcome characteristic, but routing, temporal overlap, or structural missingness requires Phase 3 handling.",CANDIDATE_CONDITIONAL,CONDITIONAL,LOW,Plausibly available as a profile characteristic before prediction.,"Relevant pre-outcome characteristic, but routing, temporal overlap, or structural missingness requires Phase 3 handling.",con18,26,https://microdata.worldbank.org/catalog/7900/variable/F1/V155?name=con18
156,con19,Can change PIN or password,=1 if respondent is able to change the PIN or password on their mobile phone without help =2 if no =8 if don't know =9 if refused Note: Asked only of respondents who have a PIN/password on their mobile phone.,Are you able to change the PIN or password on the mobile phone that you use without help?,"[{""value"": ""1"", ""label"": ""Yes""}, {""value"": ""2"", ""label"": ""No""}, {""value"": ""8"", ""label"": ""Don't know""}, {""value"": ""9"", ""label"": ""Refused""}, {""value"": ""Sysmiss"", ""label"": """"}]","{""1"": 475, ""2"": 48, ""<BLANK>"": 528}",8;9,integer,2,523,528,50.2379,HIGH_50_TO_74,DIGITAL,DIGITAL;HIGH_MISSING;EXCLUDED,QUESTIONNAIRE,EXCLUDE_HIGH_MISSING,CONDITIONAL,LOW,Plausibly available as a profile characteristic before prediction.,50.24% structurally missing; insufficient standalone coverage.,EXCLUDE_HIGH_MISSING,CONDITIONAL,LOW,Plausibly available as a profile characteristic before prediction.,50.24% structurally missing; insufficient standalone coverage.,con19,26;27,https://microdata.worldbank.org/catalog/7900/variable/F1/V156?name=con19
157,con20,Rules about using own phone,=1 if someone such as a family member sets rules about how respondent can use their own phone =2 if no =8 if don't know =9 if refused Note: Asked only of respondents with a mobile phone.,"Does someone, such as a family member, set rules about how you can use a mobile phone?","[{""value"": ""1"", ""label"": ""Yes""}, {""value"": ""2"", ""label"": ""No""}, {""value"": ""8"", ""label"": ""Don't know""}, {""value"": ""9"", ""label"": ""Refused""}, {""value"": ""Sysmiss"", ""label"": """"}]","{""1"": 83, ""2"": 846, ""8"": 3, ""9"": 1, ""<BLANK>"": 118}",8;9,integer,4,933,118,11.2274,LOW_UNDER_25,DIGITAL,DIGITAL;CANDIDATE_MODEL_1;CANDIDATE_MODEL_2,QUESTIONNAIRE,CANDIDATE_CONDITIONAL,CONDITIONAL,LOW,Plausibly available as a profile characteristic before prediction.,"Relevant pre-outcome characteristic, but routing, temporal overlap, or structural missingness requires Phase 3 handling.",CANDIDATE_CONDITIONAL,CONDITIONAL,LOW,Plausibly available as a profile characteristic before prediction.,"Relevant pre-outcome characteristic, but routing, temporal overlap, or structural missingness requires Phase 3 handling.",con20,27,https://microdata.worldbank.org/catalog/7900/variable/F1/V157?name=con20
158,con21,Received scam text or call,=1 if respondent received a phone call or SMS or text message on their mobile phone from someone they don't know asking for money in the past 12 months =2 if no =8 if don't know =9 if refused Note: Asked only of respondents with a mobile phone.,"In the past 12 months, did you receive a phone call or SMS or text message on your mobile phone from someone you didn't know asking you to send money?","[{""value"": ""1"", ""label"": ""Yes""}, {""value"": ""2"", ""label"": ""No""}, {""value"": ""8"", ""label"": ""Don't know""}, {""value"": ""9"", ""label"": ""Refused""}, {""value"": ""Sysmiss"", ""label"": """"}]","{""1"": 291, ""2"": 636, ""8"": 4, ""9"": 2, ""<BLANK>"": 118}",8;9,integer,4,933,118,11.2274,LOW_UNDER_25,DIGITAL,DIGITAL;EXCLUDED,QUESTIONNAIRE,EXCLUDE_POST_OUTCOME,NO,MODERATE,Post-access digital experience that may occur after adoption.,Post-access digital experience that may occur after adoption.,EXCLUDE_POST_OUTCOME,NO,MODERATE,Post-access digital experience that may occur after adoption.,Post-access digital experience that may occur after adoption.,con21,27,https://microdata.worldbank.org/catalog/7900/variable/F1/V158?name=con21
159,con22,Sent money to scammer,=1 if respondent sent money to person they did not know asking for money =2 if no =8 if don't know =9 if refused Note: Asked only of respondents who received a text or call from someone they didn't know asking for money.,Did you send the money to this person?,"[{""value"": ""1"", ""label"": ""Yes""}, {""value"": ""2"", ""label"": ""No""}, {""value"": ""8"", ""label"": ""Don't know""}, {""value"": ""9"", ""label"": ""Refused""}, {""value"": ""Sysmiss"", ""label"": """"}]","{""1"": 49, ""2"": 242, ""<BLANK>"": 760}",8;9,integer,2,291,760,72.3121,HIGH_50_TO_74,DIGITAL,DIGITAL;HIGH_MISSING;EXCLUDED,QUESTIONNAIRE,EXCLUDE_HIGH_MISSING,CONDITIONAL,MODERATE,Post-access digital experience that may occur after adoption.,72.31% structurally missing; insufficient standalone coverage.,EXCLUDE_HIGH_MISSING,CONDITIONAL,MODERATE,Post-access digital experience that may occur after adoption.,72.31% structurally missing; insufficient standalone coverage.,con22,27,https://microdata.worldbank.org/catalog/7900/variable/F1/V159?name=con22
160,con23,Received unwanted or offensive messages,"=1 if respondent received unwanted and offensive messages, photos, or videos to their mobile phone in the past 12 months =2 if no =8 if don't know =9 if refused Note: Asked only of respondents with a mobile phone.","In the past 12 months, have you received unwanted and offensive messages, photos or videos to your mobile phone?","[{""value"": ""1"", ""label"": ""Yes""}, {""value"": ""2"", ""label"": ""No""}, {""value"": ""8"", ""label"": ""Don't know""}, {""value"": ""9"", ""label"": ""Refused""}, {""value"": ""Sysmiss"", ""label"": """"}]","{""1"": 137, ""2"": 787, ""8"": 6, ""9"": 3, ""<BLANK>"": 118}",8;9,integer,4,933,118,11.2274,LOW_UNDER_25,DIGITAL,DIGITAL;EXCLUDED,QUESTIONNAIRE,EXCLUDE_POST_OUTCOME,NO,MODERATE,Post-access digital experience that may occur after adoption.,Post-access digital experience that may occur after adoption.,EXCLUDE_POST_OUTCOME,NO,MODERATE,Post-access digital experience that may occur after adoption.,Post-access digital experience that may occur after adoption.,con23,27,https://microdata.worldbank.org/catalog/7900/variable/F1/V160?name=con23
161,con24,Used the internet in the past 7 days,=1 if respondent used the internet in the past 7 days =2 if no =8 if don't know =9 if refused,"Have you used the Internet in the past seven days, whether on a mobile phone, a computer, or some other device?","[{""value"": ""1"", ""label"": ""Yes""}, {""value"": ""2"", ""label"": ""No""}, {""value"": ""3"", ""label"": """"}, {""value"": ""4"", ""label"": """"}, {""value"": ""8"", ""label"": ""Don't know""}, {""value"": ""9"", ""label"": ""Refused""}]","{""1"": 569, ""2"": 473, ""3"": 5, ""4"": 4}",8;9,integer,4,1051,0,0.0,NONE,DIGITAL,DIGITAL;EXCLUDED,QUESTIONNAIRE,EXCLUDE_REDUNDANT,YES,LOW,Plausibly available as a profile characteristic before prediction.,Component/nested measure retained through the complete `internet_use` indicator instead.,EXCLUDE_REDUNDANT,YES,LOW,Plausibly available as a profile characteristic before prediction.,Component/nested measure retained through the complete `internet_use` indicator instead.,con24,27,https://microdata.worldbank.org/catalog/7900/variable/F1/V161?name=con24
162,con25,Used the internet in the past 3 months,=1 if respondent used the internet in the past 3 months =2 if no =8 if don't know =9 if refused Note: Asked only of respondents who do not report using the internet in the past 7 days.,Did you use the Internet in the past 3 months?,"[{""value"": ""1"", ""label"": ""Yes""}, {""value"": ""2"", ""label"": ""No""}, {""value"": ""8"", ""label"": ""Don't know""}, {""value"": ""9"", ""label"": ""Refused""}, {""value"": ""Sysmiss"", ""label"": """"}]","{""1"": 59, ""2"": 417, ""8"": 5, ""9"": 1, ""<BLANK>"": 569}",8;9,integer,4,482,569,54.1389,HIGH_50_TO_74,DIGITAL,DIGITAL;HIGH_MISSING;EXCLUDED,QUESTIONNAIRE,EXCLUDE_REDUNDANT,YES,LOW,Plausibly available as a profile characteristic before prediction.,Component/nested measure retained through the complete `internet_use` indicator instead.,EXCLUDE_REDUNDANT,YES,LOW,Plausibly available as a profile characteristic before prediction.,Component/nested measure retained through the complete `internet_use` indicator instead.,con25,27,https://microdata.worldbank.org/catalog/7900/variable/F1/V162?name=con25
163,con26,Frequency of internet use,=1 if respondent uses the internet daily =2 if respondent uses the internet weekly =3 if respondent uses the internet monthly =4 if respondent uses the internet less than once a month =7 if respondent never uses the internet =8 if don't know =9 if refused Note: Asked only of respondents who used the internet within the past 3 months.,"In a typical month, how frequently do you use the Internet? Daily, weekly, monthly, or less than once a month?","[{""value"": ""1"", ""label"": ""Daily""}, {""value"": ""2"", ""label"": ""Weekly""}, {""value"": ""3"", ""label"": ""Monthly""}, {""value"": ""4"", ""label"": ""Less than once a month""}, {""value"": ""7"", ""label"": ""Never""}, {""value"": ""8"", ""label"": ""Don't know""}, {""value"": ""9"", ""label"": ""Refused""}, {""value"": ""Sysmiss"", ""label"": """"}]","{""1"": 429, ""2"": 113, ""3"": 52, ""4"": 18, ""7"": 8, ""8"": 7, ""9"": 1, ""<BLANK>"": 423}",8;9,integer,7,628,423,40.2474,MODERATE_25_TO_49,DIGITAL,DIGITAL;CANDIDATE_MODEL_2,QUESTIONNAIRE,EXCLUDE_MODEL_SCOPE,CONDITIONAL,LOW,Plausibly available as a profile characteristic before prediction.,Reserved for the other model's distinct feature blueprint; not required for this model's initial scope.,CANDIDATE_CONDITIONAL,CONDITIONAL,LOW,Plausibly available as a profile characteristic before prediction.,"Relevant pre-outcome characteristic, but routing, temporal overlap, or structural missingness requires Phase 3 handling.",con26,27;28,https://microdata.worldbank.org/catalog/7900/variable/F1/V163?name=con26
164,con27,Purchase a data package,=1 if respondent buys a data package to use the internet =2 if no =8 if don't know =9 if refused Note: Asked only of respondents who used the internet within the past 3 months.,Do you buy a data package to use the Internet?,"[{""value"": ""1"", ""label"": ""Yes""}, {""value"": ""2"", ""label"": ""No""}, {""value"": ""8"", ""label"": ""Don't know""}, {""value"": ""9"", ""label"": ""Refused""}, {""value"": ""Sysmiss"", ""label"": """"}]","{""1"": 550, ""2"": 76, ""8"": 2, ""<BLANK>"": 423}",8;9,integer,3,628,423,40.2474,MODERATE_25_TO_49,DIGITAL,DIGITAL;CANDIDATE_MODEL_2,QUESTIONNAIRE,EXCLUDE_MODEL_SCOPE,CONDITIONAL,LOW,Plausibly available as a profile characteristic before prediction.,Reserved for the other model's distinct feature blueprint; not required for this model's initial scope.,CANDIDATE_CONDITIONAL,CONDITIONAL,LOW,Plausibly available as a profile characteristic before prediction.,"Relevant pre-outcome characteristic, but routing, temporal overlap, or structural missingness requires Phase 3 handling.",con27,28,https://microdata.worldbank.org/catalog/7900/variable/F1/V164?name=con27
165,con28,Frequency of data package purchase,=1 if respondent purchases their data package daily =2 if respondent purchases their data package weekly =3 if respondent purchases their data package monthly =4 if respondent purchases their data package less than once a month =7 if respondent never purchases their data package =8 if don't know =9 if refused Note: Asked only of respondents who purchased a data package.,"How frequently do you buy your data package to use the Internet? Daily, weekly, monthly, or less than once a month?","[{""value"": ""1"", ""label"": ""Daily""}, {""value"": ""2"", ""label"": ""Weekly""}, {""value"": ""3"", ""label"": ""Monthly""}, {""value"": ""4"", ""label"": ""Less than once a month""}, {""value"": ""7"", ""label"": ""Never""}, {""value"": ""8"", ""label"": ""Don't know""}, {""value"": ""9"", ""label"": ""Refused""}, {""value"": ""Sysmiss"", ""label"": """"}]","{""1"": 68, ""2"": 142, ""3"": 317, ""4"": 15, ""7"": 1, ""8"": 7, ""<BLANK>"": 501}",8;9,integer,6,550,501,47.6689,MODERATE_25_TO_49,DIGITAL,DIGITAL;CANDIDATE_MODEL_2,QUESTIONNAIRE,EXCLUDE_MODEL_SCOPE,CONDITIONAL,LOW,Plausibly available as a profile characteristic before prediction.,Reserved for the other model's distinct feature blueprint; not required for this model's initial scope.,CANDIDATE_CONDITIONAL,CONDITIONAL,LOW,Plausibly available as a profile characteristic before prediction.,"Relevant pre-outcome characteristic, but routing, temporal overlap, or structural missingness requires Phase 3 handling.",con28,28,https://microdata.worldbank.org/catalog/7900/variable/F1/V165?name=con28
166,con29,Connect to the internet only through free WiFi,=1 if respondent connects to the internet only through free WiFi =2 if no =8 if don't know =9 if refused Note: Asked only of respondents who used the internet within the past three months but who did not purchase a data package.,"Do you connect to the Internet only through free WiFi, such as from a neighbor, a shop, or a free public WiFi area?","[{""value"": ""1"", ""label"": ""Yes""}, {""value"": ""2"", ""label"": ""No""}, {""value"": ""8"", ""label"": ""Don't know""}, {""value"": ""9"", ""label"": ""Refused""}, {""value"": ""Sysmiss"", ""label"": """"}]","{""1"": 27, ""2"": 50, ""8"": 1, ""<BLANK>"": 973}",8;9,integer,3,78,973,92.5785,HIGH_75_PLUS,DIGITAL,DIGITAL;HIGH_MISSING;EXCLUDED,QUESTIONNAIRE,EXCLUDE_HIGH_MISSING,CONDITIONAL,LOW,Plausibly available as a profile characteristic before prediction.,92.58% structurally missing; insufficient standalone coverage.,EXCLUDE_HIGH_MISSING,CONDITIONAL,LOW,Plausibly available as a profile characteristic before prediction.,92.58% structurally missing; insufficient standalone coverage.,con29,28,https://microdata.worldbank.org/catalog/7900/variable/F1/V166?name=con29
167,con30a,Sent a voice message from a mobile phone,=1 if respondent sent a voice message from a mobile phone =2 if no =8 if don't know =9 if refused Note: Asked only of respondents who used the internet within the past 3 months or who have a smartphone.,"In the past 3 months, have you personally done any of the following activities? Please answer yes or no: Sent a voice message from a mobile phone","[{""value"": ""1"", ""label"": ""Yes""}, {""value"": ""2"", ""label"": ""No""}, {""value"": ""8"", ""label"": ""Don't know""}, {""value"": ""9"", ""label"": ""Refused""}, {""value"": ""Sysmiss"", ""label"": """"}]","{""1"": 487, ""2"": 207, ""8"": 1, ""9"": 2, ""<BLANK>"": 354}",8;9,integer,4,697,354,33.6822,MODERATE_25_TO_49,DIGITAL,DIGITAL;CANDIDATE_MODEL_2,QUESTIONNAIRE,EXCLUDE_MODEL_SCOPE,CONDITIONAL,LOW,Plausibly available as a profile characteristic before prediction.,Reserved for the other model's distinct feature blueprint; not required for this model's initial scope.,CANDIDATE_CONDITIONAL,CONDITIONAL,MODERATE,Recent digital activity overlaps the mobile-money adoption period but is not the target.,"Relevant pre-outcome characteristic, but routing, temporal overlap, or structural missingness requires Phase 3 handling.",con30a,28,https://microdata.worldbank.org/catalog/7900/variable/F1/V167?name=con30a
168,con30b,Sent a photo from a mobile phone,=1 if respondent sent a photo from a mobile phone =2 if no =8 if don't know =9 if refused Note: Asked only of respondents who used the internet within the past 3 months or who have a smartphone.,"In the past 3 months, have you personally done any of the following activities? Please answer yes or no: Sent a photo from a mobile phone","[{""value"": ""1"", ""label"": ""Yes""}, {""value"": ""2"", ""label"": ""No""}, {""value"": ""8"", ""label"": ""Don't know""}, {""value"": ""9"", ""label"": ""Refused""}, {""value"": ""Sysmiss"", ""label"": """"}]","{""1"": 494, ""2"": 200, ""9"": 3, ""<BLANK>"": 354}",8;9,integer,3,697,354,33.6822,MODERATE_25_TO_49,DIGITAL,DIGITAL;CANDIDATE_MODEL_2,QUESTIONNAIRE,EXCLUDE_MODEL_SCOPE,CONDITIONAL,LOW,Plausibly available as a profile characteristic before prediction.,Reserved for the other model's distinct feature blueprint; not required for this model's initial scope.,CANDIDATE_CONDITIONAL,CONDITIONAL,MODERATE,Recent digital activity overlaps the mobile-money adoption period but is not the target.,"Relevant pre-outcome characteristic, but routing, temporal overlap, or structural missingness requires Phase 3 handling.",con30b,28,https://microdata.worldbank.org/catalog/7900/variable/F1/V168?name=con30b
169,con30c,Used social media on a mobile phone,"=1 if respondent used social media, like Facebook or TikTok, on a mobile phone =2 if no =8 if don't know =9 if refused Note: Asked only of respondents who used the internet within the past 3 months or who have a smartphone.","In the past 3 months, have you personally done any of the following activities? Please answer yes or no: Used social media, like Facebook or TikTok, on a mobile phone","[{""value"": ""1"", ""label"": ""Yes""}, {""value"": ""2"", ""label"": ""No""}, {""value"": ""8"", ""label"": ""Don't know""}, {""value"": ""9"", ""label"": ""Refused""}, {""value"": ""Sysmiss"", ""label"": """"}]","{""1"": 554, ""2"": 141, ""8"": 1, ""9"": 1, ""<BLANK>"": 354}",8;9,integer,4,697,354,33.6822,MODERATE_25_TO_49,DIGITAL,DIGITAL;CANDIDATE_MODEL_2,QUESTIONNAIRE,EXCLUDE_MODEL_SCOPE,CONDITIONAL,LOW,Plausibly available as a profile characteristic before prediction.,Reserved for the other model's distinct feature blueprint; not required for this model's initial scope.,CANDIDATE_CONDITIONAL,CONDITIONAL,MODERATE,Recent digital activity overlaps the mobile-money adoption period but is not the target.,"Relevant pre-outcome characteristic, but routing, temporal overlap, or structural missingness requires Phase 3 handling.",con30c,29,https://microdata.worldbank.org/catalog/7900/variable/F1/V169?name=con30c
170,con30d,Read about news or current events online,=1 if respondent read about news or current events online =2 if no =8 if don't know =9 if refused Note: Asked only of respondents who used the internet within the past 3 months or who have a smartphone.,"In the past 3 months, have you personally done any of the following activities? Please answer yes or no: Read about news or current events online","[{""value"": ""1"", ""label"": ""Yes""}, {""value"": ""2"", ""label"": ""No""}, {""value"": ""8"", ""label"": ""Don't know""}, {""value"": ""9"", ""label"": ""Refused""}, {""value"": ""Sysmiss"", ""label"": """"}]","{""1"": 454, ""2"": 240, ""8"": 2, ""9"": 1, ""<BLANK>"": 354}",8;9,integer,4,697,354,33.6822,MODERATE_25_TO_49,DIGITAL,DIGITAL;CANDIDATE_MODEL_2,QUESTIONNAIRE,EXCLUDE_MODEL_SCOPE,CONDITIONAL,LOW,Plausibly available as a profile characteristic before prediction.,Reserved for the other model's distinct feature blueprint; not required for this model's initial scope.,CANDIDATE_CONDITIONAL,CONDITIONAL,MODERATE,Recent digital activity overlaps the mobile-money adoption period but is not the target.,"Relevant pre-outcome characteristic, but routing, temporal overlap, or structural missingness requires Phase 3 handling.",con30d,29,https://microdata.worldbank.org/catalog/7900/variable/F1/V170?name=con30d
171,con30e,Accessed educational information online,"=1 if respondent accessed information online to learn, train, or educate themself or someone else =2 if no =8 if don't know =9 if refused Note: Asked only of respondents who used the internet within the past 3 months or who have a smartphone.","In the past 3 months, have you personally done any of the following activities? Please answer yes or no: Accessed information online to learn, train, or educate yourself or someone else","[{""value"": ""1"", ""label"": ""Yes""}, {""value"": ""2"", ""label"": ""No""}, {""value"": ""8"", ""label"": ""Don't know""}, {""value"": ""9"", ""label"": ""Refused""}, {""value"": ""Sysmiss"", ""label"": """"}]","{""1"": 348, ""2"": 347, ""8"": 2, ""<BLANK>"": 354}",8;9,integer,3,697,354,33.6822,MODERATE_25_TO_49,DIGITAL,DIGITAL;CANDIDATE_MODEL_2,QUESTIONNAIRE,EXCLUDE_MODEL_SCOPE,CONDITIONAL,LOW,Plausibly available as a profile characteristic before prediction.,Reserved for the other model's distinct feature blueprint; not required for this model's initial scope.,CANDIDATE_CONDITIONAL,CONDITIONAL,MODERATE,Recent digital activity overlaps the mobile-money adoption period but is not the target.,"Relevant pre-outcome characteristic, but routing, temporal overlap, or structural missingness requires Phase 3 handling.",con30e,29,https://microdata.worldbank.org/catalog/7900/variable/F1/V171?name=con30e
172,con30f,Earned money online,"=1 if respondent used apps or websites to earn money, for example, by selling goods or services online =2 if no =8 if don't know =9 if refused Note: Asked only of respondents who used the internet within the past 3 months or who have a smartphone.","In the past 3 months, have you personally done any of the following activities? Please answer yes or no: Used apps or websites to earn money, for example, selling goods or services online","[{""value"": ""1"", ""label"": ""Yes""}, {""value"": ""2"", ""label"": ""No""}, {""value"": ""8"", ""label"": ""Don't know""}, {""value"": ""9"", ""label"": ""Refused""}, {""value"": ""Sysmiss"", ""label"": """"}]","{""1"": 142, ""2"": 551, ""8"": 2, ""9"": 2, ""<BLANK>"": 354}",8;9,integer,4,697,354,33.6822,MODERATE_25_TO_49,DIGITAL,DIGITAL;EXCLUDED,QUESTIONNAIRE,EXCLUDE_CONCEPTUAL,CONDITIONAL,MODERATE,Contemporaneous preference or activity rather than stable pre-outcome access.,Contemporaneous preference or activity rather than stable pre-outcome access.,EXCLUDE_CONCEPTUAL,CONDITIONAL,MODERATE,Contemporaneous preference or activity rather than stable pre-outcome access.,Contemporaneous preference or activity rather than stable pre-outcome access.,con30f,29,https://microdata.worldbank.org/catalog/7900/variable/F1/V172?name=con30f
173,con30g,Accessed government services or searched for government information online,=1 if respondent accessed government services or searched for government information online =2 if no =8 if don't know =9 if refused Note: Asked only of respondents who used the internet within the past 3 months or who have a smartphone.,"In the past 3 months, have you personally done any of the following activities? Please answer yes or no: Accessed government services or searched for government information online","[{""value"": ""1"", ""label"": ""Yes""}, {""value"": ""2"", ""label"": ""No""}, {""value"": ""8"", ""label"": ""Don't know""}, {""value"": ""9"", ""label"": ""Refused""}, {""value"": ""Sysmiss"", ""label"": """"}]","{""1"": 159, ""2"": 531, ""8"": 6, ""9"": 1, ""<BLANK>"": 354}",8;9,integer,4,697,354,33.6822,MODERATE_25_TO_49,DIGITAL,DIGITAL;CANDIDATE_MODEL_2,QUESTIONNAIRE,EXCLUDE_MODEL_SCOPE,CONDITIONAL,LOW,Plausibly available as a profile characteristic before prediction.,Reserved for the other model's distinct feature blueprint; not required for this model's initial scope.,CANDIDATE_CONDITIONAL,CONDITIONAL,MODERATE,Recent digital activity overlaps the mobile-money adoption period but is not the target.,"Relevant pre-outcome characteristic, but routing, temporal overlap, or structural missingness requires Phase 3 handling.",con30g,29,https://microdata.worldbank.org/catalog/7900/variable/F1/V173?name=con30g
174,con30h,Searched or applied for a job online,=1 if respondent searched or applied for a job online =2 if no =8 if don't know =9 if refused Note: Asked only of respondents who used the internet within the past 3 months or who have a smartphone.,"In the past 3 months, have you personally done any of the following activities? Please answer yes or no: Searched or applied for a job online","[{""value"": ""1"", ""label"": ""Yes""}, {""value"": ""2"", ""label"": ""No""}, {""value"": ""8"", ""label"": ""Don't know""}, {""value"": ""9"", ""label"": ""Refused""}, {""value"": ""Sysmiss"", ""label"": """"}]","{""1"": 233, ""2"": 462, ""8"": 2, ""<BLANK>"": 354}",8;9,integer,3,697,354,33.6822,MODERATE_25_TO_49,DIGITAL,DIGITAL;CANDIDATE_MODEL_2,QUESTIONNAIRE,EXCLUDE_MODEL_SCOPE,CONDITIONAL,LOW,Plausibly available as a profile characteristic before prediction.,Reserved for the other model's distinct feature blueprint; not required for this model's initial scope.,CANDIDATE_CONDITIONAL,CONDITIONAL,MODERATE,Recent digital activity overlaps the mobile-money adoption period but is not the target.,"Relevant pre-outcome characteristic, but routing, temporal overlap, or structural missingness requires Phase 3 handling.",con30h,29,https://microdata.worldbank.org/catalog/7900/variable/F1/V174?name=con30h
175,con31a,Reason for no smartphone: not enough money,=1 if respondent does not have a smartphone because they don't have enough money to buy one =2 if no =8 if don't know =9 if refused Note: Asked only of respondents who have a mobile phone but not a smartphone.,Please tell me whether each of the following are reasons why you do NOT OWN a smartphone: You don't have enough money to buy a smartphone,"[{""value"": ""1"", ""label"": ""Yes""}, {""value"": ""2"", ""label"": ""No""}, {""value"": ""8"", ""label"": ""Don't know""}, {""value"": ""9"", ""label"": ""Refused""}, {""value"": ""Sysmiss"", ""label"": """"}]","{""1"": 260, ""2"": 87, ""8"": 3, ""9"": 1, ""<BLANK>"": 700}",8;9,integer,4,351,700,66.6032,HIGH_50_TO_74,DIGITAL,DIGITAL;HIGH_MISSING;EXCLUDED,QUESTIONNAIRE,EXCLUDE_HIGH_MISSING,CONDITIONAL,LOW,Plausibly available as a profile characteristic before prediction.,66.60% structurally missing; insufficient standalone coverage.,EXCLUDE_HIGH_MISSING,CONDITIONAL,LOW,Plausibly available as a profile characteristic before prediction.,66.60% structurally missing; insufficient standalone coverage.,con31a,30,https://microdata.worldbank.org/catalog/7900/variable/F1/V175?name=con31a
176,con31b,Reason for no smartphone: data plan is too expensive,=1 if respondent does not have a smartphone because buying a mobile data plan is too expensive =2 if no =8 if don't know =9 if refused Note: Asked only of respondents who have a mobile phone but not a smartphone.,Please tell me whether each of the following are reasons why you do NOT OWN a smartphone: Buying a mobile data plan is too expensive,"[{""value"": ""1"", ""label"": ""Yes""}, {""value"": ""2"", ""label"": ""No""}, {""value"": ""8"", ""label"": ""Don't know""}, {""value"": ""9"", ""label"": ""Refused""}, {""value"": ""Sysmiss"", ""label"": """"}]","{""1"": 70, ""2"": 257, ""8"": 21, ""9"": 3, ""<BLANK>"": 700}",8;9,integer,4,351,700,66.6032,HIGH_50_TO_74,DIGITAL,DIGITAL;HIGH_MISSING;EXCLUDED,QUESTIONNAIRE,EXCLUDE_HIGH_MISSING,CONDITIONAL,LOW,Plausibly available as a profile characteristic before prediction.,66.60% structurally missing; insufficient standalone coverage.,EXCLUDE_HIGH_MISSING,CONDITIONAL,LOW,Plausibly available as a profile characteristic before prediction.,66.60% structurally missing; insufficient standalone coverage.,con31b,30,https://microdata.worldbank.org/catalog/7900/variable/F1/V176?name=con31b
177,con31c,Reason for no smartphone: no reliable coverage,=1 if respondent does not have a smartphone because of a lack of reliable internet coverage where they live =2 if no =8 if don't know =9 if refused Note: Asked only of respondents who have a mobile phone but not a smartphone.,Please tell me whether each of the following are reasons why you do NOT OWN a smartphone: There is not reliable Internet coverage where you live,"[{""value"": ""1"", ""label"": ""Yes""}, {""value"": ""2"", ""label"": ""No""}, {""value"": ""8"", ""label"": ""Don't know""}, {""value"": ""9"", ""label"": ""Refused""}, {""value"": ""Sysmiss"", ""label"": """"}]","{""1"": 50, ""2"": 278, ""8"": 21, ""9"": 2, ""<BLANK>"": 700}",8;9,integer,4,351,700,66.6032,HIGH_50_TO_74,DIGITAL,DIGITAL;HIGH_MISSING;EXCLUDED,QUESTIONNAIRE,EXCLUDE_HIGH_MISSING,CONDITIONAL,LOW,Plausibly available as a profile characteristic before prediction.,66.60% structurally missing; insufficient standalone coverage.,EXCLUDE_HIGH_MISSING,CONDITIONAL,LOW,Plausibly available as a profile characteristic before prediction.,66.60% structurally missing; insufficient standalone coverage.,con31c,30,https://microdata.worldbank.org/catalog/7900/variable/F1/V177?name=con31c
178,con31d,Reason for no smartphone: difficulties reading or typing on a smartphone,=1 if respondent does not have a smartphone because of difficulties reading or typing on a smartphone =2 if no =8 if don't know =9 if refused Note: Asked only of respondents who have a mobile phone but not a smartphone.,Please tell me whether each of the following are reasons why you do NOT OWN a smartphone: You have difficulties reading or typing on a smartphone,"[{""value"": ""1"", ""label"": ""Yes""}, {""value"": ""2"", ""label"": ""No""}, {""value"": ""8"", ""label"": ""Don't know""}, {""value"": ""9"", ""label"": ""Refused""}, {""value"": ""Sysmiss"", ""label"": """"}]","{""1"": 92, ""2"": 252, ""8"": 6, ""9"": 1, ""<BLANK>"": 700}",8;9,integer,4,351,700,66.6032,HIGH_50_TO_74,DIGITAL,DIGITAL;HIGH_MISSING;EXCLUDED,QUESTIONNAIRE,EXCLUDE_HIGH_MISSING,CONDITIONAL,LOW,Plausibly available as a profile characteristic before prediction.,66.60% structurally missing; insufficient standalone coverage.,EXCLUDE_HIGH_MISSING,CONDITIONAL,LOW,Plausibly available as a profile characteristic before prediction.,66.60% structurally missing; insufficient standalone coverage.,con31d,30,https://microdata.worldbank.org/catalog/7900/variable/F1/V178?name=con31d
179,con31e,Reason for no smartphone: family or community disapproval,=1 if respondent does not have a smartphone because of family or community disapproval =2 if no =8 if don't know =9 if refused Note: Asked only of respondents who have a mobile phone but not a smartphone.,Please tell me whether each of the following are reasons why you do NOT OWN a smartphone: People in your family or community do not approve of you using a smartphone,"[{""value"": ""1"", ""label"": ""Yes""}, {""value"": ""2"", ""label"": ""No""}, {""value"": ""8"", ""label"": ""Don't know""}, {""value"": ""9"", ""label"": ""Refused""}, {""value"": ""Sysmiss"", ""label"": """"}]","{""1"": 15, ""2"": 324, ""8"": 10, ""9"": 2, ""<BLANK>"": 700}",8;9,integer,4,351,700,66.6032,HIGH_50_TO_74,DIGITAL,DIGITAL;HIGH_MISSING;EXCLUDED,QUESTIONNAIRE,EXCLUDE_HIGH_MISSING,CONDITIONAL,LOW,Plausibly available as a profile characteristic before prediction.,66.60% structurally missing; insufficient standalone coverage.,EXCLUDE_HIGH_MISSING,CONDITIONAL,LOW,Plausibly available as a profile characteristic before prediction.,66.60% structurally missing; insufficient standalone coverage.,con31e,30,https://microdata.worldbank.org/catalog/7900/variable/F1/V179?name=con31e
180,con31f,Reason for no smartphone: worried about safety or security,=1 if respondent does not have a smartphone because they are worried about their personal safety or security when using a smartphone =2 if no =8 if don't know =9 if refused Note: Asked only of respondents who have a mobile phone but not a smartphone.,Please tell me whether each of the following are reasons why you do NOT OWN a smartphone: You are worried about your personal safety or security when using a smartphone,"[{""value"": ""1"", ""label"": ""Yes""}, {""value"": ""2"", ""label"": ""No""}, {""value"": ""8"", ""label"": ""Don't know""}, {""value"": ""9"", ""label"": ""Refused""}, {""value"": ""Sysmiss"", ""label"": """"}]","{""1"": 69, ""2"": 262, ""8"": 18, ""9"": 2, ""<BLANK>"": 700}",8;9,integer,4,351,700,66.6032,HIGH_50_TO_74,DIGITAL,DIGITAL;HIGH_MISSING;EXCLUDED,QUESTIONNAIRE,EXCLUDE_HIGH_MISSING,CONDITIONAL,LOW,Plausibly available as a profile characteristic before prediction.,66.60% structurally missing; insufficient standalone coverage.,EXCLUDE_HIGH_MISSING,CONDITIONAL,LOW,Plausibly available as a profile characteristic before prediction.,66.60% structurally missing; insufficient standalone coverage.,con31f,30;31,https://microdata.worldbank.org/catalog/7900/variable/F1/V180?name=con31f
181,con31g,Reason for no smartphone: use someone else's smartphone,=1 if respondent does not have a smartphone because they use someone else's =2 if no =8 if don't know =9 if refused Note: Asked only of respondents who have a mobile phone but not a smartphone.,Please tell me whether each of the following are reasons why you do NOT OWN a smartphone: You use someone else's smartphone,"[{""value"": ""1"", ""label"": ""Yes""}, {""value"": ""2"", ""label"": ""No""}, {""value"": ""8"", ""label"": ""Don't know""}, {""value"": ""9"", ""label"": ""Refused""}, {""value"": ""Sysmiss"", ""label"": """"}]","{""1"": 57, ""2"": 288, ""8"": 4, ""9"": 2, ""<BLANK>"": 700}",8;9,integer,4,351,700,66.6032,HIGH_50_TO_74,DIGITAL,DIGITAL;HIGH_MISSING;EXCLUDED,QUESTIONNAIRE,EXCLUDE_HIGH_MISSING,CONDITIONAL,LOW,Plausibly available as a profile characteristic before prediction.,66.60% structurally missing; insufficient standalone coverage.,EXCLUDE_HIGH_MISSING,CONDITIONAL,LOW,Plausibly available as a profile characteristic before prediction.,66.60% structurally missing; insufficient standalone coverage.,con31g,31,https://microdata.worldbank.org/catalog/7900/variable/F1/V181?name=con31g
182,con31h,Reason for no smartphone: no need,=1 if respondent does not have a smartphone because they have no need for one =2 if no =8 if don't know =9 if refused Note: Asked only of respondents who have a mobile phone but not a smartphone.,Please tell me whether each of the following are reasons why you do NOT OWN a smartphone: You have no need for a smartphone,"[{""value"": ""1"", ""label"": ""Yes""}, {""value"": ""2"", ""label"": ""No""}, {""value"": ""8"", ""label"": ""Don't know""}, {""value"": ""9"", ""label"": ""Refused""}, {""value"": ""Sysmiss"", ""label"": """"}]","{""1"": 85, ""2"": 255, ""8"": 8, ""9"": 3, ""<BLANK>"": 700}",8;9,integer,4,351,700,66.6032,HIGH_50_TO_74,DIGITAL,DIGITAL;HIGH_MISSING;EXCLUDED,QUESTIONNAIRE,EXCLUDE_HIGH_MISSING,CONDITIONAL,LOW,Plausibly available as a profile characteristic before prediction.,66.60% structurally missing; insufficient standalone coverage.,EXCLUDE_HIGH_MISSING,CONDITIONAL,LOW,Plausibly available as a profile characteristic before prediction.,66.60% structurally missing; insufficient standalone coverage.,con31h,31,https://microdata.worldbank.org/catalog/7900/variable/F1/V182?name=con31h
183,con32,Main reason for not having a smartphone,=1 if main reason for respondent not having a smartphone is that they don't have enough money to buy a smartphone =2 if main reason for respondent not having a smartphone is that buying a mobile data plan is too expensive =3 if main reason for respondent not having a smartphone is that there isn't reliable internet coverage where they live =4 if main reason for respondent not having a smartphone is that they have difficulties reading or typing =5 if main reason for respondent not having a smartphone is family or community disapproval =6 if main reason for respondent not having a smartphone is that they are worried about their personal safety or security when using a smartphone =7 if main reason for respondent not having a smartphone is that they use someone else's smartphone =8 if main reason for respondent not having a smartphone is that they have no need for one =97 if main reason for respondent not having a smartphone is some other reason or none of these reasons =98 if don't know =99 if refused Note: Asked only of respondents who have a mobile phone but not a smartphone. Respondents were only able to select from barriers to smartphone ownership that they listed above.,What is the main reason you do not own a smartphone? You don't have enough money to buy a smartphone Buying a mobile data plan is too expensive There is not reliable Internet coverage where you live You have difficulties reading or typing on a smartphone People in your family or community do not approve of you using a smartphone You are worried about your personal safety or security when using a smartphone You use someone else's smartphone You have no need for a smartphone (Some other reason/None of these reasons) (DK) (Refused),"[{""value"": ""1"", ""label"": ""Don't have enough money to buy a smartphone""}, {""value"": ""2"", ""label"": ""Buying a mobile data plan is too expensive""}, {""value"": ""3"", ""label"": ""There is not reliable Internet coverage where you live""}, {""value"": ""4"", ""label"": ""Difficulties reading or typing on a smartphone""}, {""value"": ""5"", ""label"": ""People in family or community do not approve of using a smartphone""}, {""value"": ""6"", ""label"": ""Worried about personal safety or security when using a smartphone""}, {""value"": ""7"", ""label"": ""Use someone else's smartphone""}, {""value"": ""8"", ""label"": ""Don't need a smartphone""}, {""value"": ""97"", ""label"": ""Some other reason/None of these reasons""}, {""value"": ""98"", ""label"": ""Don't know""}, {""value"": ""99"", ""label"": ""Refused""}, {""value"": ""Sysmiss"", ""label"": """"}]","{""1"": 216, ""2"": 6, ""3"": 3, ""4"": 34, ""5"": 3, ""6"": 7, ""7"": 10, ""8"": 23, ""97"": 5, ""98"": 1, ""99"": 1, ""<BLANK>"": 742}",98;99,integer,11,309,742,70.5994,HIGH_50_TO_74,DIGITAL,DIGITAL;HIGH_MISSING;EXCLUDED,QUESTIONNAIRE,EXCLUDE_HIGH_MISSING,CONDITIONAL,LOW,Plausibly available as a profile characteristic before prediction.,70.60% structurally missing; insufficient standalone coverage.,EXCLUDE_HIGH_MISSING,CONDITIONAL,LOW,Plausibly available as a profile characteristic before prediction.,70.60% structurally missing; insufficient standalone coverage.,con32,31,https://microdata.worldbank.org/catalog/7900/variable/F1/V183?name=con32
184,fin46,ID ownership,"=1 if respondent reports owning a foundational ID (national ID or similar credential) =2 if no =3 if don't know =4 if refused Note: If the minimum age for obtaining an ID in an economy is above 15, observations below the minimum age are excluded.",,"[{""value"": ""1"", ""label"": ""Yes""}, {""value"": ""2"", ""label"": ""No""}, {""value"": ""3"", ""label"": ""Don't know""}, {""value"": ""4"", ""label"": ""Refused""}]","{""1"": 922, ""2"": 126, ""3"": 1, ""4"": 2}",3;4,integer,4,1051,0,0.0,NONE,IDENTITY,IDENTITY;CANDIDATE_MODEL_1;CANDIDATE_MODEL_2,QUESTIONNAIRE,CANDIDATE_CORE,YES,LOW,Plausibly available as a profile characteristic before prediction.,Interpretable pre-outcome profile characteristic with usable coverage.,CANDIDATE_CORE,YES,LOW,Plausibly available as a profile characteristic before prediction.,Interpretable pre-outcome profile characteristic with usable coverage.,fin46,32,https://microdata.worldbank.org/catalog/7900/variable/F1/V184?name=fin46
185,fin47,Foundational ID has been used without permission for illegal purposes,"=1 if respondent reports that their foundational ID has been used without their permission for illegal purposes =2 if no =3 if don't know =4 if refused Note: If the minimum age for obtaining an ID in an economy is above 15, observations below the minimum age are excluded. Asked only of adults with foundational ID.",,"[{""value"": ""1"", ""label"": ""Yes""}, {""value"": ""2"", ""label"": ""No""}, {""value"": ""3"", ""label"": ""Don't know""}, {""value"": ""4"", ""label"": ""Refused""}, {""value"": ""Sysmiss"", ""label"": """"}]","{""1"": 60, ""2"": 836, ""3"": 26, ""<BLANK>"": 129}",3;4,integer,3,922,129,12.274,LOW_UNDER_25,IDENTITY,IDENTITY;EXCLUDED,QUESTIONNAIRE,EXCLUDE_POST_OUTCOME,NO,MODERATE,Post-access digital experience that may occur after adoption.,Post-access digital experience that may occur after adoption.,EXCLUDE_POST_OUTCOME,NO,MODERATE,Post-access digital experience that may occur after adoption.,Post-access digital experience that may occur after adoption.,fin47,32,https://microdata.worldbank.org/catalog/7900/variable/F1/V185?name=fin47
186,fin48a,Reason no ID: Have another ID,"=1 if respondent does not have an ID because they have another form of identification issued by the government =2 if no =3 if don't know =4 if refused Note: If the minimum age for obtaining an ID in an economy is above 15, observations below the minimum age are excluded. Asked only of adults without foundational ID.",,"[{""value"": ""1"", ""label"": ""Yes""}, {""value"": ""2"", ""label"": ""No""}, {""value"": ""3"", ""label"": ""Don't know""}, {""value"": ""4"", ""label"": ""Refused""}, {""value"": ""Sysmiss"", ""label"": """"}]","{""1"": 26, ""2"": 101, ""3"": 1, ""4"": 1, ""<BLANK>"": 922}",3;4,integer,4,129,922,87.726,HIGH_75_PLUS,IDENTITY,IDENTITY;HIGH_MISSING;EXCLUDED,QUESTIONNAIRE,EXCLUDE_HIGH_MISSING,CONDITIONAL,LOW,Plausibly available as a profile characteristic before prediction.,87.73% structurally missing; insufficient standalone coverage.,EXCLUDE_HIGH_MISSING,CONDITIONAL,LOW,Plausibly available as a profile characteristic before prediction.,87.73% structurally missing; insufficient standalone coverage.,fin48a,32,https://microdata.worldbank.org/catalog/7900/variable/F1/V186?name=fin48a
187,fin48b,Reason no ID: Do not need an ID,"=1 if respondent does not have an ID because they do not need one =2 if no =3 if don't know =4 if refused Note: If the minimum age for obtaining an ID in an economy is above 15, observations below the minimum age are excluded. Asked only of adults without foundational ID.",,"[{""value"": ""1"", ""label"": ""Yes""}, {""value"": ""2"", ""label"": ""No""}, {""value"": ""3"", ""label"": ""Don't know""}, {""value"": ""4"", ""label"": ""Refused""}, {""value"": ""Sysmiss"", ""label"": """"}]","{""1"": 16, ""2"": 108, ""3"": 3, ""4"": 2, ""<BLANK>"": 922}",3;4,integer,4,129,922,87.726,HIGH_75_PLUS,IDENTITY,IDENTITY;HIGH_MISSING;EXCLUDED,QUESTIONNAIRE,EXCLUDE_HIGH_MISSING,CONDITIONAL,LOW,Plausibly available as a profile characteristic before prediction.,87.73% structurally missing; insufficient standalone coverage.,EXCLUDE_HIGH_MISSING,CONDITIONAL,LOW,Plausibly available as a profile characteristic before prediction.,87.73% structurally missing; insufficient standalone coverage.,fin48b,32,https://microdata.worldbank.org/catalog/7900/variable/F1/V187?name=fin48b
188,fin48c,Reason no ID: Too expensive,"=1 if respondent does not have an ID because getting an ID is too expensive =2 if no =3 if don't know =4 if refused Note: If the minimum age for obtaining an ID in an economy is above 15, observations below the minimum age are excluded. Asked only of adults without foundational ID.",,"[{""value"": ""1"", ""label"": ""Yes""}, {""value"": ""2"", ""label"": ""No""}, {""value"": ""3"", ""label"": ""Don't know""}, {""value"": ""4"", ""label"": ""Refused""}, {""value"": ""Sysmiss"", ""label"": """"}]","{""1"": 47, ""2"": 74, ""3"": 5, ""4"": 3, ""<BLANK>"": 922}",3;4,integer,4,129,922,87.726,HIGH_75_PLUS,IDENTITY,IDENTITY;HIGH_MISSING;EXCLUDED,QUESTIONNAIRE,EXCLUDE_HIGH_MISSING,CONDITIONAL,LOW,Plausibly available as a profile characteristic before prediction.,87.73% structurally missing; insufficient standalone coverage.,EXCLUDE_HIGH_MISSING,CONDITIONAL,LOW,Plausibly available as a profile characteristic before prediction.,87.73% structurally missing; insufficient standalone coverage.,fin48c,32,https://microdata.worldbank.org/catalog/7900/variable/F1/V188?name=fin48c
189,fin48d,Reason no ID: No documents,"=1 if respondent does not have an ID because they lack the necessary documents =2 if no =3 if don't know =4 if refused Note: If the minimum age for obtaining an ID in an economy is above 15, observations below the minimum age are excluded. Asked only of adults without foundational ID.",,"[{""value"": ""1"", ""label"": ""Yes""}, {""value"": ""2"", ""label"": ""No""}, {""value"": ""3"", ""label"": ""Don't know""}, {""value"": ""4"", ""label"": ""Refused""}, {""value"": ""Sysmiss"", ""label"": """"}]","{""1"": 39, ""2"": 84, ""3"": 4, ""4"": 2, ""<BLANK>"": 922}",3;4,integer,4,129,922,87.726,HIGH_75_PLUS,IDENTITY,IDENTITY;HIGH_MISSING;EXCLUDED,QUESTIONNAIRE,EXCLUDE_HIGH_MISSING,CONDITIONAL,LOW,Plausibly available as a profile characteristic before prediction.,87.73% structurally missing; insufficient standalone coverage.,EXCLUDE_HIGH_MISSING,CONDITIONAL,LOW,Plausibly available as a profile characteristic before prediction.,87.73% structurally missing; insufficient standalone coverage.,fin48d,32;33,https://microdata.worldbank.org/catalog/7900/variable/F1/V189?name=fin48d
190,fin48e,Reason no ID: Travel too far,"=1 if respondent does not have an ID because they would need to travel too far to register =3 if don't know =4 if refused Note: If the minimum age for obtaining an ID in an economy is above 15, observations below the minimum age are excluded. Asked only of adults without foundational ID.",,"[{""value"": ""1"", ""label"": ""Yes""}, {""value"": ""2"", ""label"": ""No""}, {""value"": ""3"", ""label"": ""Don't know""}, {""value"": ""4"", ""label"": ""Refused""}, {""value"": ""Sysmiss"", ""label"": """"}]","{""1"": 44, ""2"": 81, ""3"": 3, ""4"": 1, ""<BLANK>"": 922}",3;4,integer,4,129,922,87.726,HIGH_75_PLUS,IDENTITY,IDENTITY;HIGH_MISSING;EXCLUDED,QUESTIONNAIRE,EXCLUDE_HIGH_MISSING,CONDITIONAL,LOW,Plausibly available as a profile characteristic before prediction.,87.73% structurally missing; insufficient standalone coverage.,EXCLUDE_HIGH_MISSING,CONDITIONAL,LOW,Plausibly available as a profile characteristic before prediction.,87.73% structurally missing; insufficient standalone coverage.,fin48e,33,https://microdata.worldbank.org/catalog/7900/variable/F1/V190?name=fin48e
191,fin48f,Reason no ID: Uncomfortable sharing information,"=1 if respondent does not have an ID because they feel uncomfortable sharing their personal information =2 if no =3 if don't know =4 if refused Note: If the minimum age for obtaining an ID in an economy is above 15, observations below the minimum age are excluded. Asked only of adults without foundational ID.",,"[{""value"": ""1"", ""label"": ""Yes""}, {""value"": ""2"", ""label"": ""No""}, {""value"": ""3"", ""label"": ""Don't know""}, {""value"": ""4"", ""label"": ""Refused""}, {""value"": ""Sysmiss"", ""label"": """"}]","{""1"": 23, ""2"": 100, ""3"": 4, ""4"": 2, ""<BLANK>"": 922}",3;4,integer,4,129,922,87.726,HIGH_75_PLUS,IDENTITY,IDENTITY;HIGH_MISSING;EXCLUDED,QUESTIONNAIRE,EXCLUDE_HIGH_MISSING,CONDITIONAL,LOW,Plausibly available as a profile characteristic before prediction.,87.73% structurally missing; insufficient standalone coverage.,EXCLUDE_HIGH_MISSING,CONDITIONAL,LOW,Plausibly available as a profile characteristic before prediction.,87.73% structurally missing; insufficient standalone coverage.,fin48f,33,https://microdata.worldbank.org/catalog/7900/variable/F1/V191?name=fin48f
192,fin49a,Challenge: Receiving financial support from the government,"=1 if respondent reports being unable to receive financial support from the government because they lack an ID =2 if no =3 if don't know =4 if refused Note: If the minimum age for obtaining an ID in an economy is above 15, observations below the minimum age are excluded. Asked only of adults without foundational ID.",,"[{""value"": ""1"", ""label"": ""Yes""}, {""value"": ""2"", ""label"": ""No""}, {""value"": ""3"", ""label"": ""Don't know""}, {""value"": ""4"", ""label"": ""Refused""}, {""value"": ""Sysmiss"", ""label"": """"}]","{""1"": 45, ""2"": 79, ""3"": 4, ""4"": 1, ""<BLANK>"": 922}",3;4,integer,4,129,922,87.726,HIGH_75_PLUS,IDENTITY,IDENTITY;HIGH_MISSING;EXCLUDED,QUESTIONNAIRE,EXCLUDE_HIGH_MISSING,CONDITIONAL,LOW,Plausibly available as a profile characteristic before prediction.,87.73% structurally missing; insufficient standalone coverage.,EXCLUDE_HIGH_MISSING,CONDITIONAL,LOW,Plausibly available as a profile characteristic before prediction.,87.73% structurally missing; insufficient standalone coverage.,fin49a,33,https://microdata.worldbank.org/catalog/7900/variable/F1/V192?name=fin49a
193,fin49b,Challenge: Using financial services,"=1 if respondent reports being unable to use financial services because they lack an ID =2 if no =3 if don't know =4 if refused Note: If the minimum age for obtaining an ID in an economy is above 15, observations below the minimum age are excluded. Asked only of adults without foundational ID.",,"[{""value"": ""1"", ""label"": ""Yes""}, {""value"": ""2"", ""label"": ""No""}, {""value"": ""3"", ""label"": ""Don't know""}, {""value"": ""4"", ""label"": ""Refused""}, {""value"": ""Sysmiss"", ""label"": """"}]","{""1"": 59, ""2"": 63, ""3"": 6, ""4"": 1, ""<BLANK>"": 922}",3;4,integer,4,129,922,87.726,HIGH_75_PLUS,IDENTITY,IDENTITY;HIGH_MISSING;EXCLUDED,QUESTIONNAIRE,EXCLUDE_HIGH_MISSING,CONDITIONAL,LOW,Plausibly available as a profile characteristic before prediction.,87.73% structurally missing; insufficient standalone coverage.,EXCLUDE_HIGH_MISSING,CONDITIONAL,LOW,Plausibly available as a profile characteristic before prediction.,87.73% structurally missing; insufficient standalone coverage.,fin49b,33,https://microdata.worldbank.org/catalog/7900/variable/F1/V193?name=fin49b
194,fin49c,Challenge: Obtaining a SIM card,"=1 if respondent reports being unable to obtain a SIM card or mobile phone service because they lack an ID =2 if no =3 if don't know =4 if refused Note: If the minimum age for obtaining an ID in an economy is above 15, observations below the minimum age are excluded. Asked only of adults without foundational ID.",,"[{""value"": ""1"", ""label"": ""Yes""}, {""value"": ""2"", ""label"": ""No""}, {""value"": ""3"", ""label"": ""Don't know""}, {""value"": ""4"", ""label"": ""Refused""}, {""value"": ""Sysmiss"", ""label"": """"}]","{""1"": 78, ""2"": 45, ""3"": 4, ""4"": 2, ""<BLANK>"": 922}",3;4,integer,4,129,922,87.726,HIGH_75_PLUS,IDENTITY,IDENTITY;HIGH_MISSING;EXCLUDED,QUESTIONNAIRE,EXCLUDE_HIGH_MISSING,CONDITIONAL,LOW,Plausibly available as a profile characteristic before prediction.,87.73% structurally missing; insufficient standalone coverage.,EXCLUDE_HIGH_MISSING,CONDITIONAL,LOW,Plausibly available as a profile characteristic before prediction.,87.73% structurally missing; insufficient standalone coverage.,fin49c,33;34,https://microdata.worldbank.org/catalog/7900/variable/F1/V194?name=fin49c
195,fin49d,Challenge: Participating in elections,"=1 if respondent reports being unable to participate in elections because they lack an ID =2 if no =3 if don't know =4 if refused Note: If the minimum age for obtaining an ID in an economy is above 15, observations below the minimum age are excluded. Asked only of adults without foundational ID.",,"[{""value"": ""1"", ""label"": ""Yes""}, {""value"": ""2"", ""label"": ""No""}, {""value"": ""3"", ""label"": ""Don't know""}, {""value"": ""4"", ""label"": ""Refused""}, {""value"": ""Sysmiss"", ""label"": """"}]","{""1"": 57, ""2"": 67, ""3"": 3, ""4"": 2, ""<BLANK>"": 922}",3;4,integer,4,129,922,87.726,HIGH_75_PLUS,IDENTITY,IDENTITY;HIGH_MISSING;EXCLUDED,QUESTIONNAIRE,EXCLUDE_HIGH_MISSING,CONDITIONAL,LOW,Plausibly available as a profile characteristic before prediction.,87.73% structurally missing; insufficient standalone coverage.,EXCLUDE_HIGH_MISSING,CONDITIONAL,LOW,Plausibly available as a profile characteristic before prediction.,87.73% structurally missing; insufficient standalone coverage.,fin49d,34,https://microdata.worldbank.org/catalog/7900/variable/F1/V195?name=fin49d
196,fin49e,Challenge: Applying for a job,"=1 if respondent reports being unable to apply for a job because they lack an ID =2 if no =3 if don't know =4 if refused Note: If the minimum age for obtaining an ID in an economy is above 15, observations below the minimum age are excluded. Asked only of adults without foundational ID.",,"[{""value"": ""1"", ""label"": ""Yes""}, {""value"": ""2"", ""label"": ""No""}, {""value"": ""3"", ""label"": ""Don't know""}, {""value"": ""4"", ""label"": ""Refused""}, {""value"": ""Sysmiss"", ""label"": """"}]","{""1"": 52, ""2"": 72, ""3"": 3, ""4"": 2, ""<BLANK>"": 922}",3;4,integer,4,129,922,87.726,HIGH_75_PLUS,IDENTITY,IDENTITY;HIGH_MISSING;EXCLUDED,QUESTIONNAIRE,EXCLUDE_HIGH_MISSING,CONDITIONAL,LOW,Plausibly available as a profile characteristic before prediction.,87.73% structurally missing; insufficient standalone coverage.,EXCLUDE_HIGH_MISSING,CONDITIONAL,LOW,Plausibly available as a profile characteristic before prediction.,87.73% structurally missing; insufficient standalone coverage.,fin49e,34,https://microdata.worldbank.org/catalog/7900/variable/F1/V196?name=fin49e
197,fin49f,Challenge: Receiving medical care,"=1 if respondent reports being unable to receive medical care because they lack an ID =2 if no =3 if don't know =4 if refused Note: If the minimum age for obtaining an ID in an economy is above 15, observations below the minimum age are excluded. Asked only of adults without foundational ID.",,"[{""value"": ""1"", ""label"": ""Yes""}, {""value"": ""2"", ""label"": ""No""}, {""value"": ""3"", ""label"": ""Don't know""}, {""value"": ""4"", ""label"": ""Refused""}, {""value"": ""Sysmiss"", ""label"": """"}]","{""1"": 35, ""2"": 90, ""3"": 3, ""4"": 1, ""<BLANK>"": 922}",3;4,integer,4,129,922,87.726,HIGH_75_PLUS,IDENTITY,IDENTITY;HIGH_MISSING;EXCLUDED,QUESTIONNAIRE,EXCLUDE_HIGH_MISSING,CONDITIONAL,LOW,Plausibly available as a profile characteristic before prediction.,87.73% structurally missing; insufficient standalone coverage.,EXCLUDE_HIGH_MISSING,CONDITIONAL,LOW,Plausibly available as a profile characteristic before prediction.,87.73% structurally missing; insufficient standalone coverage.,fin49f,34,https://microdata.worldbank.org/catalog/7900/variable/F1/V197?name=fin49f
198,fin50,Online digital ID ownership,"=1 if respondent reports owning an online digital ID =2 if no =3 if don't know =4 if refused Note: If the minimum age for obtaining an ID in an economy is above 15, observations below the minimum age are excluded.",,"[{""value"": ""1"", ""label"": ""Yes""}, {""value"": ""2"", ""label"": ""No""}, {""value"": ""3"", ""label"": ""Don't know""}, {""value"": ""4"", ""label"": ""Refused""}, {""value"": ""Sysmiss"", ""label"": """"}]","{""<BLANK>"": 1051}",3;4,empty,0,0,1051,100.0,ALL_MISSING,IDENTITY,IDENTITY;HIGH_MISSING;ALL_MISSING;LOW_VARIANCE;EXCLUDED,QUESTIONNAIRE,EXCLUDE_ALL_MISSING,NO,LOW,Plausibly available as a profile characteristic before prediction.,No observed values in Eswatini; conceptual leakage risk is LOW.,EXCLUDE_ALL_MISSING,NO,LOW,Plausibly available as a profile characteristic before prediction.,No observed values in Eswatini; conceptual leakage risk is LOW.,fin50,34,https://microdata.worldbank.org/catalog/7900/variable/F1/V198?name=fin50
199,fin51,Online digital ID has been used on phone or computer to confirm identity online,"=1 if respondent reports using their online digital ID to confirm their identity online =2 if no =3 if don't know =4 if refused Note: If the minimum age for obtaining an ID in an economy is above 15, observations below the minimum age are excluded. Asked only of adults with an online digital ID.",,"[{""value"": ""1"", ""label"": ""Yes""}, {""value"": ""2"", ""label"": ""No""}, {""value"": ""3"", ""label"": ""Don't know""}, {""value"": ""4"", ""label"": ""Refused""}, {""value"": ""Sysmiss"", ""label"": """"}]","{""<BLANK>"": 1051}",3;4,empty,0,0,1051,100.0,ALL_MISSING,IDENTITY,IDENTITY;HIGH_MISSING;ALL_MISSING;LOW_VARIANCE;EXCLUDED,QUESTIONNAIRE,EXCLUDE_ALL_MISSING,NO,LOW,Plausibly available as a profile characteristic before prediction.,No observed values in Eswatini; conceptual leakage risk is LOW.,EXCLUDE_ALL_MISSING,NO,LOW,Plausibly available as a profile characteristic before prediction.,No observed values in Eswatini; conceptual leakage risk is LOW.,fin51,34,https://microdata.worldbank.org/catalog/7900/variable/F1/V199?name=fin51
