position,variable,label,primary_category,tags,missing_pct,missingness_band,model1_status,model1_available_pre_outcome,model1_leakage_risk,model1_leakage_basis,model1_reason,model2_status,model2_available_pre_outcome,model2_leakage_risk,model2_leakage_basis,model2_reason,source_url
1,year,Survey year,METADATA,METADATA;LOW_VARIANCE;EXCLUDED,0.0,NONE,EXCLUDE_METADATA,NO,NONE,Not a substantive predictor.,"Survey/economy metadata or weight, not an individual predictor.",EXCLUDE_METADATA,NO,NONE,Not a substantive predictor.,"Survey/economy metadata or weight, not an individual predictor.",https://microdata.worldbank.org/catalog/7900/variable/F1/V1?name=year
2,economy,Economy,METADATA,METADATA;LOW_VARIANCE;EXCLUDED,0.0,NONE,EXCLUDE_METADATA,NO,NONE,Not a substantive predictor.,"Survey/economy metadata or weight, not an individual predictor.",EXCLUDE_METADATA,NO,NONE,Not a substantive predictor.,"Survey/economy metadata or weight, not an individual predictor.",https://microdata.worldbank.org/catalog/7900/variable/F1/V2?name=economy
3,economycode,Economy code,METADATA,METADATA;LOW_VARIANCE;EXCLUDED,0.0,NONE,EXCLUDE_METADATA,NO,NONE,Not a substantive predictor.,"Survey/economy metadata or weight, not an individual predictor.",EXCLUDE_METADATA,NO,NONE,Not a substantive predictor.,"Survey/economy metadata or weight, not an individual predictor.",https://microdata.worldbank.org/catalog/7900/variable/F1/V3?name=economycode
4,regionwb,Regional code,METADATA,METADATA;LOW_VARIANCE;EXCLUDED,0.0,NONE,EXCLUDE_METADATA,NO,NONE,Not a substantive predictor.,"Survey/economy metadata or weight, not an individual predictor.",EXCLUDE_METADATA,NO,NONE,Not a substantive predictor.,"Survey/economy metadata or weight, not an individual predictor.",https://microdata.worldbank.org/catalog/7900/variable/F1/V4?name=regionwb
5,pop_adult,"Population 15+, 2023, WDI",METADATA,METADATA;LOW_VARIANCE;EXCLUDED,0.0,NONE,EXCLUDE_METADATA,NO,NONE,Not a substantive predictor.,"Survey/economy metadata or weight, not an individual predictor.",EXCLUDE_METADATA,NO,NONE,Not a substantive predictor.,"Survey/economy metadata or weight, not an individual predictor.",https://microdata.worldbank.org/catalog/7900/variable/F1/V5?name=pop_adult
6,wpid_random,Gallup World Poll identifier,IDENTIFIER,IDENTIFIER;EXCLUDED,0.0,NONE,EXCLUDE_IDENTIFIER,NO,NONE,Not a substantive predictor.,Unique respondent identifier with no legitimate predictive meaning.,EXCLUDE_IDENTIFIER,NO,NONE,Not a substantive predictor.,Unique respondent identifier with no legitimate predictive meaning.,https://microdata.worldbank.org/catalog/7900/variable/F1/V6?name=wpid_random
7,wgt,Weight,METADATA,METADATA;EXCLUDED,0.0,NONE,EXCLUDE_METADATA,NO,NONE,Not a substantive predictor.,"Survey/economy metadata or weight, not an individual predictor.",EXCLUDE_METADATA,NO,NONE,Not a substantive predictor.,"Survey/economy metadata or weight, not an individual predictor.",https://microdata.worldbank.org/catalog/7900/variable/F1/V7?name=wgt
8,female,Respondent is female,DEMOGRAPHIC,DEMOGRAPHIC;CANDIDATE_MODEL_1;CANDIDATE_MODEL_2,0.0,NONE,CANDIDATE_CORE,YES,LOW,Plausibly available as a profile characteristic before prediction.,Interpretable pre-outcome profile characteristic with usable coverage.,CANDIDATE_CORE,YES,LOW,Plausibly available as a profile characteristic before prediction.,Interpretable pre-outcome profile characteristic with usable coverage.,https://microdata.worldbank.org/catalog/7900/variable/F1/V8?name=female
9,age,Respondent age,DEMOGRAPHIC,DEMOGRAPHIC;CANDIDATE_MODEL_1;CANDIDATE_MODEL_2,0.0,NONE,CANDIDATE_CORE,YES,LOW,Plausibly available as a profile characteristic before prediction.,Interpretable pre-outcome profile characteristic with usable coverage.,CANDIDATE_CORE,YES,LOW,Plausibly available as a profile characteristic before prediction.,Interpretable pre-outcome profile characteristic with usable coverage.,https://microdata.worldbank.org/catalog/7900/variable/F1/V9?name=age
10,educ,Respondent education level,SOCIOECONOMIC,SOCIOECONOMIC;CANDIDATE_MODEL_1;CANDIDATE_MODEL_2,0.9515,LOW_UNDER_25,CANDIDATE_CORE,YES,LOW,Plausibly available as a profile characteristic before prediction.,Interpretable pre-outcome profile characteristic with usable coverage.,CANDIDATE_CORE,YES,LOW,Plausibly available as a profile characteristic before prediction.,Interpretable pre-outcome profile characteristic with usable coverage.,https://microdata.worldbank.org/catalog/7900/variable/F1/V10?name=educ
11,inc_q,Within-economy household income quintile,SOCIOECONOMIC,SOCIOECONOMIC;CANDIDATE_MODEL_1;CANDIDATE_MODEL_2,0.0,NONE,CANDIDATE_CORE,YES,LOW,Plausibly available as a profile characteristic before prediction.,Interpretable pre-outcome profile characteristic with usable coverage.,CANDIDATE_CORE,YES,LOW,Plausibly available as a profile characteristic before prediction.,Interpretable pre-outcome profile characteristic with usable coverage.,https://microdata.worldbank.org/catalog/7900/variable/F1/V11?name=inc_q
12,emp_in,Respondent is in workforce,SOCIOECONOMIC,SOCIOECONOMIC;CANDIDATE_MODEL_1;CANDIDATE_MODEL_2,0.0,NONE,CANDIDATE_CORE,YES,LOW,Plausibly available as a profile characteristic before prediction.,Interpretable pre-outcome profile characteristic with usable coverage.,CANDIDATE_CORE,YES,LOW,Plausibly available as a profile characteristic before prediction.,Interpretable pre-outcome profile characteristic with usable coverage.,https://microdata.worldbank.org/catalog/7900/variable/F1/V12?name=emp_in
13,urbanicity,Respondent lives in rural area,DEMOGRAPHIC,DEMOGRAPHIC;LOW_VARIANCE;EXCLUDED,0.0,NONE,EXCLUDE_NO_VARIANCE,NO,LOW,Plausibly available as a profile characteristic before prediction.,Constant in the Eswatini extract and cannot support prediction.,EXCLUDE_NO_VARIANCE,NO,LOW,Plausibly available as a profile characteristic before prediction.,Constant in the Eswatini extract and cannot support prediction.,https://microdata.worldbank.org/catalog/7900/variable/F1/V13?name=urbanicity
14,account_fin,Has an account at a financial institution,TARGET,TARGET;CONSTRUCTED;POSSIBLE_LEAKAGE,0.0,NONE,TARGET,NOT_APPLICABLE,TARGET,This is the prediction target.,Prediction target; never included in its own feature matrix.,EXCLUDE_PARALLEL_OUTCOME,NO,HIGH,Parallel financial-access outcome; conceptually intertwined with the target.,Parallel financial-access outcome; conceptually intertwined with the target.,https://microdata.worldbank.org/catalog/7900/variable/F1/V14?name=account_fin
15,account_mob,Has a mobile money account,TARGET,TARGET;CONSTRUCTED;POSSIBLE_LEAKAGE,0.0,NONE,EXCLUDE_PARALLEL_OUTCOME,NO,HIGH,Parallel financial-access outcome; conceptually intertwined with the target.,Parallel financial-access outcome; conceptually intertwined with the target.,TARGET,NOT_APPLICABLE,TARGET,This is the prediction target.,Prediction target; never included in its own feature matrix.,https://microdata.worldbank.org/catalog/7900/variable/F1/V15?name=account_mob
16,account,Has an account,FINANCIAL,FINANCIAL;CONSTRUCTED;POSSIBLE_LEAKAGE;EXCLUDED,0.0,NONE,EXCLUDE_DIRECT_LEAKAGE,NO,DIRECT,"Target component, target-screened item, or close reconstruction of the outcome.","Target component, target-screened item, or close reconstruction of the outcome.",EXCLUDE_DIRECT_LEAKAGE,NO,DIRECT,"Target component, target-screened item, or close reconstruction of the outcome.","Target component, target-screened item, or close reconstruction of the outcome.",https://microdata.worldbank.org/catalog/7900/variable/F1/V16?name=account
17,dig_account,Has a digitally enabled account,FINANCIAL,FINANCIAL;CONSTRUCTED;POSSIBLE_LEAKAGE;EXCLUDED,0.0,NONE,EXCLUDE_DIRECT_LEAKAGE,NO,DIRECT,"Target component, target-screened item, or close reconstruction of the outcome.","Target component, target-screened item, or close reconstruction of the outcome.",EXCLUDE_DIRECT_LEAKAGE,NO,DIRECT,"Target component, target-screened item, or close reconstruction of the outcome.","Target component, target-screened item, or close reconstruction of the outcome.",https://microdata.worldbank.org/catalog/7900/variable/F1/V17?name=dig_account
18,borrowed,Borrowed,FINANCIAL,FINANCIAL;CONSTRUCTED;POSSIBLE_LEAKAGE;EXCLUDED,0.0,NONE,EXCLUDE_POST_OUTCOME,NO,HIGH,Financial behaviour or transaction measured during/after the outcome period.,Financial behaviour or transaction measured during/after the outcome period.,EXCLUDE_POST_OUTCOME,NO,HIGH,Financial behaviour or transaction measured during/after the outcome period.,Financial behaviour or transaction measured during/after the outcome period.,https://microdata.worldbank.org/catalog/7900/variable/F1/V18?name=borrowed
19,saved,Saved,FINANCIAL,FINANCIAL;CONSTRUCTED;POSSIBLE_LEAKAGE;EXCLUDED,0.0,NONE,EXCLUDE_POST_OUTCOME,NO,HIGH,Financial behaviour or transaction measured during/after the outcome period.,Financial behaviour or transaction measured during/after the outcome period.,EXCLUDE_POST_OUTCOME,NO,HIGH,Financial behaviour or transaction measured during/after the outcome period.,Financial behaviour or transaction measured during/after the outcome period.,https://microdata.worldbank.org/catalog/7900/variable/F1/V19?name=saved
20,receive_wages,Received a wage payment,FINANCIAL,FINANCIAL;CONSTRUCTED;POSSIBLE_LEAKAGE;EXCLUDED,0.0,NONE,EXCLUDE_DIRECT_LEAKAGE,NO,DIRECT,"Target component, target-screened item, or close reconstruction of the outcome.","Target component, target-screened item, or close reconstruction of the outcome.",EXCLUDE_DIRECT_LEAKAGE,NO,DIRECT,"Target component, target-screened item, or close reconstruction of the outcome.","Target component, target-screened item, or close reconstruction of the outcome.",https://microdata.worldbank.org/catalog/7900/variable/F1/V20?name=receive_wages
21,receive_transfers,Received a government transfer payment,FINANCIAL,FINANCIAL;CONSTRUCTED;POSSIBLE_LEAKAGE;EXCLUDED,0.0,NONE,EXCLUDE_DIRECT_LEAKAGE,NO,DIRECT,"Target component, target-screened item, or close reconstruction of the outcome.","Target component, target-screened item, or close reconstruction of the outcome.",EXCLUDE_DIRECT_LEAKAGE,NO,DIRECT,"Target component, target-screened item, or close reconstruction of the outcome.","Target component, target-screened item, or close reconstruction of the outcome.",https://microdata.worldbank.org/catalog/7900/variable/F1/V21?name=receive_transfers
22,receive_pensions,Received a government pension payment,FINANCIAL,FINANCIAL;CONSTRUCTED;POSSIBLE_LEAKAGE;EXCLUDED,0.0,NONE,EXCLUDE_DIRECT_LEAKAGE,NO,DIRECT,"Target component, target-screened item, or close reconstruction of the outcome.","Target component, target-screened item, or close reconstruction of the outcome.",EXCLUDE_DIRECT_LEAKAGE,NO,DIRECT,"Target component, target-screened item, or close reconstruction of the outcome.","Target component, target-screened item, or close reconstruction of the outcome.",https://microdata.worldbank.org/catalog/7900/variable/F1/V22?name=receive_pensions
23,receive_agriculture,Received a payment for the sale of agricultural goods,FINANCIAL,FINANCIAL;CONSTRUCTED;POSSIBLE_LEAKAGE;EXCLUDED,0.0,NONE,EXCLUDE_DIRECT_LEAKAGE,NO,DIRECT,"Target component, target-screened item, or close reconstruction of the outcome.","Target component, target-screened item, or close reconstruction of the outcome.",EXCLUDE_DIRECT_LEAKAGE,NO,DIRECT,"Target component, target-screened item, or close reconstruction of the outcome.","Target component, target-screened item, or close reconstruction of the outcome.",https://microdata.worldbank.org/catalog/7900/variable/F1/V23?name=receive_agriculture
24,merchantpay_dig,Made a digital merchant payment,FINANCIAL,FINANCIAL;CONSTRUCTED;POSSIBLE_LEAKAGE;EXCLUDED,0.0,NONE,EXCLUDE_POST_OUTCOME,NO,HIGH,Financial behaviour or transaction measured during/after the outcome period.,Financial behaviour or transaction measured during/after the outcome period.,EXCLUDE_DIRECT_LEAKAGE,NO,DIRECT,"Target component, target-screened item, or close reconstruction of the outcome.","Target component, target-screened item, or close reconstruction of the outcome.",https://microdata.worldbank.org/catalog/7900/variable/F1/V24?name=merchantpay_dig
25,pay_utilities,Paid a utility bill,FINANCIAL,FINANCIAL;CONSTRUCTED;POSSIBLE_LEAKAGE;EXCLUDED,0.0,NONE,EXCLUDE_DIRECT_LEAKAGE,NO,DIRECT,"Target component, target-screened item, or close reconstruction of the outcome.","Target component, target-screened item, or close reconstruction of the outcome.",EXCLUDE_DIRECT_LEAKAGE,NO,DIRECT,"Target component, target-screened item, or close reconstruction of the outcome.","Target component, target-screened item, or close reconstruction of the outcome.",https://microdata.worldbank.org/catalog/7900/variable/F1/V25?name=pay_utilities
26,domestic_remittances,Made or received a domestic remittance payment,FINANCIAL,FINANCIAL;CONSTRUCTED;POSSIBLE_LEAKAGE;EXCLUDED,0.5709,LOW_UNDER_25,EXCLUDE_POST_OUTCOME,NO,HIGH,Financial behaviour or transaction measured during/after the outcome period.,Financial behaviour or transaction measured during/after the outcome period.,EXCLUDE_DIRECT_LEAKAGE,NO,DIRECT,"Target component, target-screened item, or close reconstruction of the outcome.","Target component, target-screened item, or close reconstruction of the outcome.",https://microdata.worldbank.org/catalog/7900/variable/F1/V26?name=domestic_remittances
27,anydigpayment,Made or received a digital payment,FINANCIAL,FINANCIAL;CONSTRUCTED;POSSIBLE_LEAKAGE;EXCLUDED,0.0,NONE,EXCLUDE_POST_OUTCOME,NO,HIGH,Financial behaviour or transaction measured during/after the outcome period.,Financial behaviour or transaction measured during/after the outcome period.,EXCLUDE_DIRECT_LEAKAGE,NO,DIRECT,"Target component, target-screened item, or close reconstruction of the outcome.","Target component, target-screened item, or close reconstruction of the outcome.",https://microdata.worldbank.org/catalog/7900/variable/F1/V27?name=anydigpayment
28,fin2,Has a debit card,FINANCIAL,FINANCIAL;POSSIBLE_LEAKAGE;EXCLUDED,0.0,NONE,EXCLUDE_DIRECT_LEAKAGE,NO,DIRECT,"Target component, target-screened item, or close reconstruction of the outcome.","Target component, target-screened item, or close reconstruction of the outcome.",EXCLUDE_POST_OUTCOME,NO,HIGH,Financial behaviour or transaction measured during/after the outcome period.,Financial behaviour or transaction measured during/after the outcome period.,https://microdata.worldbank.org/catalog/7900/variable/F1/V28?name=fin2
29,fin3,Used a card or mobile phone to access account,FINANCIAL,FINANCIAL;HIGH_MISSING;POSSIBLE_LEAKAGE;EXCLUDED,54.3292,HIGH_50_TO_74,EXCLUDE_HIGH_MISSING,CONDITIONAL,DIRECT,"Target component, target-screened item, or close reconstruction of the outcome.",54.33% structurally missing; insufficient standalone coverage.,EXCLUDE_HIGH_MISSING,CONDITIONAL,HIGH,Financial behaviour or transaction measured during/after the outcome period.,54.33% structurally missing; insufficient standalone coverage.,https://microdata.worldbank.org/catalog/7900/variable/F1/V29?name=fin3
30,fin4,Opened first account to receive a wage or salary payment or money from the gover,FINANCIAL,FINANCIAL;HIGH_MISSING;POSSIBLE_LEAKAGE;EXCLUDED,54.3292,HIGH_50_TO_74,EXCLUDE_HIGH_MISSING,CONDITIONAL,DIRECT,"Target component, target-screened item, or close reconstruction of the outcome.",54.33% structurally missing; insufficient standalone coverage.,EXCLUDE_HIGH_MISSING,CONDITIONAL,HIGH,Financial behaviour or transaction measured during/after the outcome period.,54.33% structurally missing; insufficient standalone coverage.,https://microdata.worldbank.org/catalog/7900/variable/F1/V30?name=fin4
31,fin5,Frequency of money deposited into accounts,FINANCIAL,FINANCIAL;HIGH_MISSING;POSSIBLE_LEAKAGE;EXCLUDED,54.3292,HIGH_50_TO_74,EXCLUDE_HIGH_MISSING,CONDITIONAL,DIRECT,"Target component, target-screened item, or close reconstruction of the outcome.",54.33% structurally missing; insufficient standalone coverage.,EXCLUDE_HIGH_MISSING,CONDITIONAL,HIGH,Financial behaviour or transaction measured during/after the outcome period.,54.33% structurally missing; insufficient standalone coverage.,https://microdata.worldbank.org/catalog/7900/variable/F1/V31?name=fin5
32,fin6,Frequency of money sent or taken out of accounts,FINANCIAL,FINANCIAL;HIGH_MISSING;POSSIBLE_LEAKAGE;EXCLUDED,54.3292,HIGH_50_TO_74,EXCLUDE_HIGH_MISSING,CONDITIONAL,DIRECT,"Target component, target-screened item, or close reconstruction of the outcome.",54.33% structurally missing; insufficient standalone coverage.,EXCLUDE_HIGH_MISSING,CONDITIONAL,HIGH,Financial behaviour or transaction measured during/after the outcome period.,54.33% structurally missing; insufficient standalone coverage.,https://microdata.worldbank.org/catalog/7900/variable/F1/V32?name=fin6
33,fin7,Any deposits or withdrawals,FINANCIAL,FINANCIAL;HIGH_MISSING;POSSIBLE_LEAKAGE;EXCLUDED,88.8677,HIGH_75_PLUS,EXCLUDE_HIGH_MISSING,CONDITIONAL,DIRECT,"Target component, target-screened item, or close reconstruction of the outcome.",88.87% structurally missing; insufficient standalone coverage.,EXCLUDE_HIGH_MISSING,CONDITIONAL,HIGH,Financial behaviour or transaction measured during/after the outcome period.,88.87% structurally missing; insufficient standalone coverage.,https://microdata.worldbank.org/catalog/7900/variable/F1/V33?name=fin7
34,fin8,Store money in account,FINANCIAL,FINANCIAL;HIGH_MISSING;POSSIBLE_LEAKAGE;EXCLUDED,54.3292,HIGH_50_TO_74,EXCLUDE_HIGH_MISSING,CONDITIONAL,DIRECT,"Target component, target-screened item, or close reconstruction of the outcome.",54.33% structurally missing; insufficient standalone coverage.,EXCLUDE_HIGH_MISSING,CONDITIONAL,HIGH,Financial behaviour or transaction measured during/after the outcome period.,54.33% structurally missing; insufficient standalone coverage.,https://microdata.worldbank.org/catalog/7900/variable/F1/V34?name=fin8
35,fin9a,Receive account balance information using a mobile phone or the internet,FINANCIAL,FINANCIAL;HIGH_MISSING;POSSIBLE_LEAKAGE;EXCLUDED,54.3292,HIGH_50_TO_74,EXCLUDE_HIGH_MISSING,CONDITIONAL,DIRECT,"Target component, target-screened item, or close reconstruction of the outcome.",54.33% structurally missing; insufficient standalone coverage.,EXCLUDE_HIGH_MISSING,CONDITIONAL,HIGH,Financial behaviour or transaction measured during/after the outcome period.,54.33% structurally missing; insufficient standalone coverage.,https://microdata.worldbank.org/catalog/7900/variable/F1/V35?name=fin9a
36,fin9b,Check account balance using a mobile phone or the internet,FINANCIAL,FINANCIAL;HIGH_MISSING;POSSIBLE_LEAKAGE;EXCLUDED,54.3292,HIGH_50_TO_74,EXCLUDE_HIGH_MISSING,CONDITIONAL,DIRECT,"Target component, target-screened item, or close reconstruction of the outcome.",54.33% structurally missing; insufficient standalone coverage.,EXCLUDE_HIGH_MISSING,CONDITIONAL,HIGH,Financial behaviour or transaction measured during/after the outcome period.,54.33% structurally missing; insufficient standalone coverage.,https://microdata.worldbank.org/catalog/7900/variable/F1/V36?name=fin9b
37,fin10,Has a credit card,FINANCIAL,FINANCIAL;HIGH_MISSING;POSSIBLE_LEAKAGE;EXCLUDED,54.3292,HIGH_50_TO_74,EXCLUDE_HIGH_MISSING,CONDITIONAL,DIRECT,"Target component, target-screened item, or close reconstruction of the outcome.",54.33% structurally missing; insufficient standalone coverage.,EXCLUDE_HIGH_MISSING,CONDITIONAL,HIGH,Financial behaviour or transaction measured during/after the outcome period.,54.33% structurally missing; insufficient standalone coverage.,https://microdata.worldbank.org/catalog/7900/variable/F1/V37?name=fin10
38,fin11_0,Has a card that you can add money to and use to send and receive money or make p,FINANCIAL,FINANCIAL;HIGH_MISSING;ALL_MISSING;LOW_VARIANCE;POSSIBLE_LEAKAGE;EXCLUDED,100.0,ALL_MISSING,EXCLUDE_ALL_MISSING,NO,DIRECT,"Target component, target-screened item, or close reconstruction of the outcome.",No observed values in Eswatini; conceptual leakage risk is DIRECT.,EXCLUDE_ALL_MISSING,NO,HIGH,Financial behaviour or transaction measured during/after the outcome period.,No observed values in Eswatini; conceptual leakage risk is HIGH.,https://microdata.worldbank.org/catalog/7900/variable/F1/V38?name=fin11_0
39,fin11_1,Ever had an account at a bank or similar financial institution,FINANCIAL,FINANCIAL;HIGH_MISSING;ALL_MISSING;LOW_VARIANCE;POSSIBLE_LEAKAGE;EXCLUDED,100.0,ALL_MISSING,EXCLUDE_ALL_MISSING,NO,DIRECT,"Target component, target-screened item, or close reconstruction of the outcome.",No observed values in Eswatini; conceptual leakage risk is DIRECT.,EXCLUDE_ALL_MISSING,NO,HIGH,Financial behaviour or transaction measured during/after the outcome period.,No observed values in Eswatini; conceptual leakage risk is HIGH.,https://microdata.worldbank.org/catalog/7900/variable/F1/V39?name=fin11_1
40,fin11_2,Could use account without help,FINANCIAL,FINANCIAL;HIGH_MISSING;ALL_MISSING;LOW_VARIANCE;POSSIBLE_LEAKAGE;EXCLUDED,100.0,ALL_MISSING,EXCLUDE_ALL_MISSING,NO,DIRECT,"Target component, target-screened item, or close reconstruction of the outcome.",No observed values in Eswatini; conceptual leakage risk is DIRECT.,EXCLUDE_ALL_MISSING,NO,HIGH,Financial behaviour or transaction measured during/after the outcome period.,No observed values in Eswatini; conceptual leakage risk is HIGH.,https://microdata.worldbank.org/catalog/7900/variable/F1/V40?name=fin11_2
41,fin11a,Reason for no account: too far,FINANCIAL,FINANCIAL;HIGH_MISSING;ALL_MISSING;LOW_VARIANCE;POSSIBLE_LEAKAGE;EXCLUDED,100.0,ALL_MISSING,EXCLUDE_ALL_MISSING,NO,DIRECT,"Target component, target-screened item, or close reconstruction of the outcome.",No observed values in Eswatini; conceptual leakage risk is DIRECT.,EXCLUDE_ALL_MISSING,NO,HIGH,Financial behaviour or transaction measured during/after the outcome period.,No observed values in Eswatini; conceptual leakage risk is HIGH.,https://microdata.worldbank.org/catalog/7900/variable/F1/V41?name=fin11a
42,fin11b,Reason for no account: fees too expensive,FINANCIAL,FINANCIAL;HIGH_MISSING;ALL_MISSING;LOW_VARIANCE;POSSIBLE_LEAKAGE;EXCLUDED,100.0,ALL_MISSING,EXCLUDE_ALL_MISSING,NO,DIRECT,"Target component, target-screened item, or close reconstruction of the outcome.",No observed values in Eswatini; conceptual leakage risk is DIRECT.,EXCLUDE_ALL_MISSING,NO,HIGH,Financial behaviour or transaction measured during/after the outcome period.,No observed values in Eswatini; conceptual leakage risk is HIGH.,https://microdata.worldbank.org/catalog/7900/variable/F1/V42?name=fin11b
43,fin11c,Reason for no account: lack documentation,FINANCIAL,FINANCIAL;HIGH_MISSING;ALL_MISSING;LOW_VARIANCE;POSSIBLE_LEAKAGE;EXCLUDED,100.0,ALL_MISSING,EXCLUDE_ALL_MISSING,NO,DIRECT,"Target component, target-screened item, or close reconstruction of the outcome.",No observed values in Eswatini; conceptual leakage risk is DIRECT.,EXCLUDE_ALL_MISSING,NO,HIGH,Financial behaviour or transaction measured during/after the outcome period.,No observed values in Eswatini; conceptual leakage risk is HIGH.,https://microdata.worldbank.org/catalog/7900/variable/F1/V43?name=fin11c
44,fin11d,Reason for no account: lack money,FINANCIAL,FINANCIAL;HIGH_MISSING;ALL_MISSING;LOW_VARIANCE;POSSIBLE_LEAKAGE;EXCLUDED,100.0,ALL_MISSING,EXCLUDE_ALL_MISSING,NO,DIRECT,"Target component, target-screened item, or close reconstruction of the outcome.",No observed values in Eswatini; conceptual leakage risk is DIRECT.,EXCLUDE_ALL_MISSING,NO,HIGH,Financial behaviour or transaction measured during/after the outcome period.,No observed values in Eswatini; conceptual leakage risk is HIGH.,https://microdata.worldbank.org/catalog/7900/variable/F1/V44?name=fin11d
45,fin11e,Reason for no account: family member already has one,FINANCIAL,FINANCIAL;HIGH_MISSING;ALL_MISSING;LOW_VARIANCE;POSSIBLE_LEAKAGE;EXCLUDED,100.0,ALL_MISSING,EXCLUDE_ALL_MISSING,NO,DIRECT,"Target component, target-screened item, or close reconstruction of the outcome.",No observed values in Eswatini; conceptual leakage risk is DIRECT.,EXCLUDE_ALL_MISSING,NO,HIGH,Financial behaviour or transaction measured during/after the outcome period.,No observed values in Eswatini; conceptual leakage risk is HIGH.,https://microdata.worldbank.org/catalog/7900/variable/F1/V45?name=fin11e
46,fin11f,Reason for no account: lack trust,FINANCIAL,FINANCIAL;HIGH_MISSING;ALL_MISSING;LOW_VARIANCE;POSSIBLE_LEAKAGE;EXCLUDED,100.0,ALL_MISSING,EXCLUDE_ALL_MISSING,NO,DIRECT,"Target component, target-screened item, or close reconstruction of the outcome.",No observed values in Eswatini; conceptual leakage risk is DIRECT.,EXCLUDE_ALL_MISSING,NO,HIGH,Financial behaviour or transaction measured during/after the outcome period.,No observed values in Eswatini; conceptual leakage risk is HIGH.,https://microdata.worldbank.org/catalog/7900/variable/F1/V46?name=fin11f
47,fin13_1,Mobile money meets financial needs,FINANCIAL,FINANCIAL;HIGH_MISSING;POSSIBLE_LEAKAGE;EXCLUDED,76.8792,HIGH_75_PLUS,EXCLUDE_HIGH_MISSING,CONDITIONAL,HIGH,Financial behaviour or transaction measured during/after the outcome period.,76.88% structurally missing; insufficient standalone coverage.,EXCLUDE_HIGH_MISSING,CONDITIONAL,DIRECT,"Target component, target-screened item, or close reconstruction of the outcome.",76.88% structurally missing; insufficient standalone coverage.,https://microdata.worldbank.org/catalog/7900/variable/F1/V47?name=fin13_1
48,fin13a,Frequency of money deposited into mobile money accounts,FINANCIAL,FINANCIAL;POSSIBLE_LEAKAGE;EXCLUDED,47.1931,MODERATE_25_TO_49,EXCLUDE_POST_OUTCOME,NO,HIGH,Financial behaviour or transaction measured during/after the outcome period.,Financial behaviour or transaction measured during/after the outcome period.,EXCLUDE_DIRECT_LEAKAGE,NO,DIRECT,"Target component, target-screened item, or close reconstruction of the outcome.","Target component, target-screened item, or close reconstruction of the outcome.",https://microdata.worldbank.org/catalog/7900/variable/F1/V48?name=fin13a
49,fin13b,Frequency of money sent from mobile money accounts,FINANCIAL,FINANCIAL;POSSIBLE_LEAKAGE;EXCLUDED,47.1931,MODERATE_25_TO_49,EXCLUDE_POST_OUTCOME,NO,HIGH,Financial behaviour or transaction measured during/after the outcome period.,Financial behaviour or transaction measured during/after the outcome period.,EXCLUDE_DIRECT_LEAKAGE,NO,DIRECT,"Target component, target-screened item, or close reconstruction of the outcome.","Target component, target-screened item, or close reconstruction of the outcome.",https://microdata.worldbank.org/catalog/7900/variable/F1/V49?name=fin13b
50,fin13c,Frequency of money taken out of mobile money accounts,FINANCIAL,FINANCIAL;POSSIBLE_LEAKAGE;EXCLUDED,47.1931,MODERATE_25_TO_49,EXCLUDE_POST_OUTCOME,NO,HIGH,Financial behaviour or transaction measured during/after the outcome period.,Financial behaviour or transaction measured during/after the outcome period.,EXCLUDE_DIRECT_LEAKAGE,NO,DIRECT,"Target component, target-screened item, or close reconstruction of the outcome.","Target component, target-screened item, or close reconstruction of the outcome.",https://microdata.worldbank.org/catalog/7900/variable/F1/V50?name=fin13c
51,fin13d,Store money in mobile money account,FINANCIAL,FINANCIAL;POSSIBLE_LEAKAGE;EXCLUDED,47.1931,MODERATE_25_TO_49,EXCLUDE_POST_OUTCOME,NO,HIGH,Financial behaviour or transaction measured during/after the outcome period.,Financial behaviour or transaction measured during/after the outcome period.,EXCLUDE_DIRECT_LEAKAGE,NO,DIRECT,"Target component, target-screened item, or close reconstruction of the outcome.","Target component, target-screened item, or close reconstruction of the outcome.",https://microdata.worldbank.org/catalog/7900/variable/F1/V51?name=fin13d
52,fin13e,Asked for mobile money PIN or password,FINANCIAL,FINANCIAL;POSSIBLE_LEAKAGE;EXCLUDED,47.1931,MODERATE_25_TO_49,EXCLUDE_POST_OUTCOME,NO,HIGH,Financial behaviour or transaction measured during/after the outcome period.,Financial behaviour or transaction measured during/after the outcome period.,EXCLUDE_DIRECT_LEAKAGE,NO,DIRECT,"Target component, target-screened item, or close reconstruction of the outcome.","Target component, target-screened item, or close reconstruction of the outcome.",https://microdata.worldbank.org/catalog/7900/variable/F1/V52?name=fin13e
53,fin13f,Sent money to the wrong number,FINANCIAL,FINANCIAL;POSSIBLE_LEAKAGE;EXCLUDED,47.1931,MODERATE_25_TO_49,EXCLUDE_POST_OUTCOME,NO,HIGH,Financial behaviour or transaction measured during/after the outcome period.,Financial behaviour or transaction measured during/after the outcome period.,EXCLUDE_DIRECT_LEAKAGE,NO,DIRECT,"Target component, target-screened item, or close reconstruction of the outcome.","Target component, target-screened item, or close reconstruction of the outcome.",https://microdata.worldbank.org/catalog/7900/variable/F1/V53?name=fin13f
54,fin13f_1,Received money back after sending to the wrong number,FINANCIAL,FINANCIAL;HIGH_MISSING;POSSIBLE_LEAKAGE;EXCLUDED,91.1513,HIGH_75_PLUS,EXCLUDE_HIGH_MISSING,CONDITIONAL,HIGH,Financial behaviour or transaction measured during/after the outcome period.,91.15% structurally missing; insufficient standalone coverage.,EXCLUDE_HIGH_MISSING,CONDITIONAL,DIRECT,"Target component, target-screened item, or close reconstruction of the outcome.",91.15% structurally missing; insufficient standalone coverage.,https://microdata.worldbank.org/catalog/7900/variable/F1/V54?name=fin13f_1
55,fin14a,Reason for no mobile money account: too far,FINANCIAL,FINANCIAL;HIGH_MISSING;POSSIBLE_LEAKAGE;EXCLUDED,69.7431,HIGH_50_TO_74,EXCLUDE_HIGH_MISSING,CONDITIONAL,HIGH,Financial behaviour or transaction measured during/after the outcome period.,69.74% structurally missing; insufficient standalone coverage.,EXCLUDE_HIGH_MISSING,CONDITIONAL,DIRECT,"Target component, target-screened item, or close reconstruction of the outcome.",69.74% structurally missing; insufficient standalone coverage.,https://microdata.worldbank.org/catalog/7900/variable/F1/V55?name=fin14a
56,fin14b,Reason for no mobile money account: too expensive,FINANCIAL,FINANCIAL;HIGH_MISSING;POSSIBLE_LEAKAGE;EXCLUDED,69.7431,HIGH_50_TO_74,EXCLUDE_HIGH_MISSING,CONDITIONAL,HIGH,Financial behaviour or transaction measured during/after the outcome period.,69.74% structurally missing; insufficient standalone coverage.,EXCLUDE_HIGH_MISSING,CONDITIONAL,DIRECT,"Target component, target-screened item, or close reconstruction of the outcome.",69.74% structurally missing; insufficient standalone coverage.,https://microdata.worldbank.org/catalog/7900/variable/F1/V56?name=fin14b
57,fin14c,Reason for no mobile money account: lack documentation,FINANCIAL,FINANCIAL;HIGH_MISSING;POSSIBLE_LEAKAGE;EXCLUDED,69.7431,HIGH_50_TO_74,EXCLUDE_HIGH_MISSING,CONDITIONAL,HIGH,Financial behaviour or transaction measured during/after the outcome period.,69.74% structurally missing; insufficient standalone coverage.,EXCLUDE_HIGH_MISSING,CONDITIONAL,DIRECT,"Target component, target-screened item, or close reconstruction of the outcome.",69.74% structurally missing; insufficient standalone coverage.,https://microdata.worldbank.org/catalog/7900/variable/F1/V57?name=fin14c
58,fin14d,Reason for no mobile money account: lack of money,FINANCIAL,FINANCIAL;HIGH_MISSING;POSSIBLE_LEAKAGE;EXCLUDED,69.7431,HIGH_50_TO_74,EXCLUDE_HIGH_MISSING,CONDITIONAL,HIGH,Financial behaviour or transaction measured during/after the outcome period.,69.74% structurally missing; insufficient standalone coverage.,EXCLUDE_HIGH_MISSING,CONDITIONAL,DIRECT,"Target component, target-screened item, or close reconstruction of the outcome.",69.74% structurally missing; insufficient standalone coverage.,https://microdata.worldbank.org/catalog/7900/variable/F1/V58?name=fin14d
59,fin14e,Reason for no mobile money account: worried about security,FINANCIAL,FINANCIAL;HIGH_MISSING;POSSIBLE_LEAKAGE;EXCLUDED,69.7431,HIGH_50_TO_74,EXCLUDE_HIGH_MISSING,CONDITIONAL,HIGH,Financial behaviour or transaction measured during/after the outcome period.,69.74% structurally missing; insufficient standalone coverage.,EXCLUDE_HIGH_MISSING,CONDITIONAL,DIRECT,"Target component, target-screened item, or close reconstruction of the outcome.",69.74% structurally missing; insufficient standalone coverage.,https://microdata.worldbank.org/catalog/7900/variable/F1/V59?name=fin14e
60,fin15,Used an agent or someone else to make a mobile money payment,FINANCIAL,FINANCIAL;HIGH_MISSING;POSSIBLE_LEAKAGE;EXCLUDED,69.7431,HIGH_50_TO_74,EXCLUDE_HIGH_MISSING,CONDITIONAL,HIGH,Financial behaviour or transaction measured during/after the outcome period.,69.74% structurally missing; insufficient standalone coverage.,EXCLUDE_HIGH_MISSING,CONDITIONAL,DIRECT,"Target component, target-screened item, or close reconstruction of the outcome.",69.74% structurally missing; insufficient standalone coverage.,https://microdata.worldbank.org/catalog/7900/variable/F1/V60?name=fin15
61,fin16,Ever had a mobile money account,FINANCIAL,FINANCIAL;HIGH_MISSING;POSSIBLE_LEAKAGE;EXCLUDED,69.7431,HIGH_50_TO_74,EXCLUDE_HIGH_MISSING,CONDITIONAL,HIGH,Financial behaviour or transaction measured during/after the outcome period.,69.74% structurally missing; insufficient standalone coverage.,EXCLUDE_HIGH_MISSING,CONDITIONAL,DIRECT,"Target component, target-screened item, or close reconstruction of the outcome.",69.74% structurally missing; insufficient standalone coverage.,https://microdata.worldbank.org/catalog/7900/variable/F1/V61?name=fin16
62,fin17a,Saved at a bank or similar financial institution,FINANCIAL,FINANCIAL;POSSIBLE_LEAKAGE;EXCLUDED,0.0,NONE,EXCLUDE_POST_OUTCOME,NO,HIGH,Financial behaviour or transaction measured during/after the outcome period.,Financial behaviour or transaction measured during/after the outcome period.,EXCLUDE_POST_OUTCOME,NO,HIGH,Financial behaviour or transaction measured during/after the outcome period.,Financial behaviour or transaction measured during/after the outcome period.,https://microdata.worldbank.org/catalog/7900/variable/F1/V62?name=fin17a
63,fin17b,Saved using a mobile money account,FINANCIAL,FINANCIAL;POSSIBLE_LEAKAGE;EXCLUDED,35.5852,MODERATE_25_TO_49,EXCLUDE_POST_OUTCOME,NO,HIGH,Financial behaviour or transaction measured during/after the outcome period.,Financial behaviour or transaction measured during/after the outcome period.,EXCLUDE_POST_OUTCOME,NO,HIGH,Financial behaviour or transaction measured during/after the outcome period.,Financial behaviour or transaction measured during/after the outcome period.,https://microdata.worldbank.org/catalog/7900/variable/F1/V63?name=fin17b
64,fin17c,Saved using a savings club or a person outside the family,FINANCIAL,FINANCIAL;POSSIBLE_LEAKAGE;EXCLUDED,0.0,NONE,EXCLUDE_POST_OUTCOME,NO,HIGH,Financial behaviour or transaction measured during/after the outcome period.,Financial behaviour or transaction measured during/after the outcome period.,EXCLUDE_POST_OUTCOME,NO,HIGH,Financial behaviour or transaction measured during/after the outcome period.,Financial behaviour or transaction measured during/after the outcome period.,https://microdata.worldbank.org/catalog/7900/variable/F1/V64?name=fin17c
65,fin17d,Formal saving frequency,FINANCIAL,FINANCIAL;HIGH_MISSING;POSSIBLE_LEAKAGE;EXCLUDED,61.3701,HIGH_50_TO_74,EXCLUDE_HIGH_MISSING,CONDITIONAL,HIGH,Financial behaviour or transaction measured during/after the outcome period.,61.37% structurally missing; insufficient standalone coverage.,EXCLUDE_HIGH_MISSING,CONDITIONAL,HIGH,Financial behaviour or transaction measured during/after the outcome period.,61.37% structurally missing; insufficient standalone coverage.,https://microdata.worldbank.org/catalog/7900/variable/F1/V65?name=fin17d
66,fin17e,Received interest,FINANCIAL,FINANCIAL;HIGH_MISSING;POSSIBLE_LEAKAGE;EXCLUDED,61.3701,HIGH_50_TO_74,EXCLUDE_HIGH_MISSING,CONDITIONAL,HIGH,Financial behaviour or transaction measured during/after the outcome period.,61.37% structurally missing; insufficient standalone coverage.,EXCLUDE_HIGH_MISSING,CONDITIONAL,HIGH,Financial behaviour or transaction measured during/after the outcome period.,61.37% structurally missing; insufficient standalone coverage.,https://microdata.worldbank.org/catalog/7900/variable/F1/V66?name=fin17e
67,fin17f,Saved formally for old age,FINANCIAL,FINANCIAL;HIGH_MISSING;POSSIBLE_LEAKAGE;EXCLUDED,61.3701,HIGH_50_TO_74,EXCLUDE_HIGH_MISSING,CONDITIONAL,HIGH,Financial behaviour or transaction measured during/after the outcome period.,61.37% structurally missing; insufficient standalone coverage.,EXCLUDE_HIGH_MISSING,CONDITIONAL,HIGH,Financial behaviour or transaction measured during/after the outcome period.,61.37% structurally missing; insufficient standalone coverage.,https://microdata.worldbank.org/catalog/7900/variable/F1/V67?name=fin17f
68,fin18,Saved for any reason,FINANCIAL,FINANCIAL;HIGH_MISSING;POSSIBLE_LEAKAGE;EXCLUDED,51.2845,HIGH_50_TO_74,EXCLUDE_HIGH_MISSING,CONDITIONAL,HIGH,Financial behaviour or transaction measured during/after the outcome period.,51.28% structurally missing; insufficient standalone coverage.,EXCLUDE_HIGH_MISSING,CONDITIONAL,HIGH,Financial behaviour or transaction measured during/after the outcome period.,51.28% structurally missing; insufficient standalone coverage.,https://microdata.worldbank.org/catalog/7900/variable/F1/V68?name=fin18
69,fin19,Made regular payments to insurance agent or company,FINANCIAL,FINANCIAL;POSSIBLE_LEAKAGE;EXCLUDED,0.0,NONE,EXCLUDE_POST_OUTCOME,NO,HIGH,Financial behaviour or transaction measured during/after the outcome period.,Financial behaviour or transaction measured during/after the outcome period.,EXCLUDE_POST_OUTCOME,NO,HIGH,Financial behaviour or transaction measured during/after the outcome period.,Financial behaviour or transaction measured during/after the outcome period.,https://microdata.worldbank.org/catalog/7900/variable/F1/V69?name=fin19
70,fin20,Applied for a loan using a mobile phone,FINANCIAL,FINANCIAL;POSSIBLE_LEAKAGE;EXCLUDED,0.0,NONE,EXCLUDE_POST_OUTCOME,NO,HIGH,Financial behaviour or transaction measured during/after the outcome period.,Financial behaviour or transaction measured during/after the outcome period.,EXCLUDE_POST_OUTCOME,NO,HIGH,Financial behaviour or transaction measured during/after the outcome period.,Financial behaviour or transaction measured during/after the outcome period.,https://microdata.worldbank.org/catalog/7900/variable/F1/V70?name=fin20
71,fin21,Received loan applied for using a mobile phone,FINANCIAL,FINANCIAL;HIGH_MISSING;POSSIBLE_LEAKAGE;EXCLUDED,65.9372,HIGH_50_TO_74,EXCLUDE_HIGH_MISSING,CONDITIONAL,HIGH,Financial behaviour or transaction measured during/after the outcome period.,65.94% structurally missing; insufficient standalone coverage.,EXCLUDE_HIGH_MISSING,CONDITIONAL,HIGH,Financial behaviour or transaction measured during/after the outcome period.,65.94% structurally missing; insufficient standalone coverage.,https://microdata.worldbank.org/catalog/7900/variable/F1/V71?name=fin21
72,fin22a,Borrowed from a formal bank or similar financial institution,FINANCIAL,FINANCIAL;POSSIBLE_LEAKAGE;EXCLUDED,0.0,NONE,EXCLUDE_POST_OUTCOME,NO,HIGH,Financial behaviour or transaction measured during/after the outcome period.,Financial behaviour or transaction measured during/after the outcome period.,EXCLUDE_POST_OUTCOME,NO,HIGH,Financial behaviour or transaction measured during/after the outcome period.,Financial behaviour or transaction measured during/after the outcome period.,https://microdata.worldbank.org/catalog/7900/variable/F1/V72?name=fin22a
73,fin22a_1,Borrowed from a mobile money provider,FINANCIAL,FINANCIAL;POSSIBLE_LEAKAGE;EXCLUDED,35.5852,MODERATE_25_TO_49,EXCLUDE_POST_OUTCOME,NO,HIGH,Financial behaviour or transaction measured during/after the outcome period.,Financial behaviour or transaction measured during/after the outcome period.,EXCLUDE_POST_OUTCOME,NO,HIGH,Financial behaviour or transaction measured during/after the outcome period.,Financial behaviour or transaction measured during/after the outcome period.,https://microdata.worldbank.org/catalog/7900/variable/F1/V73?name=fin22a_1
74,fin22b,Borrowed from friends or family,FINANCIAL,FINANCIAL;POSSIBLE_LEAKAGE;EXCLUDED,0.0,NONE,EXCLUDE_POST_OUTCOME,NO,HIGH,Financial behaviour or transaction measured during/after the outcome period.,Financial behaviour or transaction measured during/after the outcome period.,EXCLUDE_POST_OUTCOME,NO,HIGH,Financial behaviour or transaction measured during/after the outcome period.,Financial behaviour or transaction measured during/after the outcome period.,https://microdata.worldbank.org/catalog/7900/variable/F1/V74?name=fin22b
75,fin22c,Borrowed from an informal savings club,FINANCIAL,FINANCIAL;HIGH_MISSING;POSSIBLE_LEAKAGE;EXCLUDED,74.215,HIGH_50_TO_74,EXCLUDE_HIGH_MISSING,CONDITIONAL,HIGH,Financial behaviour or transaction measured during/after the outcome period.,74.22% structurally missing; insufficient standalone coverage.,EXCLUDE_HIGH_MISSING,CONDITIONAL,HIGH,Financial behaviour or transaction measured during/after the outcome period.,74.22% structurally missing; insufficient standalone coverage.,https://microdata.worldbank.org/catalog/7900/variable/F1/V75?name=fin22c
76,fin22d,Borrowed for health or medical purposes,FINANCIAL,FINANCIAL;POSSIBLE_LEAKAGE;EXCLUDED,0.0,NONE,EXCLUDE_POST_OUTCOME,NO,HIGH,Financial behaviour or transaction measured during/after the outcome period.,Financial behaviour or transaction measured during/after the outcome period.,EXCLUDE_POST_OUTCOME,NO,HIGH,Financial behaviour or transaction measured during/after the outcome period.,Financial behaviour or transaction measured during/after the outcome period.,https://microdata.worldbank.org/catalog/7900/variable/F1/V76?name=fin22d
77,fin22e,Borrowed to start or operate a business,FINANCIAL,FINANCIAL;POSSIBLE_LEAKAGE;EXCLUDED,0.0,NONE,EXCLUDE_POST_OUTCOME,NO,HIGH,Financial behaviour or transaction measured during/after the outcome period.,Financial behaviour or transaction measured during/after the outcome period.,EXCLUDE_POST_OUTCOME,NO,HIGH,Financial behaviour or transaction measured during/after the outcome period.,Financial behaviour or transaction measured during/after the outcome period.,https://microdata.worldbank.org/catalog/7900/variable/F1/V77?name=fin22e
78,fin22f,Purchased food on credit,FINANCIAL,FINANCIAL;POSSIBLE_LEAKAGE;EXCLUDED,0.0,NONE,EXCLUDE_POST_OUTCOME,NO,HIGH,Financial behaviour or transaction measured during/after the outcome period.,Financial behaviour or transaction measured during/after the outcome period.,EXCLUDE_POST_OUTCOME,NO,HIGH,Financial behaviour or transaction measured during/after the outcome period.,Financial behaviour or transaction measured during/after the outcome period.,https://microdata.worldbank.org/catalog/7900/variable/F1/V78?name=fin22f
79,fin22g,Used a credit card,FINANCIAL,FINANCIAL;HIGH_MISSING;POSSIBLE_LEAKAGE;EXCLUDED,93.53,HIGH_75_PLUS,EXCLUDE_HIGH_MISSING,CONDITIONAL,HIGH,Financial behaviour or transaction measured during/after the outcome period.,93.53% structurally missing; insufficient standalone coverage.,EXCLUDE_HIGH_MISSING,CONDITIONAL,HIGH,Financial behaviour or transaction measured during/after the outcome period.,93.53% structurally missing; insufficient standalone coverage.,https://microdata.worldbank.org/catalog/7900/variable/F1/V79?name=fin22g
80,fin22h,Paid off all credit card balances in full by their due date,FINANCIAL,FINANCIAL;HIGH_MISSING;POSSIBLE_LEAKAGE;EXCLUDED,96.3844,HIGH_75_PLUS,EXCLUDE_HIGH_MISSING,CONDITIONAL,HIGH,Financial behaviour or transaction measured during/after the outcome period.,96.38% structurally missing; insufficient standalone coverage.,EXCLUDE_HIGH_MISSING,CONDITIONAL,HIGH,Financial behaviour or transaction measured during/after the outcome period.,96.38% structurally missing; insufficient standalone coverage.,https://microdata.worldbank.org/catalog/7900/variable/F1/V80?name=fin22h
81,fin23,Borrowed money for any reason,FINANCIAL,FINANCIAL;HIGH_MISSING;POSSIBLE_LEAKAGE;EXCLUDED,61.5604,HIGH_50_TO_74,EXCLUDE_HIGH_MISSING,CONDITIONAL,HIGH,Financial behaviour or transaction measured during/after the outcome period.,61.56% structurally missing; insufficient standalone coverage.,EXCLUDE_HIGH_MISSING,CONDITIONAL,HIGH,Financial behaviour or transaction measured during/after the outcome period.,61.56% structurally missing; insufficient standalone coverage.,https://microdata.worldbank.org/catalog/7900/variable/F1/V81?name=fin23
82,fin24,Main source of emergency money in 30 days,FINANCIAL,FINANCIAL;POSSIBLE_LEAKAGE;EXCLUDED,0.0,NONE,EXCLUDE_POST_OUTCOME,NO,HIGH,Financial behaviour or transaction measured during/after the outcome period.,Financial behaviour or transaction measured during/after the outcome period.,EXCLUDE_POST_OUTCOME,NO,HIGH,Financial behaviour or transaction measured during/after the outcome period.,Financial behaviour or transaction measured during/after the outcome period.,https://microdata.worldbank.org/catalog/7900/variable/F1/V82?name=fin24
83,fin24a,Difficulty of emergency funds in 30 days,FINANCIAL,FINANCIAL;POSSIBLE_LEAKAGE;EXCLUDED,25.785,MODERATE_25_TO_49,EXCLUDE_POST_OUTCOME,NO,HIGH,Financial behaviour or transaction measured during/after the outcome period.,Financial behaviour or transaction measured during/after the outcome period.,EXCLUDE_POST_OUTCOME,NO,HIGH,Financial behaviour or transaction measured during/after the outcome period.,Financial behaviour or transaction measured during/after the outcome period.,https://microdata.worldbank.org/catalog/7900/variable/F1/V83?name=fin24a
84,fin24b,How long household could cover expenses if main source of income was lost,FINANCIAL,FINANCIAL;POSSIBLE_LEAKAGE;EXCLUDED,0.0,NONE,EXCLUDE_POST_OUTCOME,NO,HIGH,Financial behaviour or transaction measured during/after the outcome period.,Financial behaviour or transaction measured during/after the outcome period.,EXCLUDE_POST_OUTCOME,NO,HIGH,Financial behaviour or transaction measured during/after the outcome period.,Financial behaviour or transaction measured during/after the outcome period.,https://microdata.worldbank.org/catalog/7900/variable/F1/V84?name=fin24b
85,fin24c,Experienced a natural disaster or severe weather event,SOCIOECONOMIC,SOCIOECONOMIC;CANDIDATE_MODEL_1;CANDIDATE_MODEL_2,0.0,NONE,CANDIDATE_CONDITIONAL,CONDITIONAL,LOW,Exogenous shock measure; temporal overlap should be retained as a limitation.,"Relevant pre-outcome characteristic, but routing, temporal overlap, or structural missingness requires Phase 3 handling.",CANDIDATE_CONDITIONAL,CONDITIONAL,LOW,Exogenous shock measure; temporal overlap should be retained as a limitation.,"Relevant pre-outcome characteristic, but routing, temporal overlap, or structural missingness requires Phase 3 handling.",https://microdata.worldbank.org/catalog/7900/variable/F1/V85?name=fin24c
86,fin24d1,"Natural disaster in the past three years: Income lost or unable to work, by self",FINANCIAL,FINANCIAL;HIGH_MISSING;POSSIBLE_LEAKAGE;EXCLUDED,55.471,HIGH_50_TO_74,EXCLUDE_HIGH_MISSING,CONDITIONAL,HIGH,Financial behaviour or transaction measured during/after the outcome period.,55.47% structurally missing; insufficient standalone coverage.,EXCLUDE_HIGH_MISSING,CONDITIONAL,HIGH,Financial behaviour or transaction measured during/after the outcome period.,55.47% structurally missing; insufficient standalone coverage.,https://microdata.worldbank.org/catalog/7900/variable/F1/V86?name=fin24d1
87,fin24d2,Natural disaster in the past three years: Damage to home or livestock,FINANCIAL,FINANCIAL;HIGH_MISSING;POSSIBLE_LEAKAGE;EXCLUDED,55.471,HIGH_50_TO_74,EXCLUDE_HIGH_MISSING,CONDITIONAL,HIGH,Financial behaviour or transaction measured during/after the outcome period.,55.47% structurally missing; insufficient standalone coverage.,EXCLUDE_HIGH_MISSING,CONDITIONAL,HIGH,Financial behaviour or transaction measured during/after the outcome period.,55.47% structurally missing; insufficient standalone coverage.,https://microdata.worldbank.org/catalog/7900/variable/F1/V87?name=fin24d2
88,fin24d3,Natural disaster in the past three years: Unable to access or use their account,FINANCIAL,FINANCIAL;HIGH_MISSING;POSSIBLE_LEAKAGE;EXCLUDED,66.2226,HIGH_50_TO_74,EXCLUDE_HIGH_MISSING,CONDITIONAL,HIGH,Financial behaviour or transaction measured during/after the outcome period.,66.22% structurally missing; insufficient standalone coverage.,EXCLUDE_HIGH_MISSING,CONDITIONAL,HIGH,Financial behaviour or transaction measured during/after the outcome period.,66.22% structurally missing; insufficient standalone coverage.,https://microdata.worldbank.org/catalog/7900/variable/F1/V88?name=fin24d3
89,fin25e1,Use a mobile phone or card to pay for household cleaning supplies,FINANCIAL,FINANCIAL;POSSIBLE_LEAKAGE;EXCLUDED,24.548,LOW_UNDER_25,EXCLUDE_POST_OUTCOME,NO,HIGH,Financial behaviour or transaction measured during/after the outcome period.,Financial behaviour or transaction measured during/after the outcome period.,EXCLUDE_POST_OUTCOME,NO,HIGH,Financial behaviour or transaction measured during/after the outcome period.,Financial behaviour or transaction measured during/after the outcome period.,https://microdata.worldbank.org/catalog/7900/variable/F1/V89?name=fin25e1
90,fin25e2,Used a mobile phone or a card to pay for an in-store purchase,FINANCIAL,FINANCIAL;POSSIBLE_LEAKAGE;EXCLUDED,24.548,LOW_UNDER_25,EXCLUDE_POST_OUTCOME,NO,HIGH,Financial behaviour or transaction measured during/after the outcome period.,Financial behaviour or transaction measured during/after the outcome period.,EXCLUDE_POST_OUTCOME,NO,HIGH,Financial behaviour or transaction measured during/after the outcome period.,Financial behaviour or transaction measured during/after the outcome period.,https://microdata.worldbank.org/catalog/7900/variable/F1/V90?name=fin25e2
91,fin25e3,Frequency of digital in-store merchant payments,FINANCIAL,FINANCIAL;HIGH_MISSING;POSSIBLE_LEAKAGE;EXCLUDED,79.353,HIGH_75_PLUS,EXCLUDE_HIGH_MISSING,CONDITIONAL,HIGH,Financial behaviour or transaction measured during/after the outcome period.,79.35% structurally missing; insufficient standalone coverage.,EXCLUDE_HIGH_MISSING,CONDITIONAL,HIGH,Financial behaviour or transaction measured during/after the outcome period.,79.35% structurally missing; insufficient standalone coverage.,https://microdata.worldbank.org/catalog/7900/variable/F1/V91?name=fin25e3
92,fin25e4,Main reason for only using cash for in-store merchant payments,FINANCIAL,FINANCIAL;POSSIBLE_LEAKAGE;EXCLUDED,45.1951,MODERATE_25_TO_49,EXCLUDE_POST_OUTCOME,NO,HIGH,Financial behaviour or transaction measured during/after the outcome period.,Financial behaviour or transaction measured during/after the outcome period.,EXCLUDE_POST_OUTCOME,NO,HIGH,Financial behaviour or transaction measured during/after the outcome period.,Financial behaviour or transaction measured during/after the outcome period.,https://microdata.worldbank.org/catalog/7900/variable/F1/V92?name=fin25e4
93,fin26a,Used a mobile phone or computer to make a bill payment,FINANCIAL,FINANCIAL;POSSIBLE_LEAKAGE;EXCLUDED,24.548,LOW_UNDER_25,EXCLUDE_POST_OUTCOME,NO,HIGH,Financial behaviour or transaction measured during/after the outcome period.,Financial behaviour or transaction measured during/after the outcome period.,EXCLUDE_POST_OUTCOME,NO,HIGH,Financial behaviour or transaction measured during/after the outcome period.,Financial behaviour or transaction measured during/after the outcome period.,https://microdata.worldbank.org/catalog/7900/variable/F1/V93?name=fin26a
94,fin26b,Used a mobile phone or the internet to buy something online,FINANCIAL,FINANCIAL;POSSIBLE_LEAKAGE;EXCLUDED,24.548,LOW_UNDER_25,EXCLUDE_POST_OUTCOME,NO,HIGH,Financial behaviour or transaction measured during/after the outcome period.,Financial behaviour or transaction measured during/after the outcome period.,EXCLUDE_POST_OUTCOME,NO,HIGH,Financial behaviour or transaction measured during/after the outcome period.,Financial behaviour or transaction measured during/after the outcome period.,https://microdata.worldbank.org/catalog/7900/variable/F1/V94?name=fin26b
95,fin27,Online purchase mode of payment,FINANCIAL,FINANCIAL;HIGH_MISSING;POSSIBLE_LEAKAGE;EXCLUDED,89.3435,HIGH_75_PLUS,EXCLUDE_HIGH_MISSING,CONDITIONAL,HIGH,Financial behaviour or transaction measured during/after the outcome period.,89.34% structurally missing; insufficient standalone coverage.,EXCLUDE_HIGH_MISSING,CONDITIONAL,HIGH,Financial behaviour or transaction measured during/after the outcome period.,89.34% structurally missing; insufficient standalone coverage.,https://microdata.worldbank.org/catalog/7900/variable/F1/V95?name=fin27
96,fh1,Made a domestic remittance,FINANCIAL,FINANCIAL;POSSIBLE_LEAKAGE;EXCLUDED,0.0,NONE,EXCLUDE_POST_OUTCOME,NO,HIGH,Financial behaviour or transaction measured during/after the outcome period.,Financial behaviour or transaction measured during/after the outcome period.,EXCLUDE_POST_OUTCOME,NO,HIGH,Financial behaviour or transaction measured during/after the outcome period.,Financial behaviour or transaction measured during/after the outcome period.,https://microdata.worldbank.org/catalog/7900/variable/F1/V96?name=fh1
97,fin28,Made a digital domestic remittance,FINANCIAL,FINANCIAL;HIGH_MISSING;POSSIBLE_LEAKAGE;EXCLUDED,53.6632,HIGH_50_TO_74,EXCLUDE_HIGH_MISSING,CONDITIONAL,HIGH,Financial behaviour or transaction measured during/after the outcome period.,53.66% structurally missing; insufficient standalone coverage.,EXCLUDE_HIGH_MISSING,CONDITIONAL,HIGH,Financial behaviour or transaction measured during/after the outcome period.,53.66% structurally missing; insufficient standalone coverage.,https://microdata.worldbank.org/catalog/7900/variable/F1/V97?name=fin28
98,fh2,Received a domestic remittance,FINANCIAL,FINANCIAL;POSSIBLE_LEAKAGE;EXCLUDED,0.0,NONE,EXCLUDE_POST_OUTCOME,NO,HIGH,Financial behaviour or transaction measured during/after the outcome period.,Financial behaviour or transaction measured during/after the outcome period.,EXCLUDE_POST_OUTCOME,NO,HIGH,Financial behaviour or transaction measured during/after the outcome period.,Financial behaviour or transaction measured during/after the outcome period.,https://microdata.worldbank.org/catalog/7900/variable/F1/V98?name=fh2
99,fin29,Received a digital domestic remittance,FINANCIAL,FINANCIAL;POSSIBLE_LEAKAGE;EXCLUDED,47.2883,MODERATE_25_TO_49,EXCLUDE_POST_OUTCOME,NO,HIGH,Financial behaviour or transaction measured during/after the outcome period.,Financial behaviour or transaction measured during/after the outcome period.,EXCLUDE_POST_OUTCOME,NO,HIGH,Financial behaviour or transaction measured during/after the outcome period.,Financial behaviour or transaction measured during/after the outcome period.,https://microdata.worldbank.org/catalog/7900/variable/F1/V99?name=fin29
100,fh2a,Received an international remittance payment,FINANCIAL,FINANCIAL;POSSIBLE_LEAKAGE;EXCLUDED,0.0,NONE,EXCLUDE_POST_OUTCOME,NO,HIGH,Financial behaviour or transaction measured during/after the outcome period.,Financial behaviour or transaction measured during/after the outcome period.,EXCLUDE_POST_OUTCOME,NO,HIGH,Financial behaviour or transaction measured during/after the outcome period.,Financial behaviour or transaction measured during/after the outcome period.,https://microdata.worldbank.org/catalog/7900/variable/F1/V100?name=fh2a
101,fin30,Made a utility payment,FINANCIAL,FINANCIAL;POSSIBLE_LEAKAGE;EXCLUDED,0.0,NONE,EXCLUDE_POST_OUTCOME,NO,HIGH,Financial behaviour or transaction measured during/after the outcome period.,Financial behaviour or transaction measured during/after the outcome period.,EXCLUDE_POST_OUTCOME,NO,HIGH,Financial behaviour or transaction measured during/after the outcome period.,Financial behaviour or transaction measured during/after the outcome period.,https://microdata.worldbank.org/catalog/7900/variable/F1/V101?name=fin30
102,fin31a,Made a utility payment using a bank account,FINANCIAL,FINANCIAL;POSSIBLE_LEAKAGE;EXCLUDED,49.8573,MODERATE_25_TO_49,EXCLUDE_POST_OUTCOME,NO,HIGH,Financial behaviour or transaction measured during/after the outcome period.,Financial behaviour or transaction measured during/after the outcome period.,EXCLUDE_POST_OUTCOME,NO,HIGH,Financial behaviour or transaction measured during/after the outcome period.,Financial behaviour or transaction measured during/after the outcome period.,https://microdata.worldbank.org/catalog/7900/variable/F1/V102?name=fin31a
103,fin31b,Made a utility payment using a mobile phone,FINANCIAL,FINANCIAL;POSSIBLE_LEAKAGE;EXCLUDED,49.8573,MODERATE_25_TO_49,EXCLUDE_POST_OUTCOME,NO,HIGH,Financial behaviour or transaction measured during/after the outcome period.,Financial behaviour or transaction measured during/after the outcome period.,EXCLUDE_POST_OUTCOME,NO,HIGH,Financial behaviour or transaction measured during/after the outcome period.,Financial behaviour or transaction measured during/after the outcome period.,https://microdata.worldbank.org/catalog/7900/variable/F1/V103?name=fin31b
104,fin31c,Made a utility payment by handing cash to a bank agent or staff,FINANCIAL,FINANCIAL;HIGH_MISSING;POSSIBLE_LEAKAGE;EXCLUDED,95.1475,HIGH_75_PLUS,EXCLUDE_HIGH_MISSING,CONDITIONAL,HIGH,Financial behaviour or transaction measured during/after the outcome period.,95.15% structurally missing; insufficient standalone coverage.,EXCLUDE_HIGH_MISSING,CONDITIONAL,HIGH,Financial behaviour or transaction measured during/after the outcome period.,95.15% structurally missing; insufficient standalone coverage.,https://microdata.worldbank.org/catalog/7900/variable/F1/V104?name=fin31c
105,fin31d,Made utility payments exclusively in cash,FINANCIAL,FINANCIAL;HIGH_MISSING;POSSIBLE_LEAKAGE;EXCLUDED,91.627,HIGH_75_PLUS,EXCLUDE_HIGH_MISSING,CONDITIONAL,HIGH,Financial behaviour or transaction measured during/after the outcome period.,91.63% structurally missing; insufficient standalone coverage.,EXCLUDE_HIGH_MISSING,CONDITIONAL,HIGH,Financial behaviour or transaction measured during/after the outcome period.,91.63% structurally missing; insufficient standalone coverage.,https://microdata.worldbank.org/catalog/7900/variable/F1/V105?name=fin31d
106,fin32,Received a wage payment,FINANCIAL,FINANCIAL;POSSIBLE_LEAKAGE;EXCLUDED,0.0,NONE,EXCLUDE_POST_OUTCOME,NO,HIGH,Financial behaviour or transaction measured during/after the outcome period.,Financial behaviour or transaction measured during/after the outcome period.,EXCLUDE_POST_OUTCOME,NO,HIGH,Financial behaviour or transaction measured during/after the outcome period.,Financial behaviour or transaction measured during/after the outcome period.,https://microdata.worldbank.org/catalog/7900/variable/F1/V106?name=fin32
107,fin33,"Employed by the government, military, or public sector",FINANCIAL,FINANCIAL;HIGH_MISSING;POSSIBLE_LEAKAGE;EXCLUDED,64.6051,HIGH_50_TO_74,EXCLUDE_HIGH_MISSING,CONDITIONAL,HIGH,Financial behaviour or transaction measured during/after the outcome period.,64.61% structurally missing; insufficient standalone coverage.,EXCLUDE_HIGH_MISSING,CONDITIONAL,HIGH,Financial behaviour or transaction measured during/after the outcome period.,64.61% structurally missing; insufficient standalone coverage.,https://microdata.worldbank.org/catalog/7900/variable/F1/V107?name=fin33
108,fin34a,Received wage payment into a bank or similar institution account,FINANCIAL,FINANCIAL;HIGH_MISSING;POSSIBLE_LEAKAGE;EXCLUDED,64.6051,HIGH_50_TO_74,EXCLUDE_HIGH_MISSING,CONDITIONAL,HIGH,Financial behaviour or transaction measured during/after the outcome period.,64.61% structurally missing; insufficient standalone coverage.,EXCLUDE_HIGH_MISSING,CONDITIONAL,HIGH,Financial behaviour or transaction measured during/after the outcome period.,64.61% structurally missing; insufficient standalone coverage.,https://microdata.worldbank.org/catalog/7900/variable/F1/V108?name=fin34a
109,fin34b,Received a wage payment through a mobile phone,FINANCIAL,FINANCIAL;HIGH_MISSING;POSSIBLE_LEAKAGE;EXCLUDED,64.6051,HIGH_50_TO_74,EXCLUDE_HIGH_MISSING,CONDITIONAL,HIGH,Financial behaviour or transaction measured during/after the outcome period.,64.61% structurally missing; insufficient standalone coverage.,EXCLUDE_HIGH_MISSING,CONDITIONAL,HIGH,Financial behaviour or transaction measured during/after the outcome period.,64.61% structurally missing; insufficient standalone coverage.,https://microdata.worldbank.org/catalog/7900/variable/F1/V109?name=fin34b
110,fin34c,Received a wage payment in cash,FINANCIAL,FINANCIAL;HIGH_MISSING;POSSIBLE_LEAKAGE;EXCLUDED,91.1513,HIGH_75_PLUS,EXCLUDE_HIGH_MISSING,CONDITIONAL,HIGH,Financial behaviour or transaction measured during/after the outcome period.,91.15% structurally missing; insufficient standalone coverage.,EXCLUDE_HIGH_MISSING,CONDITIONAL,HIGH,Financial behaviour or transaction measured during/after the outcome period.,91.15% structurally missing; insufficient standalone coverage.,https://microdata.worldbank.org/catalog/7900/variable/F1/V110?name=fin34c
111,fin34d,Received a wage payment into a card,FINANCIAL,FINANCIAL;HIGH_MISSING;POSSIBLE_LEAKAGE;EXCLUDED,98.0019,HIGH_75_PLUS,EXCLUDE_HIGH_MISSING,CONDITIONAL,HIGH,Financial behaviour or transaction measured during/after the outcome period.,98.00% structurally missing; insufficient standalone coverage.,EXCLUDE_HIGH_MISSING,CONDITIONAL,HIGH,Financial behaviour or transaction measured during/after the outcome period.,98.00% structurally missing; insufficient standalone coverage.,https://microdata.worldbank.org/catalog/7900/variable/F1/V111?name=fin34d
112,fin35,Paid an unexpected fee to withdraw wages,FINANCIAL,FINANCIAL;HIGH_MISSING;POSSIBLE_LEAKAGE;EXCLUDED,73.1684,HIGH_50_TO_74,EXCLUDE_HIGH_MISSING,CONDITIONAL,HIGH,Financial behaviour or transaction measured during/after the outcome period.,73.17% structurally missing; insufficient standalone coverage.,EXCLUDE_HIGH_MISSING,CONDITIONAL,HIGH,Financial behaviour or transaction measured during/after the outcome period.,73.17% structurally missing; insufficient standalone coverage.,https://microdata.worldbank.org/catalog/7900/variable/F1/V112?name=fin35
113,fin36,Mode of wage withdrawal from account,FINANCIAL,FINANCIAL;HIGH_MISSING;POSSIBLE_LEAKAGE;EXCLUDED,73.1684,HIGH_50_TO_74,EXCLUDE_HIGH_MISSING,CONDITIONAL,HIGH,Financial behaviour or transaction measured during/after the outcome period.,73.17% structurally missing; insufficient standalone coverage.,EXCLUDE_HIGH_MISSING,CONDITIONAL,HIGH,Financial behaviour or transaction measured during/after the outcome period.,73.17% structurally missing; insufficient standalone coverage.,https://microdata.worldbank.org/catalog/7900/variable/F1/V113?name=fin36
114,fin36a,Person withdrawing wage from account,FINANCIAL,FINANCIAL;HIGH_MISSING;ALL_MISSING;LOW_VARIANCE;POSSIBLE_LEAKAGE;EXCLUDED,100.0,ALL_MISSING,EXCLUDE_ALL_MISSING,NO,HIGH,Financial behaviour or transaction measured during/after the outcome period.,No observed values in Eswatini; conceptual leakage risk is HIGH.,EXCLUDE_ALL_MISSING,NO,HIGH,Financial behaviour or transaction measured during/after the outcome period.,No observed values in Eswatini; conceptual leakage risk is HIGH.,https://microdata.worldbank.org/catalog/7900/variable/F1/V114?name=fin36a
115,fin37,Received financial support from the government,FINANCIAL,FINANCIAL;POSSIBLE_LEAKAGE;EXCLUDED,0.0,NONE,EXCLUDE_POST_OUTCOME,NO,HIGH,Financial behaviour or transaction measured during/after the outcome period.,Financial behaviour or transaction measured during/after the outcome period.,EXCLUDE_POST_OUTCOME,NO,HIGH,Financial behaviour or transaction measured during/after the outcome period.,Financial behaviour or transaction measured during/after the outcome period.,https://microdata.worldbank.org/catalog/7900/variable/F1/V115?name=fin37
116,fin38,Received a public sector pension,FINANCIAL,FINANCIAL;POSSIBLE_LEAKAGE;EXCLUDED,0.0,NONE,EXCLUDE_POST_OUTCOME,NO,HIGH,Financial behaviour or transaction measured during/after the outcome period.,Financial behaviour or transaction measured during/after the outcome period.,EXCLUDE_POST_OUTCOME,NO,HIGH,Financial behaviour or transaction measured during/after the outcome period.,Financial behaviour or transaction measured during/after the outcome period.,https://microdata.worldbank.org/catalog/7900/variable/F1/V116?name=fin38
117,fin39a,Received money from the government into a bank account,FINANCIAL,FINANCIAL;HIGH_MISSING;POSSIBLE_LEAKAGE;EXCLUDED,77.5452,HIGH_75_PLUS,EXCLUDE_HIGH_MISSING,CONDITIONAL,HIGH,Financial behaviour or transaction measured during/after the outcome period.,77.55% structurally missing; insufficient standalone coverage.,EXCLUDE_HIGH_MISSING,CONDITIONAL,HIGH,Financial behaviour or transaction measured during/after the outcome period.,77.55% structurally missing; insufficient standalone coverage.,https://microdata.worldbank.org/catalog/7900/variable/F1/V117?name=fin39a
118,fin39b,Received money from the government through a mobile phone,FINANCIAL,FINANCIAL;HIGH_MISSING;POSSIBLE_LEAKAGE;EXCLUDED,77.5452,HIGH_75_PLUS,EXCLUDE_HIGH_MISSING,CONDITIONAL,HIGH,Financial behaviour or transaction measured during/after the outcome period.,77.55% structurally missing; insufficient standalone coverage.,EXCLUDE_HIGH_MISSING,CONDITIONAL,HIGH,Financial behaviour or transaction measured during/after the outcome period.,77.55% structurally missing; insufficient standalone coverage.,https://microdata.worldbank.org/catalog/7900/variable/F1/V118?name=fin39b
119,fin39c,Received money from the government only in cash,FINANCIAL,FINANCIAL;HIGH_MISSING;POSSIBLE_LEAKAGE;EXCLUDED,90.0095,HIGH_75_PLUS,EXCLUDE_HIGH_MISSING,CONDITIONAL,HIGH,Financial behaviour or transaction measured during/after the outcome period.,90.01% structurally missing; insufficient standalone coverage.,EXCLUDE_HIGH_MISSING,CONDITIONAL,HIGH,Financial behaviour or transaction measured during/after the outcome period.,90.01% structurally missing; insufficient standalone coverage.,https://microdata.worldbank.org/catalog/7900/variable/F1/V119?name=fin39c
120,fin39d,Received money from the government into a card,FINANCIAL,FINANCIAL;HIGH_MISSING;POSSIBLE_LEAKAGE;EXCLUDED,91.0561,HIGH_75_PLUS,EXCLUDE_HIGH_MISSING,CONDITIONAL,HIGH,Financial behaviour or transaction measured during/after the outcome period.,91.06% structurally missing; insufficient standalone coverage.,EXCLUDE_HIGH_MISSING,CONDITIONAL,HIGH,Financial behaviour or transaction measured during/after the outcome period.,91.06% structurally missing; insufficient standalone coverage.,https://microdata.worldbank.org/catalog/7900/variable/F1/V120?name=fin39d
121,fin40,Mode of government money withdrawal from account,FINANCIAL,FINANCIAL;HIGH_MISSING;POSSIBLE_LEAKAGE;EXCLUDED,86.7745,HIGH_75_PLUS,EXCLUDE_HIGH_MISSING,CONDITIONAL,HIGH,Financial behaviour or transaction measured during/after the outcome period.,86.77% structurally missing; insufficient standalone coverage.,EXCLUDE_HIGH_MISSING,CONDITIONAL,HIGH,Financial behaviour or transaction measured during/after the outcome period.,86.77% structurally missing; insufficient standalone coverage.,https://microdata.worldbank.org/catalog/7900/variable/F1/V121?name=fin40
122,fin41,Paid an unexpected fee to withdraw government money from account,FINANCIAL,FINANCIAL;HIGH_MISSING;POSSIBLE_LEAKAGE;EXCLUDED,86.7745,HIGH_75_PLUS,EXCLUDE_HIGH_MISSING,CONDITIONAL,HIGH,Financial behaviour or transaction measured during/after the outcome period.,86.77% structurally missing; insufficient standalone coverage.,EXCLUDE_HIGH_MISSING,CONDITIONAL,HIGH,Financial behaviour or transaction measured during/after the outcome period.,86.77% structurally missing; insufficient standalone coverage.,https://microdata.worldbank.org/catalog/7900/variable/F1/V122?name=fin41
123,fin41a,Person withdrawing money from the government from account,FINANCIAL,FINANCIAL;HIGH_MISSING;ALL_MISSING;LOW_VARIANCE;POSSIBLE_LEAKAGE;EXCLUDED,100.0,ALL_MISSING,EXCLUDE_ALL_MISSING,NO,HIGH,Financial behaviour or transaction measured during/after the outcome period.,No observed values in Eswatini; conceptual leakage risk is HIGH.,EXCLUDE_ALL_MISSING,NO,HIGH,Financial behaviour or transaction measured during/after the outcome period.,No observed values in Eswatini; conceptual leakage risk is HIGH.,https://microdata.worldbank.org/catalog/7900/variable/F1/V123?name=fin41a
124,fin42,Received an agricultural payment,FINANCIAL,FINANCIAL;POSSIBLE_LEAKAGE;EXCLUDED,0.0,NONE,EXCLUDE_POST_OUTCOME,NO,HIGH,Financial behaviour or transaction measured during/after the outcome period.,Financial behaviour or transaction measured during/after the outcome period.,EXCLUDE_POST_OUTCOME,NO,HIGH,Financial behaviour or transaction measured during/after the outcome period.,Financial behaviour or transaction measured during/after the outcome period.,https://microdata.worldbank.org/catalog/7900/variable/F1/V124?name=fin42
125,fin43a,Received an agricultural payment into a bank account,FINANCIAL,FINANCIAL;HIGH_MISSING;POSSIBLE_LEAKAGE;EXCLUDED,85.7279,HIGH_75_PLUS,EXCLUDE_HIGH_MISSING,CONDITIONAL,HIGH,Financial behaviour or transaction measured during/after the outcome period.,85.73% structurally missing; insufficient standalone coverage.,EXCLUDE_HIGH_MISSING,CONDITIONAL,HIGH,Financial behaviour or transaction measured during/after the outcome period.,85.73% structurally missing; insufficient standalone coverage.,https://microdata.worldbank.org/catalog/7900/variable/F1/V125?name=fin43a
126,fin43b,Received an agricultural payment through a mobile phone,FINANCIAL,FINANCIAL;HIGH_MISSING;POSSIBLE_LEAKAGE;EXCLUDED,85.7279,HIGH_75_PLUS,EXCLUDE_HIGH_MISSING,CONDITIONAL,HIGH,Financial behaviour or transaction measured during/after the outcome period.,85.73% structurally missing; insufficient standalone coverage.,EXCLUDE_HIGH_MISSING,CONDITIONAL,HIGH,Financial behaviour or transaction measured during/after the outcome period.,85.73% structurally missing; insufficient standalone coverage.,https://microdata.worldbank.org/catalog/7900/variable/F1/V126?name=fin43b
127,fin43c,Received an agricultural payment only in cash,FINANCIAL,FINANCIAL;HIGH_MISSING;POSSIBLE_LEAKAGE;EXCLUDED,93.1494,HIGH_75_PLUS,EXCLUDE_HIGH_MISSING,CONDITIONAL,HIGH,Financial behaviour or transaction measured during/after the outcome period.,93.15% structurally missing; insufficient standalone coverage.,EXCLUDE_HIGH_MISSING,CONDITIONAL,HIGH,Financial behaviour or transaction measured during/after the outcome period.,93.15% structurally missing; insufficient standalone coverage.,https://microdata.worldbank.org/catalog/7900/variable/F1/V127?name=fin43c
128,fin43d,Received an agricultural payment into a card,FINANCIAL,FINANCIAL;HIGH_MISSING;POSSIBLE_LEAKAGE;EXCLUDED,96.6698,HIGH_75_PLUS,EXCLUDE_HIGH_MISSING,CONDITIONAL,HIGH,Financial behaviour or transaction measured during/after the outcome period.,96.67% structurally missing; insufficient standalone coverage.,EXCLUDE_HIGH_MISSING,CONDITIONAL,HIGH,Financial behaviour or transaction measured during/after the outcome period.,96.67% structurally missing; insufficient standalone coverage.,https://microdata.worldbank.org/catalog/7900/variable/F1/V128?name=fin43d
129,fin44,Use phone or internet to access weather or farming information,FINANCIAL,FINANCIAL;HIGH_MISSING;POSSIBLE_LEAKAGE;EXCLUDED,85.7279,HIGH_75_PLUS,EXCLUDE_HIGH_MISSING,CONDITIONAL,HIGH,Financial behaviour or transaction measured during/after the outcome period.,85.73% structurally missing; insufficient standalone coverage.,EXCLUDE_HIGH_MISSING,CONDITIONAL,HIGH,Financial behaviour or transaction measured during/after the outcome period.,85.73% structurally missing; insufficient standalone coverage.,https://microdata.worldbank.org/catalog/7900/variable/F1/V129?name=fin44
130,fin45,Greatest financial worry,FINANCIAL,FINANCIAL;POSSIBLE_LEAKAGE;EXCLUDED,0.0,NONE,EXCLUDE_POST_OUTCOME,NO,HIGH,Financial behaviour or transaction measured during/after the outcome period.,Financial behaviour or transaction measured during/after the outcome period.,EXCLUDE_POST_OUTCOME,NO,HIGH,Financial behaviour or transaction measured during/after the outcome period.,Financial behaviour or transaction measured during/after the outcome period.,https://microdata.worldbank.org/catalog/7900/variable/F1/V130?name=fin45
131,internet_use,Used the internet within the past three months,DIGITAL,DIGITAL;CONSTRUCTED;CANDIDATE_MODEL_1;CANDIDATE_MODEL_2,0.0,NONE,CANDIDATE_CORE,YES,LOW,Plausibly available as a profile characteristic before prediction.,Interpretable pre-outcome profile characteristic with usable coverage.,CANDIDATE_CORE,YES,LOW,Plausibly available as a profile characteristic before prediction.,Interpretable pre-outcome profile characteristic with usable coverage.,https://microdata.worldbank.org/catalog/7900/variable/F1/V131?name=internet_use
132,con1,Have a mobile phone,DIGITAL,DIGITAL;CANDIDATE_MODEL_1;CANDIDATE_MODEL_2,0.0,NONE,CANDIDATE_CORE,YES,LOW,Plausibly available as a profile characteristic before prediction.,Interpretable pre-outcome profile characteristic with usable coverage.,CANDIDATE_CORE,YES,LOW,Plausibly available as a profile characteristic before prediction.,Interpretable pre-outcome profile characteristic with usable coverage.,https://microdata.worldbank.org/catalog/7900/variable/F1/V132?name=con1
133,con2a,Reason for no phone: lack of money,DIGITAL,DIGITAL;HIGH_MISSING;EXCLUDED,88.7726,HIGH_75_PLUS,EXCLUDE_HIGH_MISSING,CONDITIONAL,LOW,Plausibly available as a profile characteristic before prediction.,88.77% structurally missing; insufficient standalone coverage.,EXCLUDE_HIGH_MISSING,CONDITIONAL,LOW,Plausibly available as a profile characteristic before prediction.,88.77% structurally missing; insufficient standalone coverage.,https://microdata.worldbank.org/catalog/7900/variable/F1/V133?name=con2a
134,con2b,Reason for no phone: mobile minutes are too expensive,DIGITAL,DIGITAL;HIGH_MISSING;EXCLUDED,88.7726,HIGH_75_PLUS,EXCLUDE_HIGH_MISSING,CONDITIONAL,LOW,Plausibly available as a profile characteristic before prediction.,88.77% structurally missing; insufficient standalone coverage.,EXCLUDE_HIGH_MISSING,CONDITIONAL,LOW,Plausibly available as a profile characteristic before prediction.,88.77% structurally missing; insufficient standalone coverage.,https://microdata.worldbank.org/catalog/7900/variable/F1/V134?name=con2b
135,con2c,Reason for no mobile phone: lack of reliable coverage,DIGITAL,DIGITAL;HIGH_MISSING;EXCLUDED,88.7726,HIGH_75_PLUS,EXCLUDE_HIGH_MISSING,CONDITIONAL,LOW,Plausibly available as a profile characteristic before prediction.,88.77% structurally missing; insufficient standalone coverage.,EXCLUDE_HIGH_MISSING,CONDITIONAL,LOW,Plausibly available as a profile characteristic before prediction.,88.77% structurally missing; insufficient standalone coverage.,https://microdata.worldbank.org/catalog/7900/variable/F1/V135?name=con2c
136,con2d,Reason for no mobile phone: difficulties reading or typing,DIGITAL,DIGITAL;HIGH_MISSING;EXCLUDED,88.7726,HIGH_75_PLUS,EXCLUDE_HIGH_MISSING,CONDITIONAL,LOW,Plausibly available as a profile characteristic before prediction.,88.77% structurally missing; insufficient standalone coverage.,EXCLUDE_HIGH_MISSING,CONDITIONAL,LOW,Plausibly available as a profile characteristic before prediction.,88.77% structurally missing; insufficient standalone coverage.,https://microdata.worldbank.org/catalog/7900/variable/F1/V136?name=con2d
137,con2e,Reason for no mobile phone: family or community disapproval,DIGITAL,DIGITAL;HIGH_MISSING;EXCLUDED,88.7726,HIGH_75_PLUS,EXCLUDE_HIGH_MISSING,CONDITIONAL,LOW,Plausibly available as a profile characteristic before prediction.,88.77% structurally missing; insufficient standalone coverage.,EXCLUDE_HIGH_MISSING,CONDITIONAL,LOW,Plausibly available as a profile characteristic before prediction.,88.77% structurally missing; insufficient standalone coverage.,https://microdata.worldbank.org/catalog/7900/variable/F1/V137?name=con2e
138,con2f,Reason for no mobile phone: worried about safety or security,DIGITAL,DIGITAL;HIGH_MISSING;EXCLUDED,88.7726,HIGH_75_PLUS,EXCLUDE_HIGH_MISSING,CONDITIONAL,LOW,Plausibly available as a profile characteristic before prediction.,88.77% structurally missing; insufficient standalone coverage.,EXCLUDE_HIGH_MISSING,CONDITIONAL,LOW,Plausibly available as a profile characteristic before prediction.,88.77% structurally missing; insufficient standalone coverage.,https://microdata.worldbank.org/catalog/7900/variable/F1/V138?name=con2f
139,con2g,Reason for no mobile phone: used someone else's mobile phone,DIGITAL,DIGITAL;HIGH_MISSING;EXCLUDED,88.7726,HIGH_75_PLUS,EXCLUDE_HIGH_MISSING,CONDITIONAL,LOW,Plausibly available as a profile characteristic before prediction.,88.77% structurally missing; insufficient standalone coverage.,EXCLUDE_HIGH_MISSING,CONDITIONAL,LOW,Plausibly available as a profile characteristic before prediction.,88.77% structurally missing; insufficient standalone coverage.,https://microdata.worldbank.org/catalog/7900/variable/F1/V139?name=con2g
140,con3,Main reason for not having a mobile phone,DIGITAL,DIGITAL;HIGH_MISSING;EXCLUDED,89.8192,HIGH_75_PLUS,EXCLUDE_HIGH_MISSING,CONDITIONAL,LOW,Plausibly available as a profile characteristic before prediction.,89.82% structurally missing; insufficient standalone coverage.,EXCLUDE_HIGH_MISSING,CONDITIONAL,LOW,Plausibly available as a profile characteristic before prediction.,89.82% structurally missing; insufficient standalone coverage.,https://microdata.worldbank.org/catalog/7900/variable/F1/V140?name=con3
141,con4,Used someone else's mobile phone,DIGITAL,DIGITAL;HIGH_MISSING;EXCLUDED,88.7726,HIGH_75_PLUS,EXCLUDE_HIGH_MISSING,CONDITIONAL,LOW,Plausibly available as a profile characteristic before prediction.,88.77% structurally missing; insufficient standalone coverage.,EXCLUDE_HIGH_MISSING,CONDITIONAL,LOW,Plausibly available as a profile characteristic before prediction.,88.77% structurally missing; insufficient standalone coverage.,https://microdata.worldbank.org/catalog/7900/variable/F1/V141?name=con4
142,con5,Type of phone used when using someone else's phone,DIGITAL,DIGITAL;HIGH_MISSING;EXCLUDED,94.6717,HIGH_75_PLUS,EXCLUDE_HIGH_MISSING,CONDITIONAL,LOW,Plausibly available as a profile characteristic before prediction.,94.67% structurally missing; insufficient standalone coverage.,EXCLUDE_HIGH_MISSING,CONDITIONAL,LOW,Plausibly available as a profile characteristic before prediction.,94.67% structurally missing; insufficient standalone coverage.,https://microdata.worldbank.org/catalog/7900/variable/F1/V142?name=con5
143,con6,Personal SIM card used in someone else's phone,DIGITAL,DIGITAL;HIGH_MISSING;EXCLUDED,94.6717,HIGH_75_PLUS,EXCLUDE_HIGH_MISSING,CONDITIONAL,LOW,Plausibly available as a profile characteristic before prediction.,94.67% structurally missing; insufficient standalone coverage.,EXCLUDE_HIGH_MISSING,CONDITIONAL,LOW,Plausibly available as a profile characteristic before prediction.,94.67% structurally missing; insufficient standalone coverage.,https://microdata.worldbank.org/catalog/7900/variable/F1/V143?name=con6
144,con7,Rules for using someone else's phone,DIGITAL,DIGITAL;HIGH_MISSING;EXCLUDED,94.6717,HIGH_75_PLUS,EXCLUDE_HIGH_MISSING,CONDITIONAL,LOW,Plausibly available as a profile characteristic before prediction.,94.67% structurally missing; insufficient standalone coverage.,EXCLUDE_HIGH_MISSING,CONDITIONAL,LOW,Plausibly available as a profile characteristic before prediction.,94.67% structurally missing; insufficient standalone coverage.,https://microdata.worldbank.org/catalog/7900/variable/F1/V144?name=con7
145,con8,Someone in the household owns a mobile phone,DIGITAL,DIGITAL;HIGH_MISSING;EXCLUDED,94.1009,HIGH_75_PLUS,EXCLUDE_HIGH_MISSING,CONDITIONAL,LOW,Plausibly available as a profile characteristic before prediction.,94.10% structurally missing; insufficient standalone coverage.,EXCLUDE_HIGH_MISSING,CONDITIONAL,LOW,Plausibly available as a profile characteristic before prediction.,94.10% structurally missing; insufficient standalone coverage.,https://microdata.worldbank.org/catalog/7900/variable/F1/V145?name=con8
146,con9,Type of phone,DIGITAL,DIGITAL;CANDIDATE_MODEL_1;CANDIDATE_MODEL_2,11.2274,LOW_UNDER_25,CANDIDATE_CONDITIONAL,CONDITIONAL,LOW,Plausibly available as a profile characteristic before prediction.,"Relevant pre-outcome characteristic, but routing, temporal overlap, or structural missingness requires Phase 3 handling.",CANDIDATE_CONDITIONAL,CONDITIONAL,LOW,Plausibly available as a profile characteristic before prediction.,"Relevant pre-outcome characteristic, but routing, temporal overlap, or structural missingness requires Phase 3 handling.",https://microdata.worldbank.org/catalog/7900/variable/F1/V146?name=con9
147,con10,Could use whatsapp on basic phone,DIGITAL,DIGITAL;HIGH_MISSING;EXCLUDED,67.4596,HIGH_50_TO_74,EXCLUDE_HIGH_MISSING,CONDITIONAL,LOW,Plausibly available as a profile characteristic before prediction.,67.46% structurally missing; insufficient standalone coverage.,EXCLUDE_HIGH_MISSING,CONDITIONAL,LOW,Plausibly available as a profile characteristic before prediction.,67.46% structurally missing; insufficient standalone coverage.,https://microdata.worldbank.org/catalog/7900/variable/F1/V147?name=con10
148,con11,SIM registered in own name,DIGITAL,DIGITAL;CANDIDATE_MODEL_1;CANDIDATE_MODEL_2,11.2274,LOW_UNDER_25,CANDIDATE_CONDITIONAL,CONDITIONAL,LOW,Plausibly available as a profile characteristic before prediction.,"Relevant pre-outcome characteristic, but routing, temporal overlap, or structural missingness requires Phase 3 handling.",CANDIDATE_CONDITIONAL,CONDITIONAL,LOW,Plausibly available as a profile characteristic before prediction.,"Relevant pre-outcome characteristic, but routing, temporal overlap, or structural missingness requires Phase 3 handling.",https://microdata.worldbank.org/catalog/7900/variable/F1/V148?name=con11
149,con12,Mobile phone use frequency,DIGITAL,DIGITAL;CANDIDATE_MODEL_1;CANDIDATE_MODEL_2,11.2274,LOW_UNDER_25,CANDIDATE_CONDITIONAL,CONDITIONAL,LOW,Plausibly available as a profile characteristic before prediction.,"Relevant pre-outcome characteristic, but routing, temporal overlap, or structural missingness requires Phase 3 handling.",CANDIDATE_CONDITIONAL,CONDITIONAL,LOW,Plausibly available as a profile characteristic before prediction.,"Relevant pre-outcome characteristic, but routing, temporal overlap, or structural missingness requires Phase 3 handling.",https://microdata.worldbank.org/catalog/7900/variable/F1/V149?name=con12
150,con13,Used a mobile phone in the past three months,DIGITAL,DIGITAL;HIGH_MISSING;EXCLUDED,98.5728,HIGH_75_PLUS,EXCLUDE_HIGH_MISSING,CONDITIONAL,LOW,Plausibly available as a profile characteristic before prediction.,98.57% structurally missing; insufficient standalone coverage.,EXCLUDE_HIGH_MISSING,CONDITIONAL,LOW,Plausibly available as a profile characteristic before prediction.,98.57% structurally missing; insufficient standalone coverage.,https://microdata.worldbank.org/catalog/7900/variable/F1/V150?name=con13
151,con14,Read a text message,DIGITAL,DIGITAL;CANDIDATE_MODEL_1;CANDIDATE_MODEL_2,11.2274,LOW_UNDER_25,CANDIDATE_CONDITIONAL,CONDITIONAL,LOW,Plausibly available as a profile characteristic before prediction.,"Relevant pre-outcome characteristic, but routing, temporal overlap, or structural missingness requires Phase 3 handling.",CANDIDATE_CONDITIONAL,CONDITIONAL,LOW,Plausibly available as a profile characteristic before prediction.,"Relevant pre-outcome characteristic, but routing, temporal overlap, or structural missingness requires Phase 3 handling.",https://microdata.worldbank.org/catalog/7900/variable/F1/V151?name=con14
152,con15,Can understand a text message with English letters,DIGITAL,DIGITAL;HIGH_MISSING;ALL_MISSING;LOW_VARIANCE;EXCLUDED,100.0,ALL_MISSING,EXCLUDE_ALL_MISSING,NO,LOW,Plausibly available as a profile characteristic before prediction.,No observed values in Eswatini; conceptual leakage risk is LOW.,EXCLUDE_ALL_MISSING,NO,LOW,Plausibly available as a profile characteristic before prediction.,No observed values in Eswatini; conceptual leakage risk is LOW.,https://microdata.worldbank.org/catalog/7900/variable/F1/V152?name=con15
153,con16,Sent a text message,DIGITAL,DIGITAL;CANDIDATE_MODEL_1;CANDIDATE_MODEL_2,22.3597,LOW_UNDER_25,CANDIDATE_CONDITIONAL,CONDITIONAL,LOW,Plausibly available as a profile characteristic before prediction.,"Relevant pre-outcome characteristic, but routing, temporal overlap, or structural missingness requires Phase 3 handling.",CANDIDATE_CONDITIONAL,CONDITIONAL,LOW,Plausibly available as a profile characteristic before prediction.,"Relevant pre-outcome characteristic, but routing, temporal overlap, or structural missingness requires Phase 3 handling.",https://microdata.worldbank.org/catalog/7900/variable/F1/V153?name=con16
154,con17,Preferred mode of government communication,DIGITAL,DIGITAL;EXCLUDED,11.2274,LOW_UNDER_25,EXCLUDE_CONCEPTUAL,CONDITIONAL,MODERATE,Contemporaneous preference or activity rather than stable pre-outcome access.,Contemporaneous preference or activity rather than stable pre-outcome access.,EXCLUDE_CONCEPTUAL,CONDITIONAL,MODERATE,Contemporaneous preference or activity rather than stable pre-outcome access.,Contemporaneous preference or activity rather than stable pre-outcome access.,https://microdata.worldbank.org/catalog/7900/variable/F1/V154?name=con17
155,con18,Have a PIN or password on mobile phone,DIGITAL,DIGITAL;CANDIDATE_MODEL_1;CANDIDATE_MODEL_2,11.2274,LOW_UNDER_25,CANDIDATE_CONDITIONAL,CONDITIONAL,LOW,Plausibly available as a profile characteristic before prediction.,"Relevant pre-outcome characteristic, but routing, temporal overlap, or structural missingness requires Phase 3 handling.",CANDIDATE_CONDITIONAL,CONDITIONAL,LOW,Plausibly available as a profile characteristic before prediction.,"Relevant pre-outcome characteristic, but routing, temporal overlap, or structural missingness requires Phase 3 handling.",https://microdata.worldbank.org/catalog/7900/variable/F1/V155?name=con18
156,con19,Can change PIN or password,DIGITAL,DIGITAL;HIGH_MISSING;EXCLUDED,50.2379,HIGH_50_TO_74,EXCLUDE_HIGH_MISSING,CONDITIONAL,LOW,Plausibly available as a profile characteristic before prediction.,50.24% structurally missing; insufficient standalone coverage.,EXCLUDE_HIGH_MISSING,CONDITIONAL,LOW,Plausibly available as a profile characteristic before prediction.,50.24% structurally missing; insufficient standalone coverage.,https://microdata.worldbank.org/catalog/7900/variable/F1/V156?name=con19
157,con20,Rules about using own phone,DIGITAL,DIGITAL;CANDIDATE_MODEL_1;CANDIDATE_MODEL_2,11.2274,LOW_UNDER_25,CANDIDATE_CONDITIONAL,CONDITIONAL,LOW,Plausibly available as a profile characteristic before prediction.,"Relevant pre-outcome characteristic, but routing, temporal overlap, or structural missingness requires Phase 3 handling.",CANDIDATE_CONDITIONAL,CONDITIONAL,LOW,Plausibly available as a profile characteristic before prediction.,"Relevant pre-outcome characteristic, but routing, temporal overlap, or structural missingness requires Phase 3 handling.",https://microdata.worldbank.org/catalog/7900/variable/F1/V157?name=con20
158,con21,Received scam text or call,DIGITAL,DIGITAL;EXCLUDED,11.2274,LOW_UNDER_25,EXCLUDE_POST_OUTCOME,NO,MODERATE,Post-access digital experience that may occur after adoption.,Post-access digital experience that may occur after adoption.,EXCLUDE_POST_OUTCOME,NO,MODERATE,Post-access digital experience that may occur after adoption.,Post-access digital experience that may occur after adoption.,https://microdata.worldbank.org/catalog/7900/variable/F1/V158?name=con21
159,con22,Sent money to scammer,DIGITAL,DIGITAL;HIGH_MISSING;EXCLUDED,72.3121,HIGH_50_TO_74,EXCLUDE_HIGH_MISSING,CONDITIONAL,MODERATE,Post-access digital experience that may occur after adoption.,72.31% structurally missing; insufficient standalone coverage.,EXCLUDE_HIGH_MISSING,CONDITIONAL,MODERATE,Post-access digital experience that may occur after adoption.,72.31% structurally missing; insufficient standalone coverage.,https://microdata.worldbank.org/catalog/7900/variable/F1/V159?name=con22
160,con23,Received unwanted or offensive messages,DIGITAL,DIGITAL;EXCLUDED,11.2274,LOW_UNDER_25,EXCLUDE_POST_OUTCOME,NO,MODERATE,Post-access digital experience that may occur after adoption.,Post-access digital experience that may occur after adoption.,EXCLUDE_POST_OUTCOME,NO,MODERATE,Post-access digital experience that may occur after adoption.,Post-access digital experience that may occur after adoption.,https://microdata.worldbank.org/catalog/7900/variable/F1/V160?name=con23
161,con24,Used the internet in the past 7 days,DIGITAL,DIGITAL;EXCLUDED,0.0,NONE,EXCLUDE_REDUNDANT,YES,LOW,Plausibly available as a profile characteristic before prediction.,Component/nested measure retained through the complete `internet_use` indicator instead.,EXCLUDE_REDUNDANT,YES,LOW,Plausibly available as a profile characteristic before prediction.,Component/nested measure retained through the complete `internet_use` indicator instead.,https://microdata.worldbank.org/catalog/7900/variable/F1/V161?name=con24
162,con25,Used the internet in the past 3 months,DIGITAL,DIGITAL;HIGH_MISSING;EXCLUDED,54.1389,HIGH_50_TO_74,EXCLUDE_REDUNDANT,YES,LOW,Plausibly available as a profile characteristic before prediction.,Component/nested measure retained through the complete `internet_use` indicator instead.,EXCLUDE_REDUNDANT,YES,LOW,Plausibly available as a profile characteristic before prediction.,Component/nested measure retained through the complete `internet_use` indicator instead.,https://microdata.worldbank.org/catalog/7900/variable/F1/V162?name=con25
163,con26,Frequency of internet use,DIGITAL,DIGITAL;CANDIDATE_MODEL_2,40.2474,MODERATE_25_TO_49,EXCLUDE_MODEL_SCOPE,CONDITIONAL,LOW,Plausibly available as a profile characteristic before prediction.,Reserved for the other model's distinct feature blueprint; not required for this model's initial scope.,CANDIDATE_CONDITIONAL,CONDITIONAL,LOW,Plausibly available as a profile characteristic before prediction.,"Relevant pre-outcome characteristic, but routing, temporal overlap, or structural missingness requires Phase 3 handling.",https://microdata.worldbank.org/catalog/7900/variable/F1/V163?name=con26
164,con27,Purchase a data package,DIGITAL,DIGITAL;CANDIDATE_MODEL_2,40.2474,MODERATE_25_TO_49,EXCLUDE_MODEL_SCOPE,CONDITIONAL,LOW,Plausibly available as a profile characteristic before prediction.,Reserved for the other model's distinct feature blueprint; not required for this model's initial scope.,CANDIDATE_CONDITIONAL,CONDITIONAL,LOW,Plausibly available as a profile characteristic before prediction.,"Relevant pre-outcome characteristic, but routing, temporal overlap, or structural missingness requires Phase 3 handling.",https://microdata.worldbank.org/catalog/7900/variable/F1/V164?name=con27
165,con28,Frequency of data package purchase,DIGITAL,DIGITAL;CANDIDATE_MODEL_2,47.6689,MODERATE_25_TO_49,EXCLUDE_MODEL_SCOPE,CONDITIONAL,LOW,Plausibly available as a profile characteristic before prediction.,Reserved for the other model's distinct feature blueprint; not required for this model's initial scope.,CANDIDATE_CONDITIONAL,CONDITIONAL,LOW,Plausibly available as a profile characteristic before prediction.,"Relevant pre-outcome characteristic, but routing, temporal overlap, or structural missingness requires Phase 3 handling.",https://microdata.worldbank.org/catalog/7900/variable/F1/V165?name=con28
166,con29,Connect to the internet only through free WiFi,DIGITAL,DIGITAL;HIGH_MISSING;EXCLUDED,92.5785,HIGH_75_PLUS,EXCLUDE_HIGH_MISSING,CONDITIONAL,LOW,Plausibly available as a profile characteristic before prediction.,92.58% structurally missing; insufficient standalone coverage.,EXCLUDE_HIGH_MISSING,CONDITIONAL,LOW,Plausibly available as a profile characteristic before prediction.,92.58% structurally missing; insufficient standalone coverage.,https://microdata.worldbank.org/catalog/7900/variable/F1/V166?name=con29
167,con30a,Sent a voice message from a mobile phone,DIGITAL,DIGITAL;CANDIDATE_MODEL_2,33.6822,MODERATE_25_TO_49,EXCLUDE_MODEL_SCOPE,CONDITIONAL,LOW,Plausibly available as a profile characteristic before prediction.,Reserved for the other model's distinct feature blueprint; not required for this model's initial scope.,CANDIDATE_CONDITIONAL,CONDITIONAL,MODERATE,Recent digital activity overlaps the mobile-money adoption period but is not the target.,"Relevant pre-outcome characteristic, but routing, temporal overlap, or structural missingness requires Phase 3 handling.",https://microdata.worldbank.org/catalog/7900/variable/F1/V167?name=con30a
168,con30b,Sent a photo from a mobile phone,DIGITAL,DIGITAL;CANDIDATE_MODEL_2,33.6822,MODERATE_25_TO_49,EXCLUDE_MODEL_SCOPE,CONDITIONAL,LOW,Plausibly available as a profile characteristic before prediction.,Reserved for the other model's distinct feature blueprint; not required for this model's initial scope.,CANDIDATE_CONDITIONAL,CONDITIONAL,MODERATE,Recent digital activity overlaps the mobile-money adoption period but is not the target.,"Relevant pre-outcome characteristic, but routing, temporal overlap, or structural missingness requires Phase 3 handling.",https://microdata.worldbank.org/catalog/7900/variable/F1/V168?name=con30b
169,con30c,Used social media on a mobile phone,DIGITAL,DIGITAL;CANDIDATE_MODEL_2,33.6822,MODERATE_25_TO_49,EXCLUDE_MODEL_SCOPE,CONDITIONAL,LOW,Plausibly available as a profile characteristic before prediction.,Reserved for the other model's distinct feature blueprint; not required for this model's initial scope.,CANDIDATE_CONDITIONAL,CONDITIONAL,MODERATE,Recent digital activity overlaps the mobile-money adoption period but is not the target.,"Relevant pre-outcome characteristic, but routing, temporal overlap, or structural missingness requires Phase 3 handling.",https://microdata.worldbank.org/catalog/7900/variable/F1/V169?name=con30c
170,con30d,Read about news or current events online,DIGITAL,DIGITAL;CANDIDATE_MODEL_2,33.6822,MODERATE_25_TO_49,EXCLUDE_MODEL_SCOPE,CONDITIONAL,LOW,Plausibly available as a profile characteristic before prediction.,Reserved for the other model's distinct feature blueprint; not required for this model's initial scope.,CANDIDATE_CONDITIONAL,CONDITIONAL,MODERATE,Recent digital activity overlaps the mobile-money adoption period but is not the target.,"Relevant pre-outcome characteristic, but routing, temporal overlap, or structural missingness requires Phase 3 handling.",https://microdata.worldbank.org/catalog/7900/variable/F1/V170?name=con30d
171,con30e,Accessed educational information online,DIGITAL,DIGITAL;CANDIDATE_MODEL_2,33.6822,MODERATE_25_TO_49,EXCLUDE_MODEL_SCOPE,CONDITIONAL,LOW,Plausibly available as a profile characteristic before prediction.,Reserved for the other model's distinct feature blueprint; not required for this model's initial scope.,CANDIDATE_CONDITIONAL,CONDITIONAL,MODERATE,Recent digital activity overlaps the mobile-money adoption period but is not the target.,"Relevant pre-outcome characteristic, but routing, temporal overlap, or structural missingness requires Phase 3 handling.",https://microdata.worldbank.org/catalog/7900/variable/F1/V171?name=con30e
172,con30f,Earned money online,DIGITAL,DIGITAL;EXCLUDED,33.6822,MODERATE_25_TO_49,EXCLUDE_CONCEPTUAL,CONDITIONAL,MODERATE,Contemporaneous preference or activity rather than stable pre-outcome access.,Contemporaneous preference or activity rather than stable pre-outcome access.,EXCLUDE_CONCEPTUAL,CONDITIONAL,MODERATE,Contemporaneous preference or activity rather than stable pre-outcome access.,Contemporaneous preference or activity rather than stable pre-outcome access.,https://microdata.worldbank.org/catalog/7900/variable/F1/V172?name=con30f
173,con30g,Accessed government services or searched for government information online,DIGITAL,DIGITAL;CANDIDATE_MODEL_2,33.6822,MODERATE_25_TO_49,EXCLUDE_MODEL_SCOPE,CONDITIONAL,LOW,Plausibly available as a profile characteristic before prediction.,Reserved for the other model's distinct feature blueprint; not required for this model's initial scope.,CANDIDATE_CONDITIONAL,CONDITIONAL,MODERATE,Recent digital activity overlaps the mobile-money adoption period but is not the target.,"Relevant pre-outcome characteristic, but routing, temporal overlap, or structural missingness requires Phase 3 handling.",https://microdata.worldbank.org/catalog/7900/variable/F1/V173?name=con30g
174,con30h,Searched or applied for a job online,DIGITAL,DIGITAL;CANDIDATE_MODEL_2,33.6822,MODERATE_25_TO_49,EXCLUDE_MODEL_SCOPE,CONDITIONAL,LOW,Plausibly available as a profile characteristic before prediction.,Reserved for the other model's distinct feature blueprint; not required for this model's initial scope.,CANDIDATE_CONDITIONAL,CONDITIONAL,MODERATE,Recent digital activity overlaps the mobile-money adoption period but is not the target.,"Relevant pre-outcome characteristic, but routing, temporal overlap, or structural missingness requires Phase 3 handling.",https://microdata.worldbank.org/catalog/7900/variable/F1/V174?name=con30h
175,con31a,Reason for no smartphone: not enough money,DIGITAL,DIGITAL;HIGH_MISSING;EXCLUDED,66.6032,HIGH_50_TO_74,EXCLUDE_HIGH_MISSING,CONDITIONAL,LOW,Plausibly available as a profile characteristic before prediction.,66.60% structurally missing; insufficient standalone coverage.,EXCLUDE_HIGH_MISSING,CONDITIONAL,LOW,Plausibly available as a profile characteristic before prediction.,66.60% structurally missing; insufficient standalone coverage.,https://microdata.worldbank.org/catalog/7900/variable/F1/V175?name=con31a
176,con31b,Reason for no smartphone: data plan is too expensive,DIGITAL,DIGITAL;HIGH_MISSING;EXCLUDED,66.6032,HIGH_50_TO_74,EXCLUDE_HIGH_MISSING,CONDITIONAL,LOW,Plausibly available as a profile characteristic before prediction.,66.60% structurally missing; insufficient standalone coverage.,EXCLUDE_HIGH_MISSING,CONDITIONAL,LOW,Plausibly available as a profile characteristic before prediction.,66.60% structurally missing; insufficient standalone coverage.,https://microdata.worldbank.org/catalog/7900/variable/F1/V176?name=con31b
177,con31c,Reason for no smartphone: no reliable coverage,DIGITAL,DIGITAL;HIGH_MISSING;EXCLUDED,66.6032,HIGH_50_TO_74,EXCLUDE_HIGH_MISSING,CONDITIONAL,LOW,Plausibly available as a profile characteristic before prediction.,66.60% structurally missing; insufficient standalone coverage.,EXCLUDE_HIGH_MISSING,CONDITIONAL,LOW,Plausibly available as a profile characteristic before prediction.,66.60% structurally missing; insufficient standalone coverage.,https://microdata.worldbank.org/catalog/7900/variable/F1/V177?name=con31c
178,con31d,Reason for no smartphone: difficulties reading or typing on a smartphone,DIGITAL,DIGITAL;HIGH_MISSING;EXCLUDED,66.6032,HIGH_50_TO_74,EXCLUDE_HIGH_MISSING,CONDITIONAL,LOW,Plausibly available as a profile characteristic before prediction.,66.60% structurally missing; insufficient standalone coverage.,EXCLUDE_HIGH_MISSING,CONDITIONAL,LOW,Plausibly available as a profile characteristic before prediction.,66.60% structurally missing; insufficient standalone coverage.,https://microdata.worldbank.org/catalog/7900/variable/F1/V178?name=con31d
179,con31e,Reason for no smartphone: family or community disapproval,DIGITAL,DIGITAL;HIGH_MISSING;EXCLUDED,66.6032,HIGH_50_TO_74,EXCLUDE_HIGH_MISSING,CONDITIONAL,LOW,Plausibly available as a profile characteristic before prediction.,66.60% structurally missing; insufficient standalone coverage.,EXCLUDE_HIGH_MISSING,CONDITIONAL,LOW,Plausibly available as a profile characteristic before prediction.,66.60% structurally missing; insufficient standalone coverage.,https://microdata.worldbank.org/catalog/7900/variable/F1/V179?name=con31e
180,con31f,Reason for no smartphone: worried about safety or security,DIGITAL,DIGITAL;HIGH_MISSING;EXCLUDED,66.6032,HIGH_50_TO_74,EXCLUDE_HIGH_MISSING,CONDITIONAL,LOW,Plausibly available as a profile characteristic before prediction.,66.60% structurally missing; insufficient standalone coverage.,EXCLUDE_HIGH_MISSING,CONDITIONAL,LOW,Plausibly available as a profile characteristic before prediction.,66.60% structurally missing; insufficient standalone coverage.,https://microdata.worldbank.org/catalog/7900/variable/F1/V180?name=con31f
181,con31g,Reason for no smartphone: use someone else's smartphone,DIGITAL,DIGITAL;HIGH_MISSING;EXCLUDED,66.6032,HIGH_50_TO_74,EXCLUDE_HIGH_MISSING,CONDITIONAL,LOW,Plausibly available as a profile characteristic before prediction.,66.60% structurally missing; insufficient standalone coverage.,EXCLUDE_HIGH_MISSING,CONDITIONAL,LOW,Plausibly available as a profile characteristic before prediction.,66.60% structurally missing; insufficient standalone coverage.,https://microdata.worldbank.org/catalog/7900/variable/F1/V181?name=con31g
182,con31h,Reason for no smartphone: no need,DIGITAL,DIGITAL;HIGH_MISSING;EXCLUDED,66.6032,HIGH_50_TO_74,EXCLUDE_HIGH_MISSING,CONDITIONAL,LOW,Plausibly available as a profile characteristic before prediction.,66.60% structurally missing; insufficient standalone coverage.,EXCLUDE_HIGH_MISSING,CONDITIONAL,LOW,Plausibly available as a profile characteristic before prediction.,66.60% structurally missing; insufficient standalone coverage.,https://microdata.worldbank.org/catalog/7900/variable/F1/V182?name=con31h
183,con32,Main reason for not having a smartphone,DIGITAL,DIGITAL;HIGH_MISSING;EXCLUDED,70.5994,HIGH_50_TO_74,EXCLUDE_HIGH_MISSING,CONDITIONAL,LOW,Plausibly available as a profile characteristic before prediction.,70.60% structurally missing; insufficient standalone coverage.,EXCLUDE_HIGH_MISSING,CONDITIONAL,LOW,Plausibly available as a profile characteristic before prediction.,70.60% structurally missing; insufficient standalone coverage.,https://microdata.worldbank.org/catalog/7900/variable/F1/V183?name=con32
184,fin46,ID ownership,IDENTITY,IDENTITY;CANDIDATE_MODEL_1;CANDIDATE_MODEL_2,0.0,NONE,CANDIDATE_CORE,YES,LOW,Plausibly available as a profile characteristic before prediction.,Interpretable pre-outcome profile characteristic with usable coverage.,CANDIDATE_CORE,YES,LOW,Plausibly available as a profile characteristic before prediction.,Interpretable pre-outcome profile characteristic with usable coverage.,https://microdata.worldbank.org/catalog/7900/variable/F1/V184?name=fin46
185,fin47,Foundational ID has been used without permission for illegal purposes,IDENTITY,IDENTITY;EXCLUDED,12.274,LOW_UNDER_25,EXCLUDE_POST_OUTCOME,NO,MODERATE,Post-access digital experience that may occur after adoption.,Post-access digital experience that may occur after adoption.,EXCLUDE_POST_OUTCOME,NO,MODERATE,Post-access digital experience that may occur after adoption.,Post-access digital experience that may occur after adoption.,https://microdata.worldbank.org/catalog/7900/variable/F1/V185?name=fin47
186,fin48a,Reason no ID: Have another ID,IDENTITY,IDENTITY;HIGH_MISSING;EXCLUDED,87.726,HIGH_75_PLUS,EXCLUDE_HIGH_MISSING,CONDITIONAL,LOW,Plausibly available as a profile characteristic before prediction.,87.73% structurally missing; insufficient standalone coverage.,EXCLUDE_HIGH_MISSING,CONDITIONAL,LOW,Plausibly available as a profile characteristic before prediction.,87.73% structurally missing; insufficient standalone coverage.,https://microdata.worldbank.org/catalog/7900/variable/F1/V186?name=fin48a
187,fin48b,Reason no ID: Do not need an ID,IDENTITY,IDENTITY;HIGH_MISSING;EXCLUDED,87.726,HIGH_75_PLUS,EXCLUDE_HIGH_MISSING,CONDITIONAL,LOW,Plausibly available as a profile characteristic before prediction.,87.73% structurally missing; insufficient standalone coverage.,EXCLUDE_HIGH_MISSING,CONDITIONAL,LOW,Plausibly available as a profile characteristic before prediction.,87.73% structurally missing; insufficient standalone coverage.,https://microdata.worldbank.org/catalog/7900/variable/F1/V187?name=fin48b
188,fin48c,Reason no ID: Too expensive,IDENTITY,IDENTITY;HIGH_MISSING;EXCLUDED,87.726,HIGH_75_PLUS,EXCLUDE_HIGH_MISSING,CONDITIONAL,LOW,Plausibly available as a profile characteristic before prediction.,87.73% structurally missing; insufficient standalone coverage.,EXCLUDE_HIGH_MISSING,CONDITIONAL,LOW,Plausibly available as a profile characteristic before prediction.,87.73% structurally missing; insufficient standalone coverage.,https://microdata.worldbank.org/catalog/7900/variable/F1/V188?name=fin48c
189,fin48d,Reason no ID: No documents,IDENTITY,IDENTITY;HIGH_MISSING;EXCLUDED,87.726,HIGH_75_PLUS,EXCLUDE_HIGH_MISSING,CONDITIONAL,LOW,Plausibly available as a profile characteristic before prediction.,87.73% structurally missing; insufficient standalone coverage.,EXCLUDE_HIGH_MISSING,CONDITIONAL,LOW,Plausibly available as a profile characteristic before prediction.,87.73% structurally missing; insufficient standalone coverage.,https://microdata.worldbank.org/catalog/7900/variable/F1/V189?name=fin48d
190,fin48e,Reason no ID: Travel too far,IDENTITY,IDENTITY;HIGH_MISSING;EXCLUDED,87.726,HIGH_75_PLUS,EXCLUDE_HIGH_MISSING,CONDITIONAL,LOW,Plausibly available as a profile characteristic before prediction.,87.73% structurally missing; insufficient standalone coverage.,EXCLUDE_HIGH_MISSING,CONDITIONAL,LOW,Plausibly available as a profile characteristic before prediction.,87.73% structurally missing; insufficient standalone coverage.,https://microdata.worldbank.org/catalog/7900/variable/F1/V190?name=fin48e
191,fin48f,Reason no ID: Uncomfortable sharing information,IDENTITY,IDENTITY;HIGH_MISSING;EXCLUDED,87.726,HIGH_75_PLUS,EXCLUDE_HIGH_MISSING,CONDITIONAL,LOW,Plausibly available as a profile characteristic before prediction.,87.73% structurally missing; insufficient standalone coverage.,EXCLUDE_HIGH_MISSING,CONDITIONAL,LOW,Plausibly available as a profile characteristic before prediction.,87.73% structurally missing; insufficient standalone coverage.,https://microdata.worldbank.org/catalog/7900/variable/F1/V191?name=fin48f
192,fin49a,Challenge: Receiving financial support from the government,IDENTITY,IDENTITY;HIGH_MISSING;EXCLUDED,87.726,HIGH_75_PLUS,EXCLUDE_HIGH_MISSING,CONDITIONAL,LOW,Plausibly available as a profile characteristic before prediction.,87.73% structurally missing; insufficient standalone coverage.,EXCLUDE_HIGH_MISSING,CONDITIONAL,LOW,Plausibly available as a profile characteristic before prediction.,87.73% structurally missing; insufficient standalone coverage.,https://microdata.worldbank.org/catalog/7900/variable/F1/V192?name=fin49a
193,fin49b,Challenge: Using financial services,IDENTITY,IDENTITY;HIGH_MISSING;EXCLUDED,87.726,HIGH_75_PLUS,EXCLUDE_HIGH_MISSING,CONDITIONAL,LOW,Plausibly available as a profile characteristic before prediction.,87.73% structurally missing; insufficient standalone coverage.,EXCLUDE_HIGH_MISSING,CONDITIONAL,LOW,Plausibly available as a profile characteristic before prediction.,87.73% structurally missing; insufficient standalone coverage.,https://microdata.worldbank.org/catalog/7900/variable/F1/V193?name=fin49b
194,fin49c,Challenge: Obtaining a SIM card,IDENTITY,IDENTITY;HIGH_MISSING;EXCLUDED,87.726,HIGH_75_PLUS,EXCLUDE_HIGH_MISSING,CONDITIONAL,LOW,Plausibly available as a profile characteristic before prediction.,87.73% structurally missing; insufficient standalone coverage.,EXCLUDE_HIGH_MISSING,CONDITIONAL,LOW,Plausibly available as a profile characteristic before prediction.,87.73% structurally missing; insufficient standalone coverage.,https://microdata.worldbank.org/catalog/7900/variable/F1/V194?name=fin49c
195,fin49d,Challenge: Participating in elections,IDENTITY,IDENTITY;HIGH_MISSING;EXCLUDED,87.726,HIGH_75_PLUS,EXCLUDE_HIGH_MISSING,CONDITIONAL,LOW,Plausibly available as a profile characteristic before prediction.,87.73% structurally missing; insufficient standalone coverage.,EXCLUDE_HIGH_MISSING,CONDITIONAL,LOW,Plausibly available as a profile characteristic before prediction.,87.73% structurally missing; insufficient standalone coverage.,https://microdata.worldbank.org/catalog/7900/variable/F1/V195?name=fin49d
196,fin49e,Challenge: Applying for a job,IDENTITY,IDENTITY;HIGH_MISSING;EXCLUDED,87.726,HIGH_75_PLUS,EXCLUDE_HIGH_MISSING,CONDITIONAL,LOW,Plausibly available as a profile characteristic before prediction.,87.73% structurally missing; insufficient standalone coverage.,EXCLUDE_HIGH_MISSING,CONDITIONAL,LOW,Plausibly available as a profile characteristic before prediction.,87.73% structurally missing; insufficient standalone coverage.,https://microdata.worldbank.org/catalog/7900/variable/F1/V196?name=fin49e
197,fin49f,Challenge: Receiving medical care,IDENTITY,IDENTITY;HIGH_MISSING;EXCLUDED,87.726,HIGH_75_PLUS,EXCLUDE_HIGH_MISSING,CONDITIONAL,LOW,Plausibly available as a profile characteristic before prediction.,87.73% structurally missing; insufficient standalone coverage.,EXCLUDE_HIGH_MISSING,CONDITIONAL,LOW,Plausibly available as a profile characteristic before prediction.,87.73% structurally missing; insufficient standalone coverage.,https://microdata.worldbank.org/catalog/7900/variable/F1/V197?name=fin49f
198,fin50,Online digital ID ownership,IDENTITY,IDENTITY;HIGH_MISSING;ALL_MISSING;LOW_VARIANCE;EXCLUDED,100.0,ALL_MISSING,EXCLUDE_ALL_MISSING,NO,LOW,Plausibly available as a profile characteristic before prediction.,No observed values in Eswatini; conceptual leakage risk is LOW.,EXCLUDE_ALL_MISSING,NO,LOW,Plausibly available as a profile characteristic before prediction.,No observed values in Eswatini; conceptual leakage risk is LOW.,https://microdata.worldbank.org/catalog/7900/variable/F1/V198?name=fin50
199,fin51,Online digital ID has been used on phone or computer to confirm identity online,IDENTITY,IDENTITY;HIGH_MISSING;ALL_MISSING;LOW_VARIANCE;EXCLUDED,100.0,ALL_MISSING,EXCLUDE_ALL_MISSING,NO,LOW,Plausibly available as a profile characteristic before prediction.,No observed values in Eswatini; conceptual leakage risk is LOW.,EXCLUDE_ALL_MISSING,NO,LOW,Plausibly available as a profile characteristic before prediction.,No observed values in Eswatini; conceptual leakage risk is LOW.,https://microdata.worldbank.org/catalog/7900/variable/F1/V199?name=fin51
